"train/epoch","confused-sweep-23 - _step","confused-sweep-23 - _step__MIN","confused-sweep-23 - _step__MAX","confused-sweep-23 - eval/prefs/uncertainty_median","confused-sweep-23 - eval/prefs/uncertainty_median__MIN","confused-sweep-23 - eval/prefs/uncertainty_median__MAX","confused-sweep-23 - eval/prefs/uncertainty_p10","confused-sweep-23 - eval/prefs/uncertainty_p10__MIN","confused-sweep-23 - eval/prefs/uncertainty_p10__MAX","confused-sweep-23 - eval/prefs/uncertainty_min","confused-sweep-23 - eval/prefs/uncertainty_min__MIN","confused-sweep-23 - eval/prefs/uncertainty_min__MAX","confused-sweep-23 - eval/prefs/uncertainty_p90","confused-sweep-23 - eval/prefs/uncertainty_p90__MIN","confused-sweep-23 - eval/prefs/uncertainty_p90__MAX","confused-sweep-23 - eval/prefs/uncertainty_max","confused-sweep-23 - eval/prefs/uncertainty_max__MIN","confused-sweep-23 - eval/prefs/uncertainty_max__MAX","polished-sweep-14 - _step","polished-sweep-14 - _step__MIN","polished-sweep-14 - _step__MAX","polished-sweep-14 - eval/prefs/uncertainty_median","polished-sweep-14 - eval/prefs/uncertainty_median__MIN","polished-sweep-14 - eval/prefs/uncertainty_median__MAX","polished-sweep-14 - eval/prefs/uncertainty_p10","polished-sweep-14 - eval/prefs/uncertainty_p10__MIN","polished-sweep-14 - eval/prefs/uncertainty_p10__MAX","polished-sweep-14 - eval/prefs/uncertainty_min","polished-sweep-14 - eval/prefs/uncertainty_min__MIN","polished-sweep-14 - eval/prefs/uncertainty_min__MAX","polished-sweep-14 - eval/prefs/uncertainty_p90","polished-sweep-14 - eval/prefs/uncertainty_p90__MIN","polished-sweep-14 - eval/prefs/uncertainty_p90__MAX","polished-sweep-14 - eval/prefs/uncertainty_max","polished-sweep-14 - eval/prefs/uncertainty_max__MIN","polished-sweep-14 - eval/prefs/uncertainty_max__MAX","20250525-165710-unequaled-lark-148 - _step","20250525-165710-unequaled-lark-148 - _step__MIN","20250525-165710-unequaled-lark-148 - _step__MAX","20250525-165710-unequaled-lark-148 - eval/prefs/uncertainty_median","20250525-165710-unequaled-lark-148 - eval/prefs/uncertainty_median__MIN","20250525-165710-unequaled-lark-148 - eval/prefs/uncertainty_median__MAX","20250525-165710-unequaled-lark-148 - eval/prefs/uncertainty_p10","20250525-165710-unequaled-lark-148 - eval/prefs/uncertainty_p10__MIN","20250525-165710-unequaled-lark-148 - eval/prefs/uncertainty_p10__MAX","20250525-165710-unequaled-lark-148 - eval/prefs/uncertainty_min","20250525-165710-unequaled-lark-148 - eval/prefs/uncertainty_min__MIN","20250525-165710-unequaled-lark-148 - eval/prefs/uncertainty_min__MAX","20250525-165710-unequaled-lark-148 - eval/prefs/uncertainty_p90","20250525-165710-unequaled-lark-148 - eval/prefs/uncertainty_p90__MIN","20250525-165710-unequaled-lark-148 - eval/prefs/uncertainty_p90__MAX","20250525-165710-unequaled-lark-148 - eval/prefs/uncertainty_max","20250525-165710-unequaled-lark-148 - eval/prefs/uncertainty_max__MIN","20250525-165710-unequaled-lark-148 - eval/prefs/uncertainty_max__MAX","20250525-165417-intelligent-colt-835 - _step","20250525-165417-intelligent-colt-835 - _step__MIN","20250525-165417-intelligent-colt-835 - _step__MAX","20250525-165417-intelligent-colt-835 - eval/prefs/uncertainty_median","20250525-165417-intelligent-colt-835 - eval/prefs/uncertainty_median__MIN","20250525-165417-intelligent-colt-835 - eval/prefs/uncertainty_median__MAX","20250525-165417-intelligent-colt-835 - eval/prefs/uncertainty_p10","20250525-165417-intelligent-colt-835 - eval/prefs/uncertainty_p10__MIN","20250525-165417-intelligent-colt-835 - eval/prefs/uncertainty_p10__MAX","20250525-165417-intelligent-colt-835 - eval/prefs/uncertainty_min","20250525-165417-intelligent-colt-835 - eval/prefs/uncertainty_min__MIN","20250525-165417-intelligent-colt-835 - eval/prefs/uncertainty_min__MAX","20250525-165417-intelligent-colt-835 - eval/prefs/uncertainty_p90","20250525-165417-intelligent-colt-835 - eval/prefs/uncertainty_p90__MIN","20250525-165417-intelligent-colt-835 - eval/prefs/uncertainty_p90__MAX","20250525-165417-intelligent-colt-835 - eval/prefs/uncertainty_max","20250525-165417-intelligent-colt-835 - eval/prefs/uncertainty_max__MIN","20250525-165417-intelligent-colt-835 - eval/prefs/uncertainty_max__MAX","stellar-cherry-61 - _step","stellar-cherry-61 - _step__MIN","stellar-cherry-61 - _step__MAX","stellar-cherry-61 - eval/prefs/uncertainty_median","stellar-cherry-61 - eval/prefs/uncertainty_median__MIN","stellar-cherry-61 - eval/prefs/uncertainty_median__MAX","stellar-cherry-61 - eval/prefs/uncertainty_p10","stellar-cherry-61 - eval/prefs/uncertainty_p10__MIN","stellar-cherry-61 - eval/prefs/uncertainty_p10__MAX","stellar-cherry-61 - eval/prefs/uncertainty_min","stellar-cherry-61 - eval/prefs/uncertainty_min__MIN","stellar-cherry-61 - eval/prefs/uncertainty_min__MAX","stellar-cherry-61 - eval/prefs/uncertainty_p90","stellar-cherry-61 - eval/prefs/uncertainty_p90__MIN","stellar-cherry-61 - eval/prefs/uncertainty_p90__MAX","stellar-cherry-61 - eval/prefs/uncertainty_max","stellar-cherry-61 - eval/prefs/uncertainty_max__MIN","stellar-cherry-61 - eval/prefs/uncertainty_max__MAX","morning-violet-3 - _step","morning-violet-3 - _step__MIN","morning-violet-3 - _step__MAX","morning-violet-3 - eval/prefs/uncertainty_median","morning-violet-3 - eval/prefs/uncertainty_median__MIN","morning-violet-3 - eval/prefs/uncertainty_median__MAX","morning-violet-3 - eval/prefs/uncertainty_p10","morning-violet-3 - eval/prefs/uncertainty_p10__MIN","morning-violet-3 - eval/prefs/uncertainty_p10__MAX","morning-violet-3 - eval/prefs/uncertainty_min","morning-violet-3 - eval/prefs/uncertainty_min__MIN","morning-violet-3 - eval/prefs/uncertainty_min__MAX","morning-violet-3 - eval/prefs/uncertainty_p90","morning-violet-3 - eval/prefs/uncertainty_p90__MIN","morning-violet-3 - eval/prefs/uncertainty_p90__MAX","morning-violet-3 - eval/prefs/uncertainty_max","morning-violet-3 - eval/prefs/uncertainty_max__MIN","morning-violet-3 - eval/prefs/uncertainty_max__MAX"
"0.017176228100309172","","","","","","","","","","","","","","","","","","","","","","","","","","","","","","","","","","","","","","","","","","","","","","","","","","","","","","","","","","","","","","","","","","","","","","","","","9","9","9","1","1","1","0.9999958872795105","0.9999958872795105","0.9999958872795105","0.00028973817825317383","0.00028973817825317383","0.00028973817825317383","1","1","1","1","1","1","7","7","7","0.8121150732040405","0.8121150732040405","0.8121150732040405","0.00001519918441772461","0.00001519918441772461","0.00001519918441772461","0","0","0","0.9970346689224243","0.9970346689224243","0.9970346689224243","0.9998770356178284","0.9998770356178284","0.9998770356178284"
"0.034352456200618345","","","","","","","","","","","","","","","","","","","","","","","","","","","","","","","","","","","","","","","","","","","","","","","","","","","","","","","","","","","","","","","","","","","","","","","","","16","16","16","1","1","1","0.9998317956924438","0.9998317956924438","0.9998317956924438","1.1920928955078125e-7","1.1920928955078125e-7","1.1920928955078125e-7","1","1","1","1","1","1","14","14","14","0.5227006077766418","0.5227006077766418","0.5227006077766418","0.000007510185241699219","0.000007510185241699219","0.000007510185241699219","0","0","0","0.9831563234329224","0.9831563234329224","0.9831563234329224","0.9987813830375671","0.9987813830375671","0.9987813830375671"
"0.04016477857878476","","","","","","","","","","","","","","","","","","","","","","","","","","","","","","","","","","","","","20","20","20","0.7295594215393066","0.7295594215393066","0.7295594215393066","0.3712134063243866","0.3712134063243866","0.3712134063243866","0.14079925417900085","0.14079925417900085","0.14079925417900085","0.9378728866577148","0.9378728866577148","0.9378728866577148","0.9947697520256042","0.9947697520256042","0.9947697520256042","","","","","","","","","","","","","","","","","","","","","","","","","","","","","","","","","","","","","","","","","","","","","","","","","","","","","",""
"0.04016994978756277","","","","","","","","","","","","","","","","","","","","","","","","","","","","","","","","","","","","","","","","","","","","","","","","","","","","","","","20","20","20","0.8522833585739136","0.8522833585739136","0.8522833585739136","0.3578745424747467","0.3578745424747467","0.3578745424747467","0.008826449513435364","0.008826449513435364","0.008826449513435364","0.9945201277732849","0.9945201277732849","0.9945201277732849","0.9999352693557739","0.9999352693557739","0.9999352693557739","","","","","","","","","","","","","","","","","","","","","","","","","","","","","","","","","","","",""
"0.05152868430092752","","","","","","","","","","","","","","","","","","","","","","","","","","","","","","","","","","","","","","","","","","","","","","","","","","","","","","","","","","","","","","","","","","","","","","","","","23","23","23","0.9999998807907104","0.9999998807907104","0.9999998807907104","0.9874647259712219","0.9874647259712219","0.9874647259712219","0","0","0","1","1","1","1","1","1","21","21","21","0.2988252341747284","0.2988252341747284","0.2988252341747284","0.0000022649765014648438","0.0000022649765014648438","0.0000022649765014648438","0","0","0","0.9593937397003174","0.9593937397003174","0.9593937397003174","0.9961792230606079","0.9961792230606079","0.9961792230606079"
"0.054945054945054944","102","102","102","0.7823033332824707","0.7823033332824707","0.7823033332824707","0.616995632648468","0.616995632648468","0.616995632648468","0.43546390533447266","0.43546390533447266","0.43546390533447266","0.895936131477356","0.895936131477356","0.895936131477356","0.9727229475975037","0.9727229475975037","0.9727229475975037","102","102","102","0.4720483124256134","0.4720483124256134","0.4720483124256134","0.3422744870185852","0.3422744870185852","0.3422744870185852","0.2437654435634613","0.2437654435634613","0.2437654435634613","0.6401218771934509","0.6401218771934509","0.6401218771934509","0.8854440450668335","0.8854440450668335","0.8854440450668335","","","","","","","","","","","","","","","","","","","","","","","","","","","","","","","","","","","","","","","","","","","","","","","","","","","","","","","","","","","","","","","","","","","","","","","",""
"0.06870491240123669","","","","","","","","","","","","","","","","","","","","","","","","","","","","","","","","","","","","","","","","","","","","","","","","","","","","","","","","","","","","","","","","","","","","","","","","","30","30","30","0.9999979734420776","0.9999979734420776","0.9999979734420776","0.4390701353549957","0.4390701353549957","0.4390701353549957","0","0","0","1","1","1","1","1","1","28","28","28","0.09937149286270142","0.09937149286270142","0.09937149286270142","1.1920928955078125e-7","1.1920928955078125e-7","1.1920928955078125e-7","0","0","0","0.9282069206237793","0.9282069206237793","0.9282069206237793","0.9847167134284973","0.9847167134284973","0.9847167134284973"
"0.08032955715756952","","","","","","","","","","","","","","","","","","","","","","","","","","","","","","","","","","","","","42","42","42","0.7179334759712219","0.7179334759712219","0.7179334759712219","0.3365723490715027","0.3365723490715027","0.3365723490715027","0.11138910055160522","0.11138910055160522","0.11138910055160522","0.9330120086669922","0.9330120086669922","0.9330120086669922","0.991529107093811","0.991529107093811","0.991529107093811","","","","","","","","","","","","","","","","","","","","","","","","","","","","","","","","","","","","","","","","","","","","","","","","","","","","","",""
"0.08033989957512554","","","","","","","","","","","","","","","","","","","","","","","","","","","","","","","","","","","","","","","","","","","","","","","","","","","","","","","42","42","42","0.7714259624481201","0.7714259624481201","0.7714259624481201","0.12126815319061279","0.12126815319061279","0.12126815319061279","0.0012028217315673828","0.0012028217315673828","0.0012028217315673828","0.9892762899398804","0.9892762899398804","0.9892762899398804","0.9994911551475525","0.9994911551475525","0.9994911551475525","","","","","","","","","","","","","","","","","","","","","","","","","","","","","","","","","","","",""
"0.08588114050154586","","","","","","","","","","","","","","","","","","","","","","","","","","","","","","","","","","","","","","","","","","","","","","","","","","","","","","","","","","","","","","","","","","","","","","","","","37","37","37","0.9999956488609314","0.9999956488609314","0.9999956488609314","0.4738582968711853","0.4738582968711853","0.4738582968711853","0","0","0","1","1","1","1","1","1","35","35","35","0.0903174877166748","0.0903174877166748","0.0903174877166748","2.384185791015625e-7","2.384185791015625e-7","2.384185791015625e-7","0","0","0","0.903071403503418","0.903071403503418","0.903071403503418","0.9808545112609863","0.9808545112609863","0.9808545112609863"
"0.10305736860185503","","","","","","","","","","","","","","","","","","","","","","","","","","","","","","","","","","","","","","","","","","","","","","","","","","","","","","","","","","","","","","","","","","","","","","","","","44","44","44","0.999994158744812","0.999994158744812","0.999994158744812","0.18715134263038635","0.18715134263038635","0.18715134263038635","0","0","0","0.9999999403953552","0.9999999403953552","0.9999999403953552","1","1","1","42","42","42","0.09008949995040894","0.09008949995040894","0.09008949995040894","2.384185791015625e-7","2.384185791015625e-7","2.384185791015625e-7","0","0","0","0.8799824714660645","0.8799824714660645","0.8799824714660645","0.9654355049133301","0.9654355049133301","0.9654355049133301"
"0.10989010989010989","205","205","205","0.6535351872444153","0.6535351872444153","0.6535351872444153","0.5119919776916504","0.5119919776916504","0.5119919776916504","0.33451932668685913","0.33451932668685913","0.33451932668685913","0.7947044968605042","0.7947044968605042","0.7947044968605042","0.9501646757125854","0.9501646757125854","0.9501646757125854","205","205","205","0.3952769637107849","0.3952769637107849","0.3952769637107849","0.294140487909317","0.294140487909317","0.294140487909317","0.2127588987350464","0.2127588987350464","0.2127588987350464","0.5339300632476807","0.5339300632476807","0.5339300632476807","0.7653562426567078","0.7653562426567078","0.7653562426567078","","","","","","","","","","","","","","","","","","","","","","","","","","","","","","","","","","","","","","","","","","","","","","","","","","","","","","","","","","","","","","","","","","","","","","","",""
"0.1202335967021642","","","","","","","","","","","","","","","","","","","","","","","","","","","","","","","","","","","","","","","","","","","","","","","","","","","","","","","","","","","","","","","","","","","","","","","","","51","51","51","0.999956488609314","0.999956488609314","0.999956488609314","0.04562336206436157","0.04562336206436157","0.04562336206436157","0","0","0","0.9999998211860657","0.9999998211860657","0.9999998211860657","1","1","1","49","49","49","0.04466724395751953","0.04466724395751953","0.04466724395751953","1.0967299601816194e-7","1.0967299601816194e-7","1.0967299601816194e-7","0","0","0","0.8408600687980652","0.8408600687980652","0.8408600687980652","0.9634537100791931","0.9634537100791931","0.9634537100791931"
"0.12049433573635428","","","","","","","","","","","","","","","","","","","","","","","","","","","","","","","","","","","","","63","63","63","0.7056859135627747","0.7056859135627747","0.7056859135627747","0.3364109992980957","0.3364109992980957","0.3364109992980957","0.11376991868019104","0.11376991868019104","0.11376991868019104","0.9338663816452026","0.9338663816452026","0.9338663816452026","0.9978901743888855","0.9978901743888855","0.9978901743888855","","","","","","","","","","","","","","","","","","","","","","","","","","","","","","","","","","","","","","","","","","","","","","","","","","","","","",""
"0.1205098493626883","","","","","","","","","","","","","","","","","","","","","","","","","","","","","","","","","","","","","","","","","","","","","","","","","","","","","","","63","63","63","0.811471164226532","0.811471164226532","0.811471164226532","0.28665581345558167","0.28665581345558167","0.28665581345558167","0.0013478398323059082","0.0013478398323059082","0.0013478398323059082","0.9848900437355042","0.9848900437355042","0.9848900437355042","0.9996842741966248","0.9996842741966248","0.9996842741966248","","","","","","","","","","","","","","","","","","","","","","","","","","","","","","","","","","","",""
"0.13740982480247338","","","","","","","","","","","","","","","","","","","","","","","","","","","","","","","","","","","","","","","","","","","","","","","","","","","","","","","","","","","","","","","","","","","","","","","","","58","58","58","0.9999008178710938","0.9999008178710938","0.9999008178710938","0.02849462628364563","0.02849462628364563","0.02849462628364563","0","0","0","0.9999992251396179","0.9999992251396179","0.9999992251396179","1","1","1","56","56","56","0.050257742404937744","0.050257742404937744","0.050257742404937744","1.1920928955078125e-7","1.1920928955078125e-7","1.1920928955078125e-7","0","0","0","0.8252405524253845","0.8252405524253845","0.8252405524253845","0.9549674987792969","0.9549674987792969","0.9549674987792969"
"0.15458605290278254","","","","","","","","","","","","","","","","","","","","","","","","","","","","","","","","","","","","","","","","","","","","","","","","","","","","","","","","","","","","","","","","","","","","","","","","","65","65","65","0.9994651079177856","0.9994651079177856","0.9994651079177856","0.003886658698320389","0.003886658698320389","0.003886658698320389","0","0","0","0.9999979734420776","0.9999979734420776","0.9999979734420776","1","1","1","63","63","63","0.018469631671905518","0.018469631671905518","0.018469631671905518","1.3695087286436092e-9","1.3695087286436092e-9","1.3695087286436092e-9","0","0","0","0.7894235849380493","0.7894235849380493","0.7894235849380493","0.9484891891479492","0.9484891891479492","0.9484891891479492"
"0.16065911431513905","","","","","","","","","","","","","","","","","","","","","","","","","","","","","","","","","","","","","85","85","85","0.6729152202606201","0.6729152202606201","0.6729152202606201","0.33478131890296936","0.33478131890296936","0.33478131890296936","0.12377545237541199","0.12377545237541199","0.12377545237541199","0.9291118383407593","0.9291118383407593","0.9291118383407593","0.9904493093490601","0.9904493093490601","0.9904493093490601","","","","","","","","","","","","","","","","","","","","","","","","","","","","","","","","","","","","","","","","","","","","","","","","","","","","","",""
"0.16067979915025107","","","","","","","","","","","","","","","","","","","","","","","","","","","","","","","","","","","","","","","","","","","","","","","","","","","","","","","85","85","85","0.7650632858276367","0.7650632858276367","0.7650632858276367","0.1446327567100525","0.1446327567100525","0.1446327567100525","0.0024160146713256836","0.0024160146713256836","0.0024160146713256836","0.9764019250869751","0.9764019250869751","0.9764019250869751","0.9983572959899902","0.9983572959899902","0.9983572959899902","","","","","","","","","","","","","","","","","","","","","","","","","","","","","","","","","","","",""
"0.16483516483516483","308","308","308","0.6093582510948181","0.6093582510948181","0.6093582510948181","0.4708162546157837","0.4708162546157837","0.4708162546157837","0.32038506865501404","0.32038506865501404","0.32038506865501404","0.7514169216156006","0.7514169216156006","0.7514169216156006","0.9172430634498596","0.9172430634498596","0.9172430634498596","308","308","308","0.3626919388771057","0.3626919388771057","0.3626919388771057","0.27037978172302246","0.27037978172302246","0.27037978172302246","0.1897398680448532","0.1897398680448532","0.1897398680448532","0.49557673931121826","0.49557673931121826","0.49557673931121826","0.7260879278182983","0.7260879278182983","0.7260879278182983","","","","","","","","","","","","","","","","","","","","","","","","","","","","","","","","","","","","","","","","","","","","","","","","","","","","","","","","","","","","","","","","","","","","","","","",""
"0.1717622810030917","","","","","","","","","","","","","","","","","","","","","","","","","","","","","","","","","","","","","","","","","","","","","","","","","","","","","","","","","","","","","","","","","","","","","","","","","72","72","72","0.9989103078842163","0.9989103078842163","0.9989103078842163","0.0007071495056152344","0.0007071495056152344","0.0007071495056152344","0","0","0","0.9999961256980896","0.9999961256980896","0.9999961256980896","1","1","1","70","70","70","0.014601252973079681","0.014601252973079681","0.014601252973079681","0","0","0","0","0","0","0.7535085082054138","0.7535085082054138","0.7535085082054138","0.9401819109916687","0.9401819109916687","0.9401819109916687"
"0.1889385091034009","","","","","","","","","","","","","","","","","","","","","","","","","","","","","","","","","","","","","","","","","","","","","","","","","","","","","","","","","","","","","","","","","","","","","","","","","79","79","79","0.9988958835601807","0.9988958835601807","0.9988958835601807","0.002905935049057007","0.002905935049057007","0.002905935049057007","0","0","0","0.999993622303009","0.999993622303009","0.999993622303009","0.9999999403953552","0.9999999403953552","0.9999999403953552","77","77","77","0.024499118328094482","0.024499118328094482","0.024499118328094482","1.1920928955078125e-7","1.1920928955078125e-7","1.1920928955078125e-7","0","0","0","0.7443387508392334","0.7443387508392334","0.7443387508392334","0.918656587600708","0.918656587600708","0.918656587600708"
"0.2008238928939238","","","","","","","","","","","","","","","","","","","","","","","","","","","","","","","","","","","","","106","106","106","0.6793748140335083","0.6793748140335083","0.6793748140335083","0.32758790254592896","0.32758790254592896","0.32758790254592896","0.10569262504577637","0.10569262504577637","0.10569262504577637","0.9196478724479675","0.9196478724479675","0.9196478724479675","0.9930012226104736","0.9930012226104736","0.9930012226104736","","","","","","","","","","","","","","","","","","","","","","","","","","","","","","","","","","","","","","","","","","","","","","","","","","","","","",""
"0.20084974893781382","","","","","","","","","","","","","","","","","","","","","","","","","","","","","","","","","","","","","","","","","","","","","","","","","","","","","","","106","106","106","0.7054290175437927","0.7054290175437927","0.7054290175437927","0.11835697293281555","0.11835697293281555","0.11835697293281555","0.0006406903266906738","0.0006406903266906738","0.0006406903266906738","0.9747061133384705","0.9747061133384705","0.9747061133384705","0.9993366599082947","0.9993366599082947","0.9993366599082947","","","","","","","","","","","","","","","","","","","","","","","","","","","","","","","","","","","",""
"0.20611473720371007","","","","","","","","","","","","","","","","","","","","","","","","","","","","","","","","","","","","","","","","","","","","","","","","","","","","","","","","","","","","","","","","","","","","","","","","","86","86","86","0.9921248555183411","0.9921248555183411","0.9921248555183411","0.000019446633814368397","0.000019446633814368397","0.000019446633814368397","0","0","0","0.9999852180480957","0.9999852180480957","0.9999852180480957","0.9999999403953552","0.9999999403953552","0.9999999403953552","84","84","84","0.006075263023376465","0.006075263023376465","0.006075263023376465","0","0","0","0","0","0","0.7084976434707642","0.7084976434707642","0.7084976434707642","0.891922116279602","0.891922116279602","0.891922116279602"
"0.21978021978021978","411","411","411","0.580547034740448","0.580547034740448","0.580547034740448","0.437663733959198","0.437663733959198","0.437663733959198","0.31152963638305664","0.31152963638305664","0.31152963638305664","0.7249244451522827","0.7249244451522827","0.7249244451522827","0.9014831185340881","0.9014831185340881","0.9014831185340881","411","411","411","0.3432421386241913","0.3432421386241913","0.3432421386241913","0.2519584596157074","0.2519584596157074","0.2519584596157074","0.17257535457611084","0.17257535457611084","0.17257535457611084","0.4703884720802307","0.4703884720802307","0.4703884720802307","0.6997649669647217","0.6997649669647217","0.6997649669647217","","","","","","","","","","","","","","","","","","","","","","","","","","","","","","","","","","","","","","","","","","","","","","","","","","","","","","","","","","","","","","","","","","","","","","","",""
"0.22329096530401923","","","","","","","","","","","","","","","","","","","","","","","","","","","","","","","","","","","","","","","","","","","","","","","","","","","","","","","","","","","","","","","","","","","","","","","","","93","93","93","0.9953500628471375","0.9953500628471375","0.9953500628471375","0.00015425682067871094","0.00015425682067871094","0.00015425682067871094","0","0","0","0.9999844431877136","0.9999844431877136","0.9999844431877136","0.9999998807907104","0.9999998807907104","0.9999998807907104","91","91","91","0.01033860445022583","0.01033860445022583","0.01033860445022583","0","0","0","0","0","0","0.7100532054901123","0.7100532054901123","0.7100532054901123","0.8835386633872986","0.8835386633872986","0.8835386633872986"
"0.2404671934043284","","","","","","","","","","","","","","","","","","","","","","","","","","","","","","","","","","","","","","","","","","","","","","","","","","","","","","","","","","","","","","","","","","","","","","","","","100","100","100","0.9919083714485168","0.9919083714485168","0.9919083714485168","0.00004279613494873047","0.00004279613494873047","0.00004279613494873047","0","0","0","0.9999746084213257","0.9999746084213257","0.9999746084213257","0.9999996423721313","0.9999996423721313","0.9999996423721313","98","98","98","0.005753194913268089","0.005753194913268089","0.005753194913268089","0","0","0","0","0","0","0.6745997071266174","0.6745997071266174","0.6745997071266174","0.881098747253418","0.881098747253418","0.881098747253418"
"0.24098867147270855","","","","","","","","","","","","","","","","","","","","","","","","","","","","","","","","","","","","","128","128","128","0.6315276622772217","0.6315276622772217","0.6315276622772217","0.2961011826992035","0.2961011826992035","0.2961011826992035","0.11345541477203369","0.11345541477203369","0.11345541477203369","0.9133675694465637","0.9133675694465637","0.9133675694465637","0.9860115051269531","0.9860115051269531","0.9860115051269531","","","","","","","","","","","","","","","","","","","","","","","","","","","","","","","","","","","","","","","","","","","","","","","","","","","","","",""
"0.2410196987253766","","","","","","","","","","","","","","","","","","","","","","","","","","","","","","","","","","","","","","","","","","","","","","","","","","","","","","","128","128","128","0.7534185647964478","0.7534185647964478","0.7534185647964478","0.15921828150749207","0.15921828150749207","0.15921828150749207","0.005623817443847656","0.005623817443847656","0.005623817443847656","0.9802870750427246","0.9802870750427246","0.9802870750427246","0.9996447563171387","0.9996447563171387","0.9996447563171387","","","","","","","","","","","","","","","","","","","","","","","","","","","","","","","","","","","",""
"0.2576434215046376","","","","","","","","","","","","","","","","","","","","","","","","","","","","","","","","","","","","","","","","","","","","","","","","","","","","","","","","","","","","","","","","","","","","","","","","","107","107","107","0.9900774955749512","0.9900774955749512","0.9900774955749512","0.00013118982315063477","0.00013118982315063477","0.00013118982315063477","0","0","0","0.9999578595161438","0.9999578595161438","0.9999578595161438","0.9999995231628418","0.9999995231628418","0.9999995231628418","105","105","105","0.0093615697696805","0.0093615697696805","0.0093615697696805","0","0","0","0","0","0","0.6533551216125488","0.6533551216125488","0.6533551216125488","0.8847748637199402","0.8847748637199402","0.8847748637199402"
"0.27472527472527475","514","514","514","0.5525585412979126","0.5525585412979126","0.5525585412979126","0.4176851511001587","0.4176851511001587","0.4176851511001587","0.2936626076698303","0.2936626076698303","0.2936626076698303","0.7007935047149658","0.7007935047149658","0.7007935047149658","0.9055532813072205","0.9055532813072205","0.9055532813072205","514","514","514","0.32578209042549133","0.32578209042549133","0.32578209042549133","0.2370324283838272","0.2370324283838272","0.2370324283838272","0.1457560658454895","0.1457560658454895","0.1457560658454895","0.4540024399757385","0.4540024399757385","0.4540024399757385","0.6790153384208679","0.6790153384208679","0.6790153384208679","","","","","","","","","","","","","","","","","","","","","","","","","","","","","","","","","","","","","","","","","","","","","","","","","","","","","","","","","","","","","","","","","","","","","","","",""
"0.27481964960494676","","","","","","","","","","","","","","","","","","","","","","","","","","","","","","","","","","","","","","","","","","","","","","","","","","","","","","","","","","","","","","","","","","","","","","","","","114","114","114","0.9926636815071106","0.9926636815071106","0.9926636815071106","0.00023293495178222656","0.00023293495178222656","0.00023293495178222656","0","0","0","0.999947190284729","0.999947190284729","0.999947190284729","0.9999992251396179","0.9999992251396179","0.9999992251396179","112","112","112","0.014444677159190178","0.014444677159190178","0.014444677159190178","2.0736856676251136e-10","2.0736856676251136e-10","2.0736856676251136e-10","0","0","0","0.6596423387527466","0.6596423387527466","0.6596423387527466","0.8773177266120911","0.8773177266120911","0.8773177266120911"
"0.2811534500514933","","","","","","","","","","","","","","","","","","","","","","","","","","","","","","","","","","","","","149","149","149","0.6381369829177856","0.6381369829177856","0.6381369829177856","0.2906830310821533","0.2906830310821533","0.2906830310821533","0.11116713285446167","0.11116713285446167","0.11116713285446167","0.8980710506439209","0.8980710506439209","0.8980710506439209","0.9937731027603149","0.9937731027603149","0.9937731027603149","","","","","","","","","","","","","","","","","","","","","","","","","","","","","","","","","","","","","","","","","","","","","","","","","","","","","",""
"0.28118964851293937","","","","","","","","","","","","","","","","","","","","","","","","","","","","","","","","","","","","","","","","","","","","","","","","","","","","","","","149","149","149","0.6732025742530823","0.6732025742530823","0.6732025742530823","0.04373696446418762","0.04373696446418762","0.04373696446418762","0.000583350658416748","0.000583350658416748","0.000583350658416748","0.9763196706771851","0.9763196706771851","0.9763196706771851","0.9988613128662109","0.9988613128662109","0.9988613128662109","","","","","","","","","","","","","","","","","","","","","","","","","","","","","","","","","","","",""
"0.2919958777052559","","","","","","","","","","","","","","","","","","","","","","","","","","","","","","","","","","","","","","","","","","","","","","","","","","","","","","","","","","","","","","","","","","","","","","","","","121","121","121","0.9872027635574341","0.9872027635574341","0.9872027635574341","0.00007069110870361328","0.00007069110870361328","0.00007069110870361328","0","0","0","0.9999082088470459","0.9999082088470459","0.9999082088470459","0.9999989867210388","0.9999989867210388","0.9999989867210388","119","119","119","0.012245554476976395","0.012245554476976395","0.012245554476976395","0","0","0","0","0","0","0.6298494338989258","0.6298494338989258","0.6298494338989258","0.8690470457077026","0.8690470457077026","0.8690470457077026"
"0.3091721058055651","","","","","","","","","","","","","","","","","","","","","","","","","","","","","","","","","","","","","","","","","","","","","","","","","","","","","","","","","","","","","","","","","","","","","","","","","128","128","128","0.9877674579620361","0.9877674579620361","0.9877674579620361","0.0002924203872680664","0.0002924203872680664","0.0002924203872680664","0","0","0","0.9998947381973267","0.9998947381973267","0.9998947381973267","0.9999977946281433","0.9999977946281433","0.9999977946281433","126","126","126","0.017595887184143066","0.017595887184143066","0.017595887184143066","7.032946447438349e-11","7.032946447438349e-11","7.032946447438349e-11","0","0","0","0.6284447312355042","0.6284447312355042","0.6284447312355042","0.8061857223510742","0.8061857223510742","0.8061857223510742"
"0.3213182286302781","","","","","","","","","","","","","","","","","","","","","","","","","","","","","","","","","","","","","171","171","171","0.6112130880355835","0.6112130880355835","0.6112130880355835","0.2813693881034851","0.2813693881034851","0.2813693881034851","0.09081608057022095","0.09081608057022095","0.09081608057022095","0.9103411436080933","0.9103411436080933","0.9103411436080933","0.9927451014518738","0.9927451014518738","0.9927451014518738","","","","","","","","","","","","","","","","","","","","","","","","","","","","","","","","","","","","","","","","","","","","","","","","","","","","","",""
"0.32135959830050215","","","","","","","","","","","","","","","","","","","","","","","","","","","","","","","","","","","","","","","","","","","","","","","","","","","","","","","171","171","171","0.671505331993103","0.671505331993103","0.671505331993103","0.0473356768488884","0.0473356768488884","0.0473356768488884","0.00035375356674194336","0.00035375356674194336","0.00035375356674194336","0.9717193245887756","0.9717193245887756","0.9717193245887756","0.9989162683486938","0.9989162683486938","0.9989162683486938","","","","","","","","","","","","","","","","","","","","","","","","","","","","","","","","","","","",""
"0.32634833390587425","","","","","","","","","","","","","","","","","","","","","","","","","","","","","","","","","","","","","","","","","","","","","","","","","","","","","","","","","","","","","","","","","","","","","","","","","135","135","135","0.9753161072731018","0.9753161072731018","0.9753161072731018","0.00001537799835205078","0.00001537799835205078","0.00001537799835205078","0","0","0","0.99983811378479","0.99983811378479","0.99983811378479","0.9999980330467224","0.9999980330467224","0.9999980330467224","133","133","133","0.00938334222882986","0.00938334222882986","0.00938334222882986","0","0","0","0","0","0","0.5966931581497192","0.5966931581497192","0.5966931581497192","0.8276070356369019","0.8276070356369019","0.8276070356369019"
"0.32967032967032966","617","617","617","0.5372904539108276","0.5372904539108276","0.5372904539108276","0.4029408097267151","0.4029408097267151","0.4029408097267151","0.2552003264427185","0.2552003264427185","0.2552003264427185","0.6899741888046265","0.6899741888046265","0.6899741888046265","0.8973918557167053","0.8973918557167053","0.8973918557167053","617","617","617","0.3187382221221924","0.3187382221221924","0.3187382221221924","0.226974755525589","0.226974755525589","0.226974755525589","0.1533910632133484","0.1533910632133484","0.1533910632133484","0.4460834860801697","0.4460834860801697","0.4460834860801697","0.6502828001976013","0.6502828001976013","0.6502828001976013","","","","","","","","","","","","","","","","","","","","","","","","","","","","","","","","","","","","","","","","","","","","","","","","","","","","","","","","","","","","","","","","","","","","","","","",""
"0.3435245620061834","","","","","","","","","","","","","","","","","","","","","","","","","","","","","","","","","","","","","","","","","","","","","","","","","","","","","","","","","","","","","","","","","","","","","","","","","142","142","142","0.955427348613739","0.955427348613739","0.955427348613739","0.0000035762786865234375","0.0000035762786865234375","0.0000035762786865234375","0","0","0","0.9997981190681458","0.9997981190681458","0.9997981190681458","0.9999973177909851","0.9999973177909851","0.9999973177909851","140","140","140","0.004921138286590576","0.004921138286590576","0.004921138286590576","0","0","0","0","0","0","0.5695842504501343","0.5695842504501343","0.5695842504501343","0.7962964773178101","0.7962964773178101","0.7962964773178101"
"0.36070079010649264","","","","","","","","","","","","","","","","","","","","","","","","","","","","","","","","","","","","","","","","","","","","","","","","","","","","","","","","","","","","","","","","","","","","","","","","","149","149","149","0.9786570072174072","0.9786570072174072","0.9786570072174072","0.00007331371307373047","0.00007331371307373047","0.00007331371307373047","0","0","0","0.9998254776000977","0.9998254776000977","0.9998254776000977","0.9999969601631165","0.9999969601631165","0.9999969601631165","147","147","147","0.016208529472351074","0.016208529472351074","0.016208529472351074","0","0","0","0","0","0","0.5859671831130981","0.5859671831130981","0.5859671831130981","0.778846800327301","0.778846800327301","0.778846800327301"
"0.36148300720906285","","","","","","","","","","","","","","","","","","","","","","","","","","","","","","","","","","","","","192","192","192","0.5847926735877991","0.5847926735877991","0.5847926735877991","0.2610825300216675","0.2610825300216675","0.2610825300216675","0.14099031686782837","0.14099031686782837","0.14099031686782837","0.9114919900894165","0.9114919900894165","0.9114919900894165","0.9890663623809814","0.9890663623809814","0.9890663623809814","","","","","","","","","","","","","","","","","","","","","","","","","","","","","","","","","","","","","","","","","","","","","","","","","","","","","",""
"0.36152954808806487","","","","","","","","","","","","","","","","","","","","","","","","","","","","","","","","","","","","","","","","","","","","","","","","","","","","","","","192","192","192","0.7559331059455872","0.7559331059455872","0.7559331059455872","0.16787660121917725","0.16787660121917725","0.16787660121917725","0","0","0","0.9809060096740723","0.9809060096740723","0.9809060096740723","0.998123049736023","0.998123049736023","0.998123049736023","","","","","","","","","","","","","","","","","","","","","","","","","","","","","","","","","","","",""
"0.3778770182068018","","","","","","","","","","","","","","","","","","","","","","","","","","","","","","","","","","","","","","","","","","","","","","","","","","","","","","","","","","","","","","","","","","","","","","","","","156","156","156","0.9587650299072266","0.9587650299072266","0.9587650299072266","0.000020977917301934212","0.000020977917301934212","0.000020977917301934212","0","0","0","0.999754786491394","0.999754786491394","0.999754786491394","0.9999950528144836","0.9999950528144836","0.9999950528144836","154","154","154","0.01104348711669445","0.01104348711669445","0.01104348711669445","0","0","0","0","0","0","0.5796573162078857","0.5796573162078857","0.5796573162078857","0.8058459758758545","0.8058459758758545","0.8058459758758545"
"0.38461538461538464","720","720","720","0.5267460346221924","0.5267460346221924","0.5267460346221924","0.3902782201766968","0.3902782201766968","0.3902782201766968","0.2489963173866272","0.2489963173866272","0.2489963173866272","0.6739547252655029","0.6739547252655029","0.6739547252655029","0.8821694254875183","0.8821694254875183","0.8821694254875183","720","720","720","0.3093026578426361","0.3093026578426361","0.3093026578426361","0.21652638912200928","0.21652638912200928","0.21652638912200928","0.11820429563522339","0.11820429563522339","0.11820429563522339","0.43164515495300293","0.43164515495300293","0.43164515495300293","0.6510064601898193","0.6510064601898193","0.6510064601898193","","","","","","","","","","","","","","","","","","","","","","","","","","","","","","","","","","","","","","","","","","","","","","","","","","","","","","","","","","","","","","","","","","","","","","","",""
"0.395053246307111","","","","","","","","","","","","","","","","","","","","","","","","","","","","","","","","","","","","","","","","","","","","","","","","","","","","","","","","","","","","","","","","","","","","","","","","","163","163","163","0.942863404750824","0.942863404750824","0.942863404750824","0.000010788440704345703","0.000010788440704345703","0.000010788440704345703","0","0","0","0.9997042417526245","0.9997042417526245","0.9997042417526245","0.9999916553497314","0.9999916553497314","0.9999916553497314","161","161","161","0.007180722896009684","0.007180722896009684","0.007180722896009684","0","0","0","0","0","0","0.565285325050354","0.565285325050354","0.565285325050354","0.7639491558074951","0.7639491558074951","0.7639491558074951"
"0.4016477857878476","","","","","","","","","","","","","","","","","","","","","","","","","","","","","","","","","","","","","214","214","214","0.5914804935455322","0.5914804935455322","0.5914804935455322","0.26954546570777893","0.26954546570777893","0.26954546570777893","0.09336698055267334","0.09336698055267334","0.09336698055267334","0.8940743207931519","0.8940743207931519","0.8940743207931519","0.9938855171203613","0.9938855171203613","0.9938855171203613","","","","","","","","","","","","","","","","","","","","","","","","","","","","","","","","","","","","","","","","","","","","","","","","","","","","","",""
"0.40169949787562764","","","","","","","","","","","","","","","","","","","","","","","","","","","","","","","","","","","","","","","","","","","","","","","","","","","","","","","214","214","214","0.6198891401290894","0.6198891401290894","0.6198891401290894","0.04564887285232544","0.04564887285232544","0.04564887285232544","0","0","0","0.964032769203186","0.964032769203186","0.964032769203186","0.996859610080719","0.996859610080719","0.996859610080719","","","","","","","","","","","","","","","","","","","","","","","","","","","","","","","","","","","",""
"0.41222947440742014","","","","","","","","","","","","","","","","","","","","","","","","","","","","","","","","","","","","","","","","","","","","","","","","","","","","","","","","","","","","","","","","","","","","","","","","","170","170","170","0.9611071944236755","0.9611071944236755","0.9611071944236755","0.00010460615158081055","0.00010460615158081055","0.00010460615158081055","0","0","0","0.9996449947357178","0.9996449947357178","0.9996449947357178","0.9999971985816956","0.9999971985816956","0.9999971985816956","168","168","168","0.010441389866173267","0.010441389866173267","0.010441389866173267","3.686561811377942e-8","3.686561811377942e-8","3.686561811377942e-8","0","0","0","0.5610539317131042","0.5610539317131042","0.5610539317131042","0.8185040950775146","0.8185040950775146","0.8185040950775146"
"0.4294057025077293","","","","","","","","","","","","","","","","","","","","","","","","","","","","","","","","","","","","","","","","","","","","","","","","","","","","","","","","","","","","","","","","","","","","","","","","","177","177","177","0.9241854548454285","0.9241854548454285","0.9241854548454285","0.000017702579498291016","0.000017702579498291016","0.000017702579498291016","0","0","0","0.9996051788330078","0.9996051788330078","0.9996051788330078","0.9999955296516418","0.9999955296516418","0.9999955296516418","175","175","175","0.0074746012687683105","0.0074746012687683105","0.0074746012687683105","0","0","0","0","0","0","0.5655032396316528","0.5655032396316528","0.5655032396316528","0.809882402420044","0.809882402420044","0.809882402420044"
"0.43956043956043955","823","823","823","0.5111234188079834","0.5111234188079834","0.5111234188079834","0.37165337800979614","0.37165337800979614","0.37165337800979614","0.22894394397735596","0.22894394397735596","0.22894394397735596","0.6667149066925049","0.6667149066925049","0.6667149066925049","0.8783760666847229","0.8783760666847229","0.8783760666847229","823","823","823","0.2999468147754669","0.2999468147754669","0.2999468147754669","0.21094167232513428","0.21094167232513428","0.21094167232513428","0.1172407865524292","0.1172407865524292","0.1172407865524292","0.42513442039489746","0.42513442039489746","0.42513442039489746","0.6454435586929321","0.6454435586929321","0.6454435586929321","","","","","","","","","","","","","","","","","","","","","","","","","","","","","","","","","","","","","","","","","","","","","","","","","","","","","","","","","","","","","","","","","","","","","","","",""
"0.44181256436663235","","","","","","","","","","","","","","","","","","","","","","","","","","","","","","","","","","","","","235","235","235","0.5864536762237549","0.5864536762237549","0.5864536762237549","0.2835700809955597","0.2835700809955597","0.2835700809955597","0.10100579261779785","0.10100579261779785","0.10100579261779785","0.9103334546089172","0.9103334546089172","0.9103334546089172","0.9913527369499207","0.9913527369499207","0.9913527369499207","","","","","","","","","","","","","","","","","","","","","","","","","","","","","","","","","","","","","","","","","","","","","","","","","","","","","",""
"0.4418694476631904","","","","","","","","","","","","","","","","","","","","","","","","","","","","","","","","","","","","","","","","","","","","","","","","","","","","","","","235","235","235","0.6630897521972656","0.6630897521972656","0.6630897521972656","0.03880108892917633","0.03880108892917633","0.03880108892917633","0","0","0","0.9679275751113892","0.9679275751113892","0.9679275751113892","0.9964382648468018","0.9964382648468018","0.9964382648468018","","","","","","","","","","","","","","","","","","","","","","","","","","","","","","","","","","","",""
"0.44658193060803847","","","","","","","","","","","","","","","","","","","","","","","","","","","","","","","","","","","","","","","","","","","","","","","","","","","","","","","","","","","","","","","","","","","","","","","","","184","184","184","0.9146984815597534","0.9146984815597534","0.9146984815597534","0.0000045299530029296875","0.0000045299530029296875","0.0000045299530029296875","0","0","0","0.9995207786560059","0.9995207786560059","0.9995207786560059","0.9999879002571106","0.9999879002571106","0.9999879002571106","182","182","182","0.007052719593048096","0.007052719593048096","0.007052719593048096","0","0","0","0","0","0","0.5471451878547668","0.5471451878547668","0.5471451878547668","0.76213538646698","0.76213538646698","0.76213538646698"
"0.46375815870834763","","","","","","","","","","","","","","","","","","","","","","","","","","","","","","","","","","","","","","","","","","","","","","","","","","","","","","","","","","","","","","","","","","","","","","","","","191","191","191","0.8464930057525635","0.8464930057525635","0.8464930057525635","0.0000016093254089355469","0.0000016093254089355469","0.0000016093254089355469","0","0","0","0.9993902444839478","0.9993902444839478","0.9993902444839478","0.9999927878379822","0.9999927878379822","0.9999927878379822","189","189","189","0.0036728675477206707","0.0036728675477206707","0.0036728675477206707","0","0","0","0","0","0","0.5460003614425659","0.5460003614425659","0.5460003614425659","0.7893514633178711","0.7893514633178711","0.7893514633178711"
"0.4809343868086568","","","","","","","","","","","","","","","","","","","","","","","","","","","","","","","","","","","","","","","","","","","","","","","","","","","","","","","","","","","","","","","","","","","","","","","","","198","198","198","0.7813262939453125","0.7813262939453125","0.7813262939453125","7.152557373046875e-7","7.152557373046875e-7","7.152557373046875e-7","0","0","0","0.9992029666900635","0.9992029666900635","0.9992029666900635","0.9999956488609314","0.9999956488609314","0.9999956488609314","196","196","196","0.0035726428031921387","0.0035726428031921387","0.0035726428031921387","0","0","0","0","0","0","0.513893723487854","0.513893723487854","0.513893723487854","0.8130434155464172","0.8130434155464172","0.8130434155464172"
"0.4819773429454171","","","","","","","","","","","","","","","","","","","","","","","","","","","","","","","","","","","","","257","257","257","0.5612081289291382","0.5612081289291382","0.5612081289291382","0.26601117849349976","0.26601117849349976","0.26601117849349976","0.09774249792098999","0.09774249792098999","0.09774249792098999","0.894092321395874","0.894092321395874","0.894092321395874","0.9907966256141663","0.9907966256141663","0.9907966256141663","","","","","","","","","","","","","","","","","","","","","","","","","","","","","","","","","","","","","","","","","","","","","","","","","","","","","",""
"0.4820393974507532","","","","","","","","","","","","","","","","","","","","","","","","","","","","","","","","","","","","","","","","","","","","","","","","","","","","","","","257","257","257","0.6781361699104309","0.6781361699104309","0.6781361699104309","0.05747543275356293","0.05747543275356293","0.05747543275356293","0","0","0","0.9623740911483765","0.9623740911483765","0.9623740911483765","0.9982581734657288","0.9982581734657288","0.9982581734657288","","","","","","","","","","","","","","","","","","","","","","","","","","","","","","","","","","","",""
"0.4945054945054945","926","926","926","0.49968916177749634","0.49968916177749634","0.49968916177749634","0.359253466129303","0.359253466129303","0.359253466129303","0.2191392183303833","0.2191392183303833","0.2191392183303833","0.6491254568099976","0.6491254568099976","0.6491254568099976","0.8615938425064087","0.8615938425064087","0.8615938425064087","926","926","926","0.2919156849384308","0.2919156849384308","0.2919156849384308","0.20359259843826294","0.20359259843826294","0.20359259843826294","0.1172294020652771","0.1172294020652771","0.1172294020652771","0.4181341528892517","0.4181341528892517","0.4181341528892517","0.629645586013794","0.629645586013794","0.629645586013794","","","","","","","","","","","","","","","","","","","","","","","","","","","","","","","","","","","","","","","","","","","","","","","","","","","","","","","","","","","","","","","","","","","","","","","",""
"0.49811061490896597","","","","","","","","","","","","","","","","","","","","","","","","","","","","","","","","","","","","","","","","","","","","","","","","","","","","","","","","","","","","","","","","","","","","","","","","","205","205","205","0.9125654697418213","0.9125654697418213","0.9125654697418213","0.00003141164779663086","0.00003141164779663086","0.00003141164779663086","0","0","0","0.999328076839447","0.999328076839447","0.999328076839447","0.9999867677688599","0.9999867677688599","0.9999867677688599","203","203","203","0.008619427680969238","0.008619427680969238","0.008619427680969238","0","0","0","0","0","0","0.533297061920166","0.533297061920166","0.533297061920166","0.7613163590431213","0.7613163590431213","0.7613163590431213"
"0.5152868430092752","","","","","","","","","","","","","","","","","","","","","","","","","","","","","","","","","","","","","","","","","","","","","","","","","","","","","","","","","","","","","","","","","","","","","","","","","212","212","212","0.8732050657272339","0.8732050657272339","0.8732050657272339","0.0000016215344658121467","0.0000016215344658121467","0.0000016215344658121467","0","0","0","0.9991046190261841","0.9991046190261841","0.9991046190261841","0.9999879598617554","0.9999879598617554","0.9999879598617554","210","210","210","0.006181001663208008","0.006181001663208008","0.006181001663208008","0","0","0","0","0","0","0.5122979879379272","0.5122979879379272","0.5122979879379272","0.7431105375289917","0.7431105375289917","0.7431105375289917"
"0.5221421215242018","","","","","","","","","","","","","","","","","","","","","","","","","","","","","","","","","","","","","278","278","278","0.5696572065353394","0.5696572065353394","0.5696572065353394","0.24566861987113953","0.24566861987113953","0.24566861987113953","0.057392776012420654","0.057392776012420654","0.057392776012420654","0.8749425411224365","0.8749425411224365","0.8749425411224365","0.9857451319694519","0.9857451319694519","0.9857451319694519","","","","","","","","","","","","","","","","","","","","","","","","","","","","","","","","","","","","","","","","","","","","","","","","","","","","","",""
"0.5222093472383159","","","","","","","","","","","","","","","","","","","","","","","","","","","","","","","","","","","","","","","","","","","","","","","","","","","","","","","278","278","278","0.6490944027900696","0.6490944027900696","0.6490944027900696","0.06741651892662048","0.06741651892662048","0.06741651892662048","0","0","0","0.971160888671875","0.971160888671875","0.971160888671875","0.9978076815605164","0.9978076815605164","0.9978076815605164","","","","","","","","","","","","","","","","","","","","","","","","","","","","","","","","","","","",""
"0.5324630711095844","","","","","","","","","","","","","","","","","","","","","","","","","","","","","","","","","","","","","","","","","","","","","","","","","","","","","","","","","","","","","","","","","","","","","","","","","219","219","219","0.8608661890029907","0.8608661890029907","0.8608661890029907","0.0000025389947495568777","0.0000025389947495568777","0.0000025389947495568777","0","0","0","0.9990180730819702","0.9990180730819702","0.9990180730819702","0.9999811053276062","0.9999811053276062","0.9999811053276062","217","217","217","0.005380451679229736","0.005380451679229736","0.005380451679229736","0","0","0","0","0","0","0.5139496326446533","0.5139496326446533","0.5139496326446533","0.741554319858551","0.741554319858551","0.741554319858551"
"0.5494505494505495","1029","1029","1029","0.4879416525363922","0.4879416525363922","0.4879416525363922","0.3520820736885071","0.3520820736885071","0.3520820736885071","0.21018975973129272","0.21018975973129272","0.21018975973129272","0.6387020349502563","0.6387020349502563","0.6387020349502563","0.8537889719009399","0.8537889719009399","0.8537889719009399","1029","1029","1029","0.28614115715026855","0.28614115715026855","0.28614115715026855","0.20145025849342346","0.20145025849342346","0.20145025849342346","0.12649661302566528","0.12649661302566528","0.12649661302566528","0.40715551376342773","0.40715551376342773","0.40715551376342773","0.6357336044311523","0.6357336044311523","0.6357336044311523","","","","","","","","","","","","","","","","","","","","","","","","","","","","","","","","","","","","","","","","","","","","","","","","","","","","","","","","","","","","","","","","","","","","","","","",""
"0.5496392992098935","","","","","","","","","","","","","","","","","","","","","","","","","","","","","","","","","","","","","","","","","","","","","","","","","","","","","","","","","","","","","","","","","","","","","","","","","226","226","226","0.8443285226821899","0.8443285226821899","0.8443285226821899","0.000005935055469308281","0.000005935055469308281","0.000005935055469308281","0","0","0","0.9986791610717773","0.9986791610717773","0.9986791610717773","0.9999841451644897","0.9999841451644897","0.9999841451644897","224","224","224","0.00706171989440918","0.00706171989440918","0.00706171989440918","0","0","0","0","0","0","0.4932621121406555","0.4932621121406555","0.4932621121406555","0.7560398578643799","0.7560398578643799","0.7560398578643799"
"0.5623069001029866","","","","","","","","","","","","","","","","","","","","","","","","","","","","","","","","","","","","","300","300","300","0.5845913290977478","0.5845913290977478","0.5845913290977478","0.22499549388885498","0.22499549388885498","0.22499549388885498","0.06765460968017578","0.06765460968017578","0.06765460968017578","0.8865271806716919","0.8865271806716919","0.8865271806716919","0.9838871359825134","0.9838871359825134","0.9838871359825134","","","","","","","","","","","","","","","","","","","","","","","","","","","","","","","","","","","","","","","","","","","","","","","","","","","","","",""
"0.5623792970258787","","","","","","","","","","","","","","","","","","","","","","","","","","","","","","","","","","","","","","","","","","","","","","","","","","","","","","","300","300","300","0.5961102247238159","0.5961102247238159","0.5961102247238159","0.04349976405501366","0.04349976405501366","0.04349976405501366","0","0","0","0.9631991982460022","0.9631991982460022","0.9631991982460022","0.9981048703193665","0.9981048703193665","0.9981048703193665","","","","","","","","","","","","","","","","","","","","","","","","","","","","","","","","","","","",""
"0.5668155273102027","","","","","","","","","","","","","","","","","","","","","","","","","","","","","","","","","","","","","","","","","","","","","","","","","","","","","","","","","","","","","","","","","","","","","","","","","233","233","233","0.7287150621414185","0.7287150621414185","0.7287150621414185","5.960464477539062e-7","5.960464477539062e-7","5.960464477539062e-7","0","0","0","0.9985176920890808","0.9985176920890808","0.9985176920890808","0.9999783635139465","0.9999783635139465","0.9999783635139465","231","231","231","0.0034042000770568848","0.0034042000770568848","0.0034042000770568848","0","0","0","0","0","0","0.4913094639778137","0.4913094639778137","0.4913094639778137","0.7295711636543274","0.7295711636543274","0.7295711636543274"
"0.5839917554105118","","","","","","","","","","","","","","","","","","","","","","","","","","","","","","","","","","","","","","","","","","","","","","","","","","","","","","","","","","","","","","","","","","","","","","","","","240","240","240","0.8711345791816711","0.8711345791816711","0.8711345791816711","0.0000073909759521484375","0.0000073909759521484375","0.0000073909759521484375","0","0","0","0.9985185861587524","0.9985185861587524","0.9985185861587524","0.9999604225158691","0.9999604225158691","0.9999604225158691","238","238","238","0.008744657039642334","0.008744657039642334","0.008744657039642334","0","0","0","0","0","0","0.49425455927848816","0.49425455927848816","0.49425455927848816","0.7126307487487793","0.7126307487487793","0.7126307487487793"
"0.601167983510821","","","","","","","","","","","","","","","","","","","","","","","","","","","","","","","","","","","","","","","","","","","","","","","","","","","","","","","","","","","","","","","","","","","","","","","","","247","247","247","0.7662026882171631","0.7662026882171631","0.7662026882171631","0.000001545160102978116","0.000001545160102978116","0.000001545160102978116","0","0","0","0.9985721111297607","0.9985721111297607","0.9985721111297607","0.9999483227729797","0.9999483227729797","0.9999483227729797","245","245","245","0.004939609672874212","0.004939609672874212","0.004939609672874212","0","0","0","0","0","0","0.4790363609790802","0.4790363609790802","0.4790363609790802","0.67449951171875","0.67449951171875","0.67449951171875"
"0.6024716786817713","","","","","","","","","","","","","","","","","","","","","","","","","","","","","","","","","","","","","321","321","321","0.5597172975540161","0.5597172975540161","0.5597172975540161","0.23715361952781677","0.23715361952781677","0.23715361952781677","0.0549924373626709","0.0549924373626709","0.0549924373626709","0.8767721652984619","0.8767721652984619","0.8767721652984619","0.9896792769432068","0.9896792769432068","0.9896792769432068","","","","","","","","","","","","","","","","","","","","","","","","","","","","","","","","","","","","","","","","","","","","","","","","","","","","","",""
"0.6025492468134415","","","","","","","","","","","","","","","","","","","","","","","","","","","","","","","","","","","","","","","","","","","","","","","","","","","","","","","321","321","321","0.6400704979896545","0.6400704979896545","0.6400704979896545","0.033678293228149414","0.033678293228149414","0.033678293228149414","0","0","0","0.9571455121040344","0.9571455121040344","0.9571455121040344","0.9985581636428833","0.9985581636428833","0.9985581636428833","","","","","","","","","","","","","","","","","","","","","","","","","","","","","","","","","","","",""
"0.6043956043956044","1132","1132","1132","0.4846455156803131","0.4846455156803131","0.4846455156803131","0.34685784578323364","0.34685784578323364","0.34685784578323364","0.1803274154663086","0.1803274154663086","0.1803274154663086","0.6346297264099121","0.6346297264099121","0.6346297264099121","0.8637227416038513","0.8637227416038513","0.8637227416038513","1132","1132","1132","0.27955275774002075","0.27955275774002075","0.27955275774002075","0.19694069027900696","0.19694069027900696","0.19694069027900696","0.1106765866279602","0.1106765866279602","0.1106765866279602","0.39918190240859985","0.39918190240859985","0.39918190240859985","0.6520883440971375","0.6520883440971375","0.6520883440971375","","","","","","","","","","","","","","","","","","","","","","","","","","","","","","","","","","","","","","","","","","","","","","","","","","","","","","","","","","","","","","","","","","","","","","","",""
"0.6183442116111302","","","","","","","","","","","","","","","","","","","","","","","","","","","","","","","","","","","","","","","","","","","","","","","","","","","","","","","","","","","","","","","","","","","","","","","","","254","254","254","0.8748170733451843","0.8748170733451843","0.8748170733451843","0.000007331371307373047","0.000007331371307373047","0.000007331371307373047","0","0","0","0.9984878301620483","0.9984878301620483","0.9984878301620483","0.9999523162841797","0.9999523162841797","0.9999523162841797","252","252","252","0.009487688541412354","0.009487688541412354","0.009487688541412354","0","0","0","0","0","0","0.48658987879753113","0.48658987879753113","0.48658987879753113","0.7307963371276855","0.7307963371276855","0.7307963371276855"
"0.6355204397114393","","","","","","","","","","","","","","","","","","","","","","","","","","","","","","","","","","","","","","","","","","","","","","","","","","","","","","","","","","","","","","","","","","","","","","","","","261","261","261","0.7031860947608948","0.7031860947608948","0.7031860947608948","0.0000010572595101621118","0.0000010572595101621118","0.0000010572595101621118","0","0","0","0.9980782270431519","0.9980782270431519","0.9980782270431519","0.9999048709869385","0.9999048709869385","0.9999048709869385","259","259","259","0.004427790641784668","0.004427790641784668","0.004427790641784668","0","0","0","0","0","0","0.4637712836265564","0.4637712836265564","0.4637712836265564","0.6632978916168213","0.6632978916168213","0.6632978916168213"
"0.6426364572605562","","","","","","","","","","","","","","","","","","","","","","","","","","","","","","","","","","","","","343","343","343","0.5352857112884521","0.5352857112884521","0.5352857112884521","0.22775402665138245","0.22775402665138245","0.22775402665138245","0.04402267932891846","0.04402267932891846","0.04402267932891846","0.885168194770813","0.885168194770813","0.885168194770813","0.9888191819190979","0.9888191819190979","0.9888191819190979","","","","","","","","","","","","","","","","","","","","","","","","","","","","","","","","","","","","","","","","","","","","","","","","","","","","","",""
"0.6427191966010043","","","","","","","","","","","","","","","","","","","","","","","","","","","","","","","","","","","","","","","","","","","","","","","","","","","","","","","343","343","343","0.6092988848686218","0.6092988848686218","0.6092988848686218","0.008260788396000862","0.008260788396000862","0.008260788396000862","0","0","0","0.9472693204879761","0.9472693204879761","0.9472693204879761","0.9958869218826294","0.9958869218826294","0.9958869218826294","","","","","","","","","","","","","","","","","","","","","","","","","","","","","","","","","","","",""
"0.6526966678117485","","","","","","","","","","","","","","","","","","","","","","","","","","","","","","","","","","","","","","","","","","","","","","","","","","","","","","","","","","","","","","","","","","","","","","","","","268","268","268","0.7256802320480347","0.7256802320480347","0.7256802320480347","0.0000016093254089355469","0.0000016093254089355469","0.0000016093254089355469","0","0","0","0.9979984760284424","0.9979984760284424","0.9979984760284424","0.9999168515205383","0.9999168515205383","0.9999168515205383","266","266","266","0.005532622337341309","0.005532622337341309","0.005532622337341309","0","0","0","0","0","0","0.4631870985031128","0.4631870985031128","0.4631870985031128","0.7068254947662354","0.7068254947662354","0.7068254947662354"
"0.6593406593406593","1235","1235","1235","0.4726497530937195","0.4726497530937195","0.4726497530937195","0.33547496795654297","0.33547496795654297","0.33547496795654297","0.18974554538726807","0.18974554538726807","0.18974554538726807","0.6253402829170227","0.6253402829170227","0.6253402829170227","0.8624477982521057","0.8624477982521057","0.8624477982521057","1235","1235","1235","0.27809420228004456","0.27809420228004456","0.27809420228004456","0.195334792137146","0.195334792137146","0.195334792137146","0.11782652139663696","0.11782652139663696","0.11782652139663696","0.39560407400131226","0.39560407400131226","0.39560407400131226","0.6532196998596191","0.6532196998596191","0.6532196998596191","","","","","","","","","","","","","","","","","","","","","","","","","","","","","","","","","","","","","","","","","","","","","","","","","","","","","","","","","","","","","","","","","","","","","","","",""
"0.6698728959120577","","","","","","","","","","","","","","","","","","","","","","","","","","","","","","","","","","","","","","","","","","","","","","","","","","","","","","","","","","","","","","","","","","","","","","","","","275","275","275","0.7715670466423035","0.7715670466423035","0.7715670466423035","0.000003635883331298828","0.000003635883331298828","0.000003635883331298828","0","0","0","0.9975764155387878","0.9975764155387878","0.9975764155387878","0.9999078512191772","0.9999078512191772","0.9999078512191772","273","273","273","0.0061013102531433105","0.0061013102531433105","0.0061013102531433105","0","0","0","0","0","0","0.4555833339691162","0.4555833339691162","0.4555833339691162","0.7101608514785767","0.7101608514785767","0.7101608514785767"
"0.6828012358393409","","","","","","","","","","","","","","","","","","","","","","","","","","","","","","","","","","","","","364","364","364","0.5272375345230103","0.5272375345230103","0.5272375345230103","0.22045427560806274","0.22045427560806274","0.22045427560806274","0.04498535394668579","0.04498535394668579","0.04498535394668579","0.8673765659332275","0.8673765659332275","0.8673765659332275","0.9671963453292847","0.9671963453292847","0.9671963453292847","","","","","","","","","","","","","","","","","","","","","","","","","","","","","","","","","","","","","","","","","","","","","","","","","","","","","",""
"0.682889146388567","","","","","","","","","","","","","","","","","","","","","","","","","","","","","","","","","","","","","","","","","","","","","","","","","","","","","","","364","364","364","0.5550916194915771","0.5550916194915771","0.5550916194915771","0.012783100828528404","0.012783100828528404","0.012783100828528404","0","0","0","0.9443212747573853","0.9443212747573853","0.9443212747573853","0.9965391159057617","0.9965391159057617","0.9965391159057617","","","","","","","","","","","","","","","","","","","","","","","","","","","","","","","","","","","",""
"0.6870491240123668","","","","","","","","","","","","","","","","","","","","","","","","","","","","","","","","","","","","","","","","","","","","","","","","","","","","","","","","","","","","","","","","","","","","","","","","","282","282","282","0.7933019399642944","0.7933019399642944","0.7933019399642944","0.000008702278137207031","0.000008702278137207031","0.000008702278137207031","0","0","0","0.9975924491882324","0.9975924491882324","0.9975924491882324","0.9999558329582214","0.9999558329582214","0.9999558329582214","280","280","280","0.00801914930343628","0.00801914930343628","0.00801914930343628","0","0","0","0","0","0","0.46464306116104126","0.46464306116104126","0.46464306116104126","0.7097315788269043","0.7097315788269043","0.7097315788269043"
"0.704225352112676","","","","","","","","","","","","","","","","","","","","","","","","","","","","","","","","","","","","","","","","","","","","","","","","","","","","","","","","","","","","","","","","","","","","","","","","","289","289","289","0.6006786227226257","0.6006786227226257","0.6006786227226257","0.0000016689300537109375","0.0000016689300537109375","0.0000016689300537109375","0","0","0","0.9969972372055054","0.9969972372055054","0.9969972372055054","0.9998577237129211","0.9998577237129211","0.9998577237129211","287","287","287","0.003722250461578369","0.003722250461578369","0.003722250461578369","0","0","0","0","0","0","0.4366014003753662","0.4366014003753662","0.4366014003753662","0.6344717144966125","0.6344717144966125","0.6344717144966125"
"0.7142857142857143","1338","1338","1338","0.4680447578430176","0.4680447578430176","0.4680447578430176","0.32897770404815674","0.32897770404815674","0.32897770404815674","0.16127991676330566","0.16127991676330566","0.16127991676330566","0.621309220790863","0.621309220790863","0.621309220790863","0.8422694802284241","0.8422694802284241","0.8422694802284241","1338","1338","1338","0.2737208604812622","0.2737208604812622","0.2737208604812622","0.1853710412979126","0.1853710412979126","0.1853710412979126","0.10174751281738281","0.10174751281738281","0.10174751281738281","0.39383453130722046","0.39383453130722046","0.39383453130722046","0.6446680426597595","0.6446680426597595","0.6446680426597595","","","","","","","","","","","","","","","","","","","","","","","","","","","","","","","","","","","","","","","","","","","","","","","","","","","","","","","","","","","","","","","","","","","","","","","",""
"0.7214015802129853","","","","","","","","","","","","","","","","","","","","","","","","","","","","","","","","","","","","","","","","","","","","","","","","","","","","","","","","","","","","","","","","","","","","","","","","","296","296","296","0.5782109498977661","0.5782109498977661","0.5782109498977661","7.152557373046875e-7","7.152557373046875e-7","7.152557373046875e-7","0","0","0","0.9967975616455078","0.9967975616455078","0.9967975616455078","0.9999191164970398","0.9999191164970398","0.9999191164970398","294","294","294","0.0031577348709106445","0.0031577348709106445","0.0031577348709106445","0","0","0","0","0","0","0.4332451820373535","0.4332451820373535","0.4332451820373535","0.6476958394050598","0.6476958394050598","0.6476958394050598"
"0.7229660144181257","","","","","","","","","","","","","","","","","","","","","","","","","","","","","","","","","","","","","386","386","386","0.5256041288375854","0.5256041288375854","0.5256041288375854","0.19302311539649963","0.19302311539649963","0.19302311539649963","0.06492525339126587","0.06492525339126587","0.06492525339126587","0.8699578046798706","0.8699578046798706","0.8699578046798706","0.9902528524398804","0.9902528524398804","0.9902528524398804","","","","","","","","","","","","","","","","","","","","","","","","","","","","","","","","","","","","","","","","","","","","","","","","","","","","","",""
"0.7230590961761297","","","","","","","","","","","","","","","","","","","","","","","","","","","","","","","","","","","","","","","","","","","","","","","","","","","","","","","386","386","386","0.6020790338516235","0.6020790338516235","0.6020790338516235","0.02996578812599182","0.02996578812599182","0.02996578812599182","0","0","0","0.9533870220184326","0.9533870220184326","0.9533870220184326","0.9956678748130798","0.9956678748130798","0.9956678748130798","","","","","","","","","","","","","","","","","","","","","","","","","","","","","","","","","","","",""
"0.7385778083132944","","","","","","","","","","","","","","","","","","","","","","","","","","","","","","","","","","","","","","","","","","","","","","","","","","","","","","","","","","","","","","","","","","","","","","","","","303","303","303","0.6379218101501465","0.6379218101501465","0.6379218101501465","7.006906344031449e-7","7.006906344031449e-7","7.006906344031449e-7","0","0","0","0.9968079328536987","0.9968079328536987","0.9968079328536987","0.9999053478240967","0.9999053478240967","0.9999053478240967","301","301","301","0.004648149013519287","0.004648149013519287","0.004648149013519287","0","0","0","0","0","0","0.42999061942100525","0.42999061942100525","0.42999061942100525","0.6846755743026733","0.6846755743026733","0.6846755743026733"
"0.7557540364136036","","","","","","","","","","","","","","","","","","","","","","","","","","","","","","","","","","","","","","","","","","","","","","","","","","","","","","","","","","","","","","","","","","","","","","","","","310","310","310","0.42829376459121704","0.42829376459121704","0.42829376459121704","1.1920928955078125e-7","1.1920928955078125e-7","1.1920928955078125e-7","0","0","0","0.9960241913795471","0.9960241913795471","0.9960241913795471","0.9999027848243713","0.9999027848243713","0.9999027848243713","308","308","308","0.002164185047149658","0.002164185047149658","0.002164185047149658","0","0","0","0","0","0","0.4203864336013794","0.4203864336013794","0.4203864336013794","0.6424657702445984","0.6424657702445984","0.6424657702445984"
"0.7631307929969104","","","","","","","","","","","","","","","","","","","","","","","","","","","","","","","","","","","","","407","407","407","0.5215132832527161","0.5215132832527161","0.5215132832527161","0.22157636284828186","0.22157636284828186","0.22157636284828186","0.050530850887298584","0.050530850887298584","0.050530850887298584","0.8900527954101562","0.8900527954101562","0.8900527954101562","0.9835551977157593","0.9835551977157593","0.9835551977157593","","","","","","","","","","","","","","","","","","","","","","","","","","","","","","","","","","","","","","","","","","","","","","","","","","","","","",""
"0.7632290459636926","","","","","","","","","","","","","","","","","","","","","","","","","","","","","","","","","","","","","","","","","","","","","","","","","","","","","","","407","407","407","0.5640021562576294","0.5640021562576294","0.5640021562576294","0.0329974964261055","0.0329974964261055","0.0329974964261055","0.00006818771362304688","0.00006818771362304688","0.00006818771362304688","0.9544810652732849","0.9544810652732849","0.9544810652732849","0.9978456497192383","0.9978456497192383","0.9978456497192383","","","","","","","","","","","","","","","","","","","","","","","","","","","","","","","","","","","",""
"0.7692307692307693","1441","1441","1441","0.4579552710056305","0.4579552710056305","0.4579552710056305","0.32408595085144043","0.32408595085144043","0.32408595085144043","0.167546808719635","0.167546808719635","0.167546808719635","0.6080467104911804","0.6080467104911804","0.6080467104911804","0.841218113899231","0.841218113899231","0.841218113899231","1441","1441","1441","0.26873183250427246","0.26873183250427246","0.26873183250427246","0.18565282225608826","0.18565282225608826","0.18565282225608826","0.10699814558029175","0.10699814558029175","0.10699814558029175","0.3844834566116333","0.3844834566116333","0.3844834566116333","0.6414392590522766","0.6414392590522766","0.6414392590522766","","","","","","","","","","","","","","","","","","","","","","","","","","","","","","","","","","","","","","","","","","","","","","","","","","","","","","","","","","","","","","","","","","","","","","","",""
"0.7729302645139128","","","","","","","","","","","","","","","","","","","","","","","","","","","","","","","","","","","","","","","","","","","","","","","","","","","","","","","","","","","","","","","","","","","","","","","","","317","317","317","0.6006931066513062","0.6006931066513062","0.6006931066513062","0.0000017760755781637272","0.0000017760755781637272","0.0000017760755781637272","0","0","0","0.9964212775230408","0.9964212775230408","0.9964212775230408","0.999854564666748","0.999854564666748","0.999854564666748","315","315","315","0.004873871803283691","0.004873871803283691","0.004873871803283691","0","0","0","0","0","0","0.4235383868217468","0.4235383868217468","0.4235383868217468","0.6545524597167969","0.6545524597167969","0.6545524597167969"
"0.790106492614222","","","","","","","","","","","","","","","","","","","","","","","","","","","","","","","","","","","","","","","","","","","","","","","","","","","","","","","","","","","","","","","","","","","","","","","","","324","324","324","0.5258253216743469","0.5258253216743469","0.5258253216743469","2.384185791015625e-7","2.384185791015625e-7","2.384185791015625e-7","0","0","0","0.9960092306137085","0.9960092306137085","0.9960092306137085","0.9998100996017456","0.9998100996017456","0.9998100996017456","322","322","322","0.00318223237991333","0.00318223237991333","0.00318223237991333","0","0","0","0","0","0","0.4220837354660034","0.4220837354660034","0.4220837354660034","0.6339651346206665","0.6339651346206665","0.6339651346206665"
"0.8032955715756952","","","","","","","","","","","","","","","","","","","","","","","","","","","","","","","","","","","","","429","429","429","0.4900926351547241","0.4900926351547241","0.4900926351547241","0.18453040719032288","0.18453040719032288","0.18453040719032288","0.042144775390625","0.042144775390625","0.042144775390625","0.8484771251678467","0.8484771251678467","0.8484771251678467","0.9900792241096497","0.9900792241096497","0.9900792241096497","","","","","","","","","","","","","","","","","","","","","","","","","","","","","","","","","","","","","","","","","","","","","","","","","","","","","",""
"0.8033989957512553","","","","","","","","","","","","","","","","","","","","","","","","","","","","","","","","","","","","","","","","","","","","","","","","","","","","","","","429","429","429","0.60386061668396","0.60386061668396","0.60386061668396","0.020929336547851562","0.020929336547851562","0.020929336547851562","0.00007355213165283203","0.00007355213165283203","0.00007355213165283203","0.950537919998169","0.950537919998169","0.950537919998169","0.9969666004180908","0.9969666004180908","0.9969666004180908","","","","","","","","","","","","","","","","","","","","","","","","","","","","","","","","","","","",""
"0.8072827207145311","","","","","","","","","","","","","","","","","","","","","","","","","","","","","","","","","","","","","","","","","","","","","","","","","","","","","","","","","","","","","","","","","","","","","","","","","331","331","331","0.5180317759513855","0.5180317759513855","0.5180317759513855","4.76837158203125e-7","4.76837158203125e-7","4.76837158203125e-7","0","0","0","0.9952840805053711","0.9952840805053711","0.9952840805053711","0.9998915791511536","0.9998915791511536","0.9998915791511536","329","329","329","0.003280772129073739","0.003280772129073739","0.003280772129073739","0","0","0","0","0","0","0.4085608720779419","0.4085608720779419","0.4085608720779419","0.6673063039779663","0.6673063039779663","0.6673063039779663"
"0.8241758241758241","1544","1544","1544","0.45153889060020447","0.45153889060020447","0.45153889060020447","0.315329372882843","0.315329372882843","0.315329372882843","0.15686434507369995","0.15686434507369995","0.15686434507369995","0.606202244758606","0.606202244758606","0.606202244758606","0.8291866183280945","0.8291866183280945","0.8291866183280945","1544","1544","1544","0.26766437292099","0.26766437292099","0.26766437292099","0.18581929802894592","0.18581929802894592","0.18581929802894592","0.09345811605453491","0.09345811605453491","0.09345811605453491","0.3842533826828003","0.3842533826828003","0.3842533826828003","0.6387997269630432","0.6387997269630432","0.6387997269630432","","","","","","","","","","","","","","","","","","","","","","","","","","","","","","","","","","","","","","","","","","","","","","","","","","","","","","","","","","","","","","","","","","","","","","","",""
"0.8244589488148403","","","","","","","","","","","","","","","","","","","","","","","","","","","","","","","","","","","","","","","","","","","","","","","","","","","","","","","","","","","","","","","","","","","","","","","","","338","338","338","0.5937210321426392","0.5937210321426392","0.5937210321426392","6.397775678124162e-7","6.397775678124162e-7","6.397775678124162e-7","0","0","0","0.9948476552963257","0.9948476552963257","0.9948476552963257","0.9998486638069153","0.9998486638069153","0.9998486638069153","336","336","336","0.0045160651206970215","0.0045160651206970215","0.0045160651206970215","0","0","0","0","0","0","0.41265785694122314","0.41265785694122314","0.41265785694122314","0.6125702857971191","0.6125702857971191","0.6125702857971191"
"0.8416351769151494","","","","","","","","","","","","","","","","","","","","","","","","","","","","","","","","","","","","","","","","","","","","","","","","","","","","","","","","","","","","","","","","","","","","","","","","","345","345","345","0.40573155879974365","0.40573155879974365","0.40573155879974365","1.1920928955078125e-7","1.1920928955078125e-7","1.1920928955078125e-7","0","0","0","0.9944104552268982","0.9944104552268982","0.9944104552268982","0.9996816515922546","0.9996816515922546","0.9996816515922546","343","343","343","0.002139568328857422","0.002139568328857422","0.002139568328857422","0","0","0","0","0","0","0.4143642783164978","0.4143642783164978","0.4143642783164978","0.5977240204811096","0.5977240204811096","0.5977240204811096"
"0.84346035015448","","","","","","","","","","","","","","","","","","","","","","","","","","","","","","","","","","","","","450","450","450","0.5163334608078003","0.5163334608078003","0.5163334608078003","0.2122063934803009","0.2122063934803009","0.2122063934803009","0.03656303882598877","0.03656303882598877","0.03656303882598877","0.8875378966331482","0.8875378966331482","0.8875378966331482","0.9826862812042236","0.9826862812042236","0.9826862812042236","","","","","","","","","","","","","","","","","","","","","","","","","","","","","","","","","","","","","","","","","","","","","","","","","","","","","",""
"0.8435689455388181","","","","","","","","","","","","","","","","","","","","","","","","","","","","","","","","","","","","","","","","","","","","","","","","","","","","","","","450","450","450","0.5538694858551025","0.5538694858551025","0.5538694858551025","0.012418240308761597","0.012418240308761597","0.012418240308761597","0.00002396106719970703","0.00002396106719970703","0.00002396106719970703","0.9524577856063843","0.9524577856063843","0.9524577856063843","0.9990073442459106","0.9990073442459106","0.9990073442459106","","","","","","","","","","","","","","","","","","","","","","","","","","","","","","","","","","","",""
"0.8588114050154586","","","","","","","","","","","","","","","","","","","","","","","","","","","","","","","","","","","","","","","","","","","","","","","","","","","","","","","","","","","","","","","","","","","","","","","","","352","352","352","0.3383069634437561","0.3383069634437561","0.3383069634437561","2.0783300143270393e-14","2.0783300143270393e-14","2.0783300143270393e-14","0","0","0","0.9937207698822021","0.9937207698822021","0.9937207698822021","0.9998387694358826","0.9998387694358826","0.9998387694358826","350","350","350","0.0020407438278198242","0.0020407438278198242","0.0020407438278198242","0","0","0","0","0","0","0.40583914518356323","0.40583914518356323","0.40583914518356323","0.63219153881073","0.63219153881073","0.63219153881073"
"0.8759876331157678","","","","","","","","","","","","","","","","","","","","","","","","","","","","","","","","","","","","","","","","","","","","","","","","","","","","","","","","","","","","","","","","","","","","","","","","","359","359","359","0.5052557587623596","0.5052557587623596","0.5052557587623596","9.837069683271693e-7","9.837069683271693e-7","9.837069683271693e-7","0","0","0","0.9950782060623169","0.9950782060623169","0.9950782060623169","0.9996703267097473","0.9996703267097473","0.9996703267097473","357","357","357","0.0046308040618896484","0.0046308040618896484","0.0046308040618896484","0","0","0","0","0","0","0.40890732407569885","0.40890732407569885","0.40890732407569885","0.593384861946106","0.593384861946106","0.593384861946106"
"0.8791208791208791","1647","1647","1647","0.44836604595184326","0.44836604595184326","0.44836604595184326","0.3141862154006958","0.3141862154006958","0.3141862154006958","0.18303263187408447","0.18303263187408447","0.18303263187408447","0.5962817668914795","0.5962817668914795","0.5962817668914795","0.8268776535987854","0.8268776535987854","0.8268776535987854","1647","1647","1647","0.26289254426956177","0.26289254426956177","0.26289254426956177","0.1775786429643631","0.1775786429643631","0.1775786429643631","0.09618139266967773","0.09618139266967773","0.09618139266967773","0.3728469908237457","0.3728469908237457","0.3728469908237457","0.6257582306861877","0.6257582306861877","0.6257582306861877","","","","","","","","","","","","","","","","","","","","","","","","","","","","","","","","","","","","","","","","","","","","","","","","","","","","","","","","","","","","","","","","","","","","","","","",""
"0.8836251287332647","","","","","","","","","","","","","","","","","","","","","","","","","","","","","","","","","","","","","472","472","472","0.5094148516654968","0.5094148516654968","0.5094148516654968","0.1706995964050293","0.1706995964050293","0.1706995964050293","0.040166258811950684","0.040166258811950684","0.040166258811950684","0.8856900930404663","0.8856900930404663","0.8856900930404663","0.985783040523529","0.985783040523529","0.985783040523529","","","","","","","","","","","","","","","","","","","","","","","","","","","","","","","","","","","","","","","","","","","","","","","","","","","","","",""
"0.8837388953263808","","","","","","","","","","","","","","","","","","","","","","","","","","","","","","","","","","","","","","","","","","","","","","","","","","","","","","","472","472","472","0.5766392946243286","0.5766392946243286","0.5766392946243286","0.023491237312555313","0.023491237312555313","0.023491237312555313","0.000052809715270996094","0.000052809715270996094","0.000052809715270996094","0.9413683414459229","0.9413683414459229","0.9413683414459229","0.9974191188812256","0.9974191188812256","0.9974191188812256","","","","","","","","","","","","","","","","","","","","","","","","","","","","","","","","","","","",""
"0.8931638612160769","","","","","","","","","","","","","","","","","","","","","","","","","","","","","","","","","","","","","","","","","","","","","","","","","","","","","","","","","","","","","","","","","","","","","","","","","366","366","366","0.4423191547393799","0.4423191547393799","0.4423191547393799","2.384185791015625e-7","2.384185791015625e-7","2.384185791015625e-7","0","0","0","0.9937424659729004","0.9937424659729004","0.9937424659729004","0.9997580051422119","0.9997580051422119","0.9997580051422119","364","364","364","0.0029590725898742676","0.0029590725898742676","0.0029590725898742676","0","0","0","0","0","0","0.3976256847381592","0.3976256847381592","0.3976256847381592","0.5996725559234619","0.5996725559234619","0.5996725559234619"
"0.9103400893163861","","","","","","","","","","","","","","","","","","","","","","","","","","","","","","","","","","","","","","","","","","","","","","","","","","","","","","","","","","","","","","","","","","","","","","","","","373","373","373","0.54012131690979","0.54012131690979","0.54012131690979","4.76837158203125e-7","4.76837158203125e-7","4.76837158203125e-7","0","0","0","0.9928762912750244","0.9928762912750244","0.9928762912750244","0.9996209740638733","0.9996209740638733","0.9996209740638733","371","371","371","0.0046598766930401325","0.0046598766930401325","0.0046598766930401325","0","0","0","0","0","0","0.3857576847076416","0.3857576847076416","0.3857576847076416","0.5993629693984985","0.5993629693984985","0.5993629693984985"
"0.9237899073120495","","","","","","","","","","","","","","","","","","","","","","","","","","","","","","","","","","","","","493","493","493","0.528079092502594","0.528079092502594","0.528079092502594","0.20270536839962006","0.20270536839962006","0.20270536839962006","0.03558129072189331","0.03558129072189331","0.03558129072189331","0.8867394924163818","0.8867394924163818","0.8867394924163818","0.9927564859390259","0.9927564859390259","0.9927564859390259","","","","","","","","","","","","","","","","","","","","","","","","","","","","","","","","","","","","","","","","","","","","","","","","","","","","","",""
"0.9239088451139436","","","","","","","","","","","","","","","","","","","","","","","","","","","","","","","","","","","","","","","","","","","","","","","","","","","","","","","493","493","493","0.5792441368103027","0.5792441368103027","0.5792441368103027","0.02822399139404297","0.02822399139404297","0.02822399139404297","0.00008511543273925781","0.00008511543273925781","0.00008511543273925781","0.9451556205749512","0.9451556205749512","0.9451556205749512","0.9896533489227295","0.9896533489227295","0.9896533489227295","","","","","","","","","","","","","","","","","","","","","","","","","","","","","","","","","","","",""
"0.9275163174166953","","","","","","","","","","","","","","","","","","","","","","","","","","","","","","","","","","","","","","","","","","","","","","","","","","","","","","","","","","","","","","","","","","","","","","","","","380","380","380","0.43747591972351074","0.43747591972351074","0.43747591972351074","3.5762786865234375e-7","3.5762786865234375e-7","3.5762786865234375e-7","0","0","0","0.9934940934181213","0.9934940934181213","0.9934940934181213","0.9997149109840393","0.9997149109840393","0.9997149109840393","378","378","378","0.003462672233581543","0.003462672233581543","0.003462672233581543","0","0","0","0","0","0","0.3859933614730835","0.3859933614730835","0.3859933614730835","0.6025766134262085","0.6025766134262085","0.6025766134262085"
"0.9340659340659341","1750","1750","1750","0.4404434561729431","0.4404434561729431","0.4404434561729431","0.30670565366744995","0.30670565366744995","0.30670565366744995","0.18558746576309204","0.18558746576309204","0.18558746576309204","0.5897950530052185","0.5897950530052185","0.5897950530052185","0.8267666697502136","0.8267666697502136","0.8267666697502136","1750","1750","1750","0.2621197998523712","0.2621197998523712","0.2621197998523712","0.17712607979774475","0.17712607979774475","0.17712607979774475","0.10534018278121948","0.10534018278121948","0.10534018278121948","0.3720094561576843","0.3720094561576843","0.3720094561576843","0.6128208637237549","0.6128208637237549","0.6128208637237549","","","","","","","","","","","","","","","","","","","","","","","","","","","","","","","","","","","","","","","","","","","","","","","","","","","","","","","","","","","","","","","","","","","","","","","",""
"0.9446925455170044","","","","","","","","","","","","","","","","","","","","","","","","","","","","","","","","","","","","","","","","","","","","","","","","","","","","","","","","","","","","","","","","","","","","","","","","","387","387","387","0.3408929407596588","0.3408929407596588","0.3408929407596588","1.1920928955078125e-7","1.1920928955078125e-7","1.1920928955078125e-7","0","0","0","0.9921937584877014","0.9921937584877014","0.9921937584877014","0.9996214509010315","0.9996214509010315","0.9996214509010315","385","385","385","0.0023129861801862717","0.0023129861801862717","0.0023129861801862717","0","0","0","0","0","0","0.38477984070777893","0.38477984070777893","0.38477984070777893","0.5951889753341675","0.5951889753341675","0.5951889753341675"
"0.9618687736173136","","","","","","","","","","","","","","","","","","","","","","","","","","","","","","","","","","","","","","","","","","","","","","","","","","","","","","","","","","","","","","","","","","","","","","","","","394","394","394","0.42471712827682495","0.42471712827682495","0.42471712827682495","3.5762786865234375e-7","3.5762786865234375e-7","3.5762786865234375e-7","0","0","0","0.9924405813217163","0.9924405813217163","0.9924405813217163","0.9997119903564453","0.9997119903564453","0.9997119903564453","392","392","392","0.004024207592010498","0.004024207592010498","0.004024207592010498","0","0","0","0","0","0","0.38058948516845703","0.38058948516845703","0.38058948516845703","0.6237571239471436","0.6237571239471436","0.6237571239471436"
"0.9639546858908342","","","","","","","","","","","","","","","","","","","","","","","","","","","","","","","","","","","","","515","515","515","0.5404699444770813","0.5404699444770813","0.5404699444770813","0.19616647064685822","0.19616647064685822","0.19616647064685822","0.049527883529663086","0.049527883529663086","0.049527883529663086","0.8808544278144836","0.8808544278144836","0.8808544278144836","0.9811546206474304","0.9811546206474304","0.9811546206474304","","","","","","","","","","","","","","","","","","","","","","","","","","","","","","","","","","","","","","","","","","","","","","","","","","","","","",""
"0.9640787949015064","","","","","","","","","","","","","","","","","","","","","","","","","","","","","","","","","","","","","","","","","","","","","","","","","","","","","","","515","515","515","0.5425534248352051","0.5425534248352051","0.5425534248352051","0.013743705116212368","0.013743705116212368","0.013743705116212368","0.00008213520050048828","0.00008213520050048828","0.00008213520050048828","0.9543442726135254","0.9543442726135254","0.9543442726135254","0.9950016140937805","0.9950016140937805","0.9950016140937805","","","","","","","","","","","","","","","","","","","","","","","","","","","","","","","","","","","",""
"0.9790450017176228","","","","","","","","","","","","","","","","","","","","","","","","","","","","","","","","","","","","","","","","","","","","","","","","","","","","","","","","","","","","","","","","","","","","","","","","","401","401","401","0.4477609694004059","0.4477609694004059","0.4477609694004059","8.940696716308594e-7","8.940696716308594e-7","8.940696716308594e-7","0","0","0","0.9913605451583862","0.9913605451583862","0.9913605451583862","0.9994927644729614","0.9994927644729614","0.9994927644729614","399","399","399","0.004267692565917969","0.004267692565917969","0.004267692565917969","0","0","0","0","0","0","0.3734883666038513","0.3734883666038513","0.3734883666038513","0.5659245848655701","0.5659245848655701","0.5659245848655701"
"0.989010989010989","1853","1853","1853","0.4412686228752136","0.4412686228752136","0.4412686228752136","0.30243170261383057","0.30243170261383057","0.30243170261383057","0.1489819884300232","0.1489819884300232","0.1489819884300232","0.5889137387275696","0.5889137387275696","0.5889137387275696","0.823011040687561","0.823011040687561","0.823011040687561","1853","1853","1853","0.259530246257782","0.259530246257782","0.259530246257782","0.17396309971809387","0.17396309971809387","0.17396309971809387","0.08896297216415405","0.08896297216415405","0.08896297216415405","0.3710848093032837","0.3710848093032837","0.3710848093032837","0.625288724899292","0.625288724899292","0.625288724899292","","","","","","","","","","","","","","","","","","","","","","","","","","","","","","","","","","","","","","","","","","","","","","","","","","","","","","","","","","","","","","","","","","","","","","","",""
"0.9962212298179319","","","","","","","","","","","","","","","","","","","","","","","","","","","","","","","","","","","","","","","","","","","","","","","","","","","","","","","","","","","","","","","","","","","","","","","","","408","408","408","0.4184359908103943","0.4184359908103943","0.4184359908103943","4.76837158203125e-7","4.76837158203125e-7","4.76837158203125e-7","0","0","0","0.9910556674003601","0.9910556674003601","0.9910556674003601","0.9995490312576294","0.9995490312576294","0.9995490312576294","406","406","406","0.0038900375366210938","0.0038900375366210938","0.0038900375366210938","0","0","0","0","0","0","0.37082159519195557","0.37082159519195557","0.37082159519195557","0.6035460233688354","0.6035460233688354","0.6035460233688354"
"1.004119464469619","","","","","","","","","","","","","","","","","","","","","","","","","","","","","","","","","","","","","536","536","536","0.5627930760383606","0.5627930760383606","0.5627930760383606","0.2215661108493805","0.2215661108493805","0.2215661108493805","0.0484958291053772","0.0484958291053772","0.0484958291053772","0.8838764429092407","0.8838764429092407","0.8838764429092407","0.9829822778701782","0.9829822778701782","0.9829822778701782","","","","","","","","","","","","","","","","","","","","","","","","","","","","","","","","","","","","","","","","","","","","","","","","","","","","","",""
"1.0041199948500064","","","","","","","","","","","","","","","","","","","","","","","","","","","","","","","","","","","","","","","","","","","","","","","","","","","","","","","536","536","536","0.5361065864562988","0.5361065864562988","0.5361065864562988","0.010099701583385468","0.010099701583385468","0.010099701583385468","0.00003266334533691406","0.00003266334533691406","0.00003266334533691406","0.9412651658058167","0.9412651658058167","0.9412651658058167","0.9936903119087219","0.9936903119087219","0.9936903119087219","","","","","","","","","","","","","","","","","","","","","","","","","","","","","","","","","","","",""
"1.0133974579182412","","","","","","","","","","","","","","","","","","","","","","","","","","","","","","","","","","","","","","","","","","","","","","","","","","","","","","","","","","","","","","","","","","","","","","","","","415","415","415","0.42152997851371765","0.42152997851371765","0.42152997851371765","5.364418029785156e-7","5.364418029785156e-7","5.364418029785156e-7","0","0","0","0.9910351037979126","0.9910351037979126","0.9910351037979126","0.999528706073761","0.999528706073761","0.999528706073761","413","413","413","0.004242241382598877","0.004242241382598877","0.004242241382598877","0","0","0","0","0","0","0.3761782646179199","0.3761782646179199","0.3761782646179199","0.6022652387619019","0.6022652387619019","0.6022652387619019"
"1.0305736860185504","","","","","","","","","","","","","","","","","","","","","","","","","","","","","","","","","","","","","","","","","","","","","","","","","","","","","","","","","","","","","","","","","","","","","","","","","422","422","422","0.35913920402526855","0.35913920402526855","0.35913920402526855","1.1920928955078125e-7","1.1920928955078125e-7","1.1920928955078125e-7","0","0","0","0.990761935710907","0.990761935710907","0.990761935710907","0.9995401501655579","0.9995401501655579","0.9995401501655579","420","420","420","0.003028036095201969","0.003028036095201969","0.003028036095201969","0","0","0","0","0","0","0.37089747190475464","0.37089747190475464","0.37089747190475464","0.5794832110404968","0.5794832110404968","0.5794832110404968"
"1.043956043956044","1956","1956","1956","0.43310868740081787","0.43310868740081787","0.43310868740081787","0.29974764585494995","0.29974764585494995","0.29974764585494995","0.15943610668182373","0.15943610668182373","0.15943610668182373","0.5818517208099365","0.5818517208099365","0.5818517208099365","0.8250939846038818","0.8250939846038818","0.8250939846038818","1956","1956","1956","0.2575111389160156","0.2575111389160156","0.2575111389160156","0.17697986960411072","0.17697986960411072","0.17697986960411072","0.09672582149505615","0.09672582149505615","0.09672582149505615","0.3666049838066101","0.3666049838066101","0.3666049838066101","0.617418646812439","0.617418646812439","0.617418646812439","","","","","","","","","","","","","","","","","","","","","","","","","","","","","","","","","","","","","","","","","","","","","","","","","","","","","","","","","","","","","","","","","","","","","","","",""
"1.0442842430484036","","","","","","","","","","","","","","","","","","","","","","","","","","","","","","","","","","","","","558","558","558","0.5281488299369812","0.5281488299369812","0.5281488299369812","0.17218312621116638","0.17218312621116638","0.17218312621116638","0.026363730430603027","0.026363730430603027","0.026363730430603027","0.8755190372467041","0.8755190372467041","0.8755190372467041","0.9841992855072021","0.9841992855072021","0.9841992855072021","","","","","","","","","","","","","","","","","","","","","","","","","","","","","","","","","","","","","","","","","","","","","","","","","","","","","",""
"1.0442899446375693","","","","","","","","","","","","","","","","","","","","","","","","","","","","","","","","","","","","","","","","","","","","","","","","","","","","","","","558","558","558","0.4219784736633301","0.4219784736633301","0.4219784736633301","0.0035589933395385742","0.0035589933395385742","0.0035589933395385742","3.5762786865234375e-7","3.5762786865234375e-7","3.5762786865234375e-7","0.9258434772491455","0.9258434772491455","0.9258434772491455","0.9902511239051819","0.9902511239051819","0.9902511239051819","","","","","","","","","","","","","","","","","","","","","","","","","","","","","","","","","","","",""
"1.0477499141188595","","","","","","","","","","","","","","","","","","","","","","","","","","","","","","","","","","","","","","","","","","","","","","","","","","","","","","","","","","","","","","","","","","","","","","","","","429","429","429","0.3199780583381653","0.3199780583381653","0.3199780583381653","2.384185791015625e-7","2.384185791015625e-7","2.384185791015625e-7","0","0","0","0.9904580116271973","0.9904580116271973","0.9904580116271973","0.9994850158691406","0.9994850158691406","0.9994850158691406","427","427","427","0.0031132102012634277","0.0031132102012634277","0.0031132102012634277","0","0","0","0","0","0","0.37013640999794006","0.37013640999794006","0.37013640999794006","0.5697226524353027","0.5697226524353027","0.5697226524353027"
"1.0649261422191687","","","","","","","","","","","","","","","","","","","","","","","","","","","","","","","","","","","","","","","","","","","","","","","","","","","","","","","","","","","","","","","","","","","","","","","","","436","436","436","0.3593031167984009","0.3593031167984009","0.3593031167984009","2.384185791015625e-7","2.384185791015625e-7","2.384185791015625e-7","0","0","0","0.9891719818115234","0.9891719818115234","0.9891719818115234","0.9994625449180603","0.9994625449180603","0.9994625449180603","434","434","434","0.00321197509765625","0.00321197509765625","0.00321197509765625","0","0","0","0","0","0","0.3602631688117981","0.3602631688117981","0.3602631688117981","0.6013476848602295","0.6013476848602295","0.6013476848602295"
"1.0821023703194779","","","","","","","","","","","","","","","","","","","","","","","","","","","","","","","","","","","","","","","","","","","","","","","","","","","","","","","","","","","","","","","","","","","","","","","","","443","443","443","0.40089285373687744","0.40089285373687744","0.40089285373687744","5.960464477539062e-7","5.960464477539062e-7","5.960464477539062e-7","0","0","0","0.9897522330284119","0.9897522330284119","0.9897522330284119","0.9993272423744202","0.9993272423744202","0.9993272423744202","441","441","441","0.004202539566904306","0.004202539566904306","0.004202539566904306","0","0","0","0","0","0","0.3600069284439087","0.3600069284439087","0.3600069284439087","0.5776086449623108","0.5776086449623108","0.5776086449623108"
"1.0844490216271885","","","","","","","","","","","","","","","","","","","","","","","","","","","","","","","","","","","","","579","579","579","0.529556155204773","0.529556155204773","0.529556155204773","0.18033529818058014","0.18033529818058014","0.18033529818058014","0.02380061149597168","0.02380061149597168","0.02380061149597168","0.8817129731178284","0.8817129731178284","0.8817129731178284","0.9848766922950745","0.9848766922950745","0.9848766922950745","","","","","","","","","","","","","","","","","","","","","","","","","","","","","","","","","","","","","","","","","","","","","","","","","","","","","",""
"1.084459894425132","","","","","","","","","","","","","","","","","","","","","","","","","","","","","","","","","","","","","","","","","","","","","","","","","","","","","","","579","579","579","0.43673235177993774","0.43673235177993774","0.43673235177993774","0.008823603391647339","0.008823603391647339","0.008823603391647339","0.0000010728836059570312","0.0000010728836059570312","0.0000010728836059570312","0.9454357624053955","0.9454357624053955","0.9454357624053955","0.9972837567329407","0.9972837567329407","0.9972837567329407","","","","","","","","","","","","","","","","","","","","","","","","","","","","","","","","","","","",""
"1.098901098901099","2059","2059","2059","0.4320577383041382","0.4320577383041382","0.4320577383041382","0.2979893088340759","0.2979893088340759","0.2979893088340759","0.15354853868484497","0.15354853868484497","0.15354853868484497","0.5817463397979736","0.5817463397979736","0.5817463397979736","0.8168118596076965","0.8168118596076965","0.8168118596076965","2059","2059","2059","0.2542937994003296","0.2542937994003296","0.2542937994003296","0.17390406131744385","0.17390406131744385","0.17390406131744385","0.0914197564125061","0.0914197564125061","0.0914197564125061","0.3679722547531128","0.3679722547531128","0.3679722547531128","0.6022599935531616","0.6022599935531616","0.6022599935531616","","","","","","","","","","","","","","","","","","","","","","","","","","","","","","","","","","","","","","","","","","","","","","","","","","","","","","","","","","","","","","","","","","","","","","","",""
"1.099278598419787","","","","","","","","","","","","","","","","","","","","","","","","","","","","","","","","","","","","","","","","","","","","","","","","","","","","","","","","","","","","","","","","","","","","","","","","","450","450","450","0.3221742510795593","0.3221742510795593","0.3221742510795593","2.384185791015625e-7","2.384185791015625e-7","2.384185791015625e-7","0","0","0","0.9886841177940369","0.9886841177940369","0.9886841177940369","0.9993884563446045","0.9993884563446045","0.9993884563446045","448","448","448","0.0030295036267489195","0.0030295036267489195","0.0030295036267489195","0","0","0","0","0","0","0.36279627680778503","0.36279627680778503","0.36279627680778503","0.5931596755981445","0.5931596755981445","0.5931596755981445"
"1.1164548265200962","","","","","","","","","","","","","","","","","","","","","","","","","","","","","","","","","","","","","","","","","","","","","","","","","","","","","","","","","","","","","","","","","","","","","","","","","457","457","457","0.21065300703048706","0.21065300703048706","0.21065300703048706","1.8539055856334023e-14","1.8539055856334023e-14","1.8539055856334023e-14","0","0","0","0.9881336092948914","0.9881336092948914","0.9881336092948914","0.9992904663085938","0.9992904663085938","0.9992904663085938","455","455","455","0.001825869083404541","0.001825869083404541","0.001825869083404541","0","0","0","0","0","0","0.3555625379085541","0.3555625379085541","0.3555625379085541","0.564365029335022","0.564365029335022","0.564365029335022"
"1.1246138002059731","","","","","","","","","","","","","","","","","","","","","","","","","","","","","","","","","","","","","601","601","601","0.4826754331588745","0.4826754331588745","0.4826754331588745","0.1665017306804657","0.1665017306804657","0.1665017306804657","0.02955305576324463","0.02955305576324463","0.02955305576324463","0.8609801530838013","0.8609801530838013","0.8609801530838013","0.9781761765480042","0.9781761765480042","0.9781761765480042","","","","","","","","","","","","","","","","","","","","","","","","","","","","","","","","","","","","","","","","","","","","","","","","","","","","","",""
"1.1246298442126947","","","","","","","","","","","","","","","","","","","","","","","","","","","","","","","","","","","","","","","","","","","","","","","","","","","","","","","601","601","601","0.3270670175552368","0.3270670175552368","0.3270670175552368","0.007385551929473877","0.007385551929473877","0.007385551929473877","0.0000073909759521484375","0.0000073909759521484375","0.0000073909759521484375","0.94303297996521","0.94303297996521","0.94303297996521","0.9968180656433105","0.9968180656433105","0.9968180656433105","","","","","","","","","","","","","","","","","","","","","","","","","","","","","","","","","","","",""
"1.1336310546204054","","","","","","","","","","","","","","","","","","","","","","","","","","","","","","","","","","","","","","","","","","","","","","","","","","","","","","","","","","","","","","","","","","","","","","","","","464","464","464","0.2270444929599762","0.2270444929599762","0.2270444929599762","4.89851270657482e-10","4.89851270657482e-10","4.89851270657482e-10","0","0","0","0.9864377975463867","0.9864377975463867","0.9864377975463867","0.9990570545196533","0.9990570545196533","0.9990570545196533","462","462","462","0.0022507309913635254","0.0022507309913635254","0.0022507309913635254","0","0","0","0","0","0","0.34528636932373047","0.34528636932373047","0.34528636932373047","0.5296705961227417","0.5296705961227417","0.5296705961227417"
"1.1508072827207145","","","","","","","","","","","","","","","","","","","","","","","","","","","","","","","","","","","","","","","","","","","","","","","","","","","","","","","","","","","","","","","","","","","","","","","","","471","471","471","0.24947798252105713","0.24947798252105713","0.24947798252105713","2.1816972672894508e-9","2.1816972672894508e-9","2.1816972672894508e-9","0","0","0","0.9869152903556824","0.9869152903556824","0.9869152903556824","0.9993335604667664","0.9993335604667664","0.9993335604667664","469","469","469","0.0024730593431741","0.0024730593431741","0.0024730593431741","0","0","0","0","0","0","0.3452969193458557","0.3452969193458557","0.3452969193458557","0.584648609161377","0.584648609161377","0.584648609161377"
"1.1538461538461537","2162","2162","2162","0.42640987038612366","0.42640987038612366","0.42640987038612366","0.2915095090866089","0.2915095090866089","0.2915095090866089","0.15626633167266846","0.15626633167266846","0.15626633167266846","0.574658989906311","0.574658989906311","0.574658989906311","0.7991586923599243","0.7991586923599243","0.7991586923599243","2162","2162","2162","0.25400224328041077","0.25400224328041077","0.25400224328041077","0.17299947142601013","0.17299947142601013","0.17299947142601013","0.10115033388137817","0.10115033388137817","0.10115033388137817","0.3633735775947571","0.3633735775947571","0.3633735775947571","0.6047611236572266","0.6047611236572266","0.6047611236572266","","","","","","","","","","","","","","","","","","","","","","","","","","","","","","","","","","","","","","","","","","","","","","","","","","","","","","","","","","","","","","","","","","","","","","","",""
"1.164778578784758","","","","","","","","","","","","","","","","","","","","","","","","","","","","","","","","","","","","","622","622","622","0.5379201173782349","0.5379201173782349","0.5379201173782349","0.17520809173583984","0.17520809173583984","0.17520809173583984","0.019662797451019287","0.019662797451019287","0.019662797451019287","0.8713922500610352","0.8713922500610352","0.8713922500610352","0.9729562997817993","0.9729562997817993","0.9729562997817993","","","","","","","","","","","","","","","","","","","","","","","","","","","","","","","","","","","","","","","","","","","","","","","","","","","","","",""
"1.1647997940002575","","","","","","","","","","","","","","","","","","","","","","","","","","","","","","","","","","","","","","","","","","","","","","","","","","","","","","","622","622","622","0.35463830828666687","0.35463830828666687","0.35463830828666687","0.002903670072555542","0.002903670072555542","0.002903670072555542","1.1920928955078125e-7","1.1920928955078125e-7","1.1920928955078125e-7","0.9388951063156128","0.9388951063156128","0.9388951063156128","0.9965219497680664","0.9965219497680664","0.9965219497680664","","","","","","","","","","","","","","","","","","","","","","","","","","","","","","","","","","","",""
"1.1679835108210237","","","","","","","","","","","","","","","","","","","","","","","","","","","","","","","","","","","","","","","","","","","","","","","","","","","","","","","","","","","","","","","","","","","","","","","","","478","478","478","0.2862161099910736","0.2862161099910736","0.2862161099910736","1.1920928955078125e-7","1.1920928955078125e-7","1.1920928955078125e-7","0","0","0","0.9880433082580566","0.9880433082580566","0.9880433082580566","0.9992367029190063","0.9992367029190063","0.9992367029190063","476","476","476","0.0028696656227111816","0.0028696656227111816","0.0028696656227111816","0","0","0","0","0","0","0.35750219225883484","0.35750219225883484","0.35750219225883484","0.5772818922996521","0.5772818922996521","0.5772818922996521"
"1.1851597389213329","","","","","","","","","","","","","","","","","","","","","","","","","","","","","","","","","","","","","","","","","","","","","","","","","","","","","","","","","","","","","","","","","","","","","","","","","485","485","485","0.23202013969421387","0.23202013969421387","0.23202013969421387","5.18063920651457e-8","5.18063920651457e-8","5.18063920651457e-8","0","0","0","0.9869349002838135","0.9869349002838135","0.9869349002838135","0.998953640460968","0.998953640460968","0.998953640460968","483","483","483","0.002586543560028076","0.002586543560028076","0.002586543560028076","0","0","0","0","0","0","0.34321221709251404","0.34321221709251404","0.34321221709251404","0.5407958030700684","0.5407958030700684","0.5407958030700684"
"1.202335967021642","","","","","","","","","","","","","","","","","","","","","","","","","","","","","","","","","","","","","","","","","","","","","","","","","","","","","","","","","","","","","","","","","","","","","","","","","492","492","492","0.2397642731666565","0.2397642731666565","0.2397642731666565","8.484918545548226e-9","8.484918545548226e-9","8.484918545548226e-9","0","0","0","0.9861652851104736","0.9861652851104736","0.9861652851104736","0.9987946152687073","0.9987946152687073","0.9987946152687073","490","490","490","0.002584099769592285","0.002584099769592285","0.002584099769592285","0","0","0","0","0","0","0.3531011641025543","0.3531011641025543","0.3531011641025543","0.5168262720108032","0.5168262720108032","0.5168262720108032"
"1.2049433573635429","","","","","","","","","","","","","","","","","","","","","","","","","","","","","","","","","","","","","644","644","644","0.4799313545227051","0.4799313545227051","0.4799313545227051","0.18012593686580658","0.18012593686580658","0.18012593686580658","0.030847787857055664","0.030847787857055664","0.030847787857055664","0.8601305484771729","0.8601305484771729","0.8601305484771729","0.9739776849746704","0.9739776849746704","0.9739776849746704","","","","","","","","","","","","","","","","","","","","","","","","","","","","","","","","","","","","","","","","","","","","","","","","","","","","","",""
"1.2049697437878202","","","","","","","","","","","","","","","","","","","","","","","","","","","","","","","","","","","","","","","","","","","","","","","","","","","","","","","644","644","644","0.38214826583862305","0.38214826583862305","0.38214826583862305","0.004111349582672119","0.004111349582672119","0.004111349582672119","0.0000034570693969726562","0.0000034570693969726562","0.0000034570693969726562","0.9274131059646606","0.9274131059646606","0.9274131059646606","0.9876810908317566","0.9876810908317566","0.9876810908317566","","","","","","","","","","","","","","","","","","","","","","","","","","","","","","","","","","","",""
"1.2087912087912087","2265","2265","2265","0.41853079199790955","0.41853079199790955","0.41853079199790955","0.28681105375289917","0.28681105375289917","0.28681105375289917","0.16271299123764038","0.16271299123764038","0.16271299123764038","0.571662187576294","0.571662187576294","0.571662187576294","0.8071251511573792","0.8071251511573792","0.8071251511573792","2265","2265","2265","0.24876120686531067","0.24876120686531067","0.24876120686531067","0.1664934754371643","0.1664934754371643","0.1664934754371643","0.0993226170539856","0.0993226170539856","0.0993226170539856","0.3561180531978607","0.3561180531978607","0.3561180531978607","0.5921200513839722","0.5921200513839722","0.5921200513839722","","","","","","","","","","","","","","","","","","","","","","","","","","","","","","","","","","","","","","","","","","","","","","","","","","","","","","","","","","","","","","","","","","","","","","","",""
"1.2195121951219512","","","","","","","","","","","","","","","","","","","","","","","","","","","","","","","","","","","","","","","","","","","","","","","","","","","","","","","","","","","","","","","","","","","","","","","","","499","499","499","0.24607470631599426","0.24607470631599426","0.24607470631599426","1.1920928955078125e-7","1.1920928955078125e-7","1.1920928955078125e-7","0","0","0","0.9861482977867126","0.9861482977867126","0.9861482977867126","0.9987763166427612","0.9987763166427612","0.9987763166427612","497","497","497","0.0026571154594421387","0.0026571154594421387","0.0026571154594421387","0","0","0","0","0","0","0.34570279717445374","0.34570279717445374","0.34570279717445374","0.5166804194450378","0.5166804194450378","0.5166804194450378"
"1.2366884232222604","","","","","","","","","","","","","","","","","","","","","","","","","","","","","","","","","","","","","","","","","","","","","","","","","","","","","","","","","","","","","","","","","","","","","","","","","506","506","506","0.22443431615829468","0.22443431615829468","0.22443431615829468","3.1554797885746666e-8","3.1554797885746666e-8","3.1554797885746666e-8","0","0","0","0.9859476089477539","0.9859476089477539","0.9859476089477539","0.9990764856338501","0.9990764856338501","0.9990764856338501","504","504","504","0.002419114112854004","0.002419114112854004","0.002419114112854004","0","0","0","0","0","0","0.34494152665138245","0.34494152665138245","0.34494152665138245","0.5353240966796875","0.5353240966796875","0.5353240966796875"
"1.2451081359423275","","","","","","","","","","","","","","","","","","","","","","","","","","","","","","","","","","","","","665","665","665","0.46486037969589233","0.46486037969589233","0.46486037969589233","0.16412419080734253","0.16412419080734253","0.16412419080734253","0.00912708044052124","0.00912708044052124","0.00912708044052124","0.8458235263824463","0.8458235263824463","0.8458235263824463","0.9771796464920044","0.9771796464920044","0.9771796464920044","","","","","","","","","","","","","","","","","","","","","","","","","","","","","","","","","","","","","","","","","","","","","","","","","","","","","",""
"1.2451396935753831","","","","","","","","","","","","","","","","","","","","","","","","","","","","","","","","","","","","","","","","","","","","","","","","","","","","","","","665","665","665","0.29936105012893677","0.29936105012893677","0.29936105012893677","0.0021822452545166016","0.0021822452545166016","0.0021822452545166016","0.000004172325134277344","0.000004172325134277344","0.000004172325134277344","0.918375551700592","0.918375551700592","0.918375551700592","0.993986189365387","0.993986189365387","0.993986189365387","","","","","","","","","","","","","","","","","","","","","","","","","","","","","","","","","","","",""
"1.2538646513225695","","","","","","","","","","","","","","","","","","","","","","","","","","","","","","","","","","","","","","","","","","","","","","","","","","","","","","","","","","","","","","","","","","","","","","","","","513","513","513","0.28146135807037354","0.28146135807037354","0.28146135807037354","1.1920928955078125e-7","1.1920928955078125e-7","1.1920928955078125e-7","0","0","0","0.9859546422958374","0.9859546422958374","0.9859546422958374","0.9988943934440613","0.9988943934440613","0.9988943934440613","511","511","511","0.0031467676162719727","0.0031467676162719727","0.0031467676162719727","0","0","0","0","0","0","0.3543508052825928","0.3543508052825928","0.3543508052825928","0.5331063270568848","0.5331063270568848","0.5331063270568848"
"1.2637362637362637","2368","2368","2368","0.4153722822666168","0.4153722822666168","0.4153722822666168","0.28360873460769653","0.28360873460769653","0.28360873460769653","0.15339761972427368","0.15339761972427368","0.15339761972427368","0.564445972442627","0.564445972442627","0.564445972442627","0.7985817193984985","0.7985817193984985","0.7985817193984985","2368","2368","2368","0.2473982572555542","0.2473982572555542","0.2473982572555542","0.16409605741500854","0.16409605741500854","0.16409605741500854","0.08434247970581055","0.08434247970581055","0.08434247970581055","0.35725101828575134","0.35725101828575134","0.35725101828575134","0.5986825823783875","0.5986825823783875","0.5986825823783875","","","","","","","","","","","","","","","","","","","","","","","","","","","","","","","","","","","","","","","","","","","","","","","","","","","","","","","","","","","","","","","","","","","","","","","",""
"1.2710408794228787","","","","","","","","","","","","","","","","","","","","","","","","","","","","","","","","","","","","","","","","","","","","","","","","","","","","","","","","","","","","","","","","","","","","","","","","","520","520","520","0.2659928798675537","0.2659928798675537","0.2659928798675537","2.384185791015625e-7","2.384185791015625e-7","2.384185791015625e-7","0","0","0","0.9856289029121399","0.9856289029121399","0.9856289029121399","0.9987195730209351","0.9987195730209351","0.9987195730209351","518","518","518","0.003391861915588379","0.003391861915588379","0.003391861915588379","0","0","0","0","0","0","0.3491412401199341","0.3491412401199341","0.3491412401199341","0.5151586532592773","0.5151586532592773","0.5151586532592773"
"1.2852729145211121","","","","","","","","","","","","","","","","","","","","","","","","","","","","","","","","","","","","","687","687","687","0.4927315413951874","0.4927315413951874","0.4927315413951874","0.1675547957420349","0.1675547957420349","0.1675547957420349","0.022459208965301514","0.022459208965301514","0.022459208965301514","0.8657363057136536","0.8657363057136536","0.8657363057136536","0.9856968522071838","0.9856968522071838","0.9856968522071838","","","","","","","","","","","","","","","","","","","","","","","","","","","","","","","","","","","","","","","","","","","","","","","","","","","","","",""
"1.2853096433629458","","","","","","","","","","","","","","","","","","","","","","","","","","","","","","","","","","","","","","","","","","","","","","","","","","","","","","","687","687","687","0.4137580394744873","0.4137580394744873","0.4137580394744873","0.003131687641143799","0.003131687641143799","0.003131687641143799","0.0000152587890625","0.0000152587890625","0.0000152587890625","0.9382365345954895","0.9382365345954895","0.9382365345954895","0.9914993643760681","0.9914993643760681","0.9914993643760681","","","","","","","","","","","","","","","","","","","","","","","","","","","","","","","","","","","",""
"1.2882171075231879","","","","","","","","","","","","","","","","","","","","","","","","","","","","","","","","","","","","","","","","","","","","","","","","","","","","","","","","","","","","","","","","","","","","","","","","","527","527","527","0.2673969566822052","0.2673969566822052","0.2673969566822052","1.7881393432617188e-7","1.7881393432617188e-7","1.7881393432617188e-7","0","0","0","0.9847313165664673","0.9847313165664673","0.9847313165664673","0.999019205570221","0.999019205570221","0.999019205570221","525","525","525","0.003041684627532959","0.003041684627532959","0.003041684627532959","0","0","0","0","0","0","0.3421071171760559","0.3421071171760559","0.3421071171760559","0.5482561588287354","0.5482561588287354","0.5482561588287354"
"1.305393335623497","","","","","","","","","","","","","","","","","","","","","","","","","","","","","","","","","","","","","","","","","","","","","","","","","","","","","","","","","","","","","","","","","","","","","","","","","534","534","534","0.23194579780101776","0.23194579780101776","0.23194579780101776","1.1920928955078125e-7","1.1920928955078125e-7","1.1920928955078125e-7","0","0","0","0.9825334548950195","0.9825334548950195","0.9825334548950195","0.9986684918403625","0.9986684918403625","0.9986684918403625","532","532","532","0.003143019275739789","0.003143019275739789","0.003143019275739789","0","0","0","0","0","0","0.3311038017272949","0.3311038017272949","0.3311038017272949","0.5072415471076965","0.5072415471076965","0.5072415471076965"
"1.3186813186813187","2471","2471","2471","0.4106411933898926","0.4106411933898926","0.4106411933898926","0.28104907274246216","0.28104907274246216","0.28104907274246216","0.15574485063552856","0.15574485063552856","0.15574485063552856","0.5572598576545715","0.5572598576545715","0.5572598576545715","0.7890157103538513","0.7890157103538513","0.7890157103538513","2471","2471","2471","0.24481701850891113","0.24481701850891113","0.24481701850891113","0.16136126220226288","0.16136126220226288","0.16136126220226288","0.0733979344367981","0.0733979344367981","0.0733979344367981","0.35379835963249207","0.35379835963249207","0.35379835963249207","0.5951247811317444","0.5951247811317444","0.5951247811317444","","","","","","","","","","","","","","","","","","","","","","","","","","","","","","","","","","","","","","","","","","","","","","","","","","","","","","","","","","","","","","","","","","","","","","","",""
"1.3225695637238062","","","","","","","","","","","","","","","","","","","","","","","","","","","","","","","","","","","","","","","","","","","","","","","","","","","","","","","","","","","","","","","","","","","","","","","","","541","541","541","0.18761658668518066","0.18761658668518066","0.18761658668518066","1.719924896947944e-11","1.719924896947944e-11","1.719924896947944e-11","0","0","0","0.9812985062599182","0.9812985062599182","0.9812985062599182","0.9982633590698242","0.9982633590698242","0.9982633590698242","539","539","539","0.0020285844802856445","0.0020285844802856445","0.0020285844802856445","0","0","0","0","0","0","0.33231881260871887","0.33231881260871887","0.33231881260871887","0.5198863744735718","0.5198863744735718","0.5198863744735718"
"1.325437693099897","","","","","","","","","","","","","","","","","","","","","","","","","","","","","","","","","","","","","708","708","708","0.5101386904716492","0.5101386904716492","0.5101386904716492","0.16327451169490814","0.16327451169490814","0.16327451169490814","0.019268453121185303","0.019268453121185303","0.019268453121185303","0.8598182201385498","0.8598182201385498","0.8598182201385498","0.9772844314575195","0.9772844314575195","0.9772844314575195","","","","","","","","","","","","","","","","","","","","","","","","","","","","","","","","","","","","","","","","","","","","","","","","","","","","","",""
"1.3254795931505086","","","","","","","","","","","","","","","","","","","","","","","","","","","","","","","","","","","","","","","","","","","","","","","","","","","","","","","708","708","708","0.399583101272583","0.399583101272583","0.399583101272583","0.0019252300262451172","0.0019252300262451172","0.0019252300262451172","0.000004410743713378906","0.000004410743713378906","0.000004410743713378906","0.9423602819442749","0.9423602819442749","0.9423602819442749","0.9946284294128418","0.9946284294128418","0.9946284294128418","","","","","","","","","","","","","","","","","","","","","","","","","","","","","","","","","","","",""
"1.3397457918241154","","","","","","","","","","","","","","","","","","","","","","","","","","","","","","","","","","","","","","","","","","","","","","","","","","","","","","","","","","","","","","","","","","","","","","","","","548","548","548","0.13523107767105103","0.13523107767105103","0.13523107767105103","0","0","0","0","0","0","0.9818530082702637","0.9818530082702637","0.9818530082702637","0.9979892373085022","0.9979892373085022","0.9979892373085022","546","546","546","0.0016668438911437988","0.0016668438911437988","0.0016668438911437988","0","0","0","0","0","0","0.33033788204193115","0.33033788204193115","0.33033788204193115","0.4928303360939026","0.4928303360939026","0.4928303360939026"
"1.3569220199244245","","","","","","","","","","","","","","","","","","","","","","","","","","","","","","","","","","","","","","","","","","","","","","","","","","","","","","","","","","","","","","","","","","","","","","","","","555","555","555","0.1836562156677246","0.1836562156677246","0.1836562156677246","9.241991616448786e-10","9.241991616448786e-10","9.241991616448786e-10","0","0","0","0.9815487861633301","0.9815487861633301","0.9815487861633301","0.998787522315979","0.998787522315979","0.998787522315979","553","553","553","0.0023797154426574707","0.0023797154426574707","0.0023797154426574707","0","0","0","0","0","0","0.331143856048584","0.331143856048584","0.331143856048584","0.5299646854400635","0.5299646854400635","0.5299646854400635"
"1.3656024716786819","","","","","","","","","","","","","","","","","","","","","","","","","","","","","","","","","","","","","730","730","730","0.49675625562667847","0.49675625562667847","0.49675625562667847","0.1466275155544281","0.1466275155544281","0.1466275155544281","0.017814934253692627","0.017814934253692627","0.017814934253692627","0.8451985120773315","0.8451985120773315","0.8451985120773315","0.9875456094741821","0.9875456094741821","0.9875456094741821","","","","","","","","","","","","","","","","","","","","","","","","","","","","","","","","","","","","","","","","","","","","","","","","","","","","","",""
"1.3656495429380713","","","","","","","","","","","","","","","","","","","","","","","","","","","","","","","","","","","","","","","","","","","","","","","","","","","","","","","730","730","730","0.31591784954071045","0.31591784954071045","0.31591784954071045","0.0013885498046875","0.0013885498046875","0.0013885498046875","0.0000020265579223632812","0.0000020265579223632812","0.0000020265579223632812","0.910014808177948","0.910014808177948","0.910014808177948","0.9937793016433716","0.9937793016433716","0.9937793016433716","","","","","","","","","","","","","","","","","","","","","","","","","","","","","","","","","","","",""
"1.3736263736263736","2574","2574","2574","0.40716126561164856","0.40716126561164856","0.40716126561164856","0.283136785030365","0.283136785030365","0.283136785030365","0.14421182870864868","0.14421182870864868","0.14421182870864868","0.556986391544342","0.556986391544342","0.556986391544342","0.7866800427436829","0.7866800427436829","0.7866800427436829","2574","2574","2574","0.24355298280715942","0.24355298280715942","0.24355298280715942","0.16360393166542053","0.16360393166542053","0.16360393166542053","0.07656437158584595","0.07656437158584595","0.07656437158584595","0.35398221015930176","0.35398221015930176","0.35398221015930176","0.5930137634277344","0.5930137634277344","0.5930137634277344","","","","","","","","","","","","","","","","","","","","","","","","","","","","","","","","","","","","","","","","","","","","","","","","","","","","","","","","","","","","","","","","","","","","","","","",""
"1.3740982480247337","","","","","","","","","","","","","","","","","","","","","","","","","","","","","","","","","","","","","","","","","","","","","","","","","","","","","","","","","","","","","","","","","","","","","","","","","562","562","562","0.09982800483703613","0.09982800483703613","0.09982800483703613","0","0","0","0","0","0","0.9789696931838989","0.9789696931838989","0.9789696931838989","0.9987310171127319","0.9987310171127319","0.9987310171127319","560","560","560","0.0012710094451904297","0.0012710094451904297","0.0012710094451904297","0","0","0","0","0","0","0.3258398175239563","0.3258398175239563","0.3258398175239563","0.5274101495742798","0.5274101495742798","0.5274101495742798"
"1.391274476125043","","","","","","","","","","","","","","","","","","","","","","","","","","","","","","","","","","","","","","","","","","","","","","","","","","","","","","","","","","","","","","","","","","","","","","","","","569","569","569","0.13169194757938385","0.13169194757938385","0.13169194757938385","0","0","0","0","0","0","0.9792505502700806","0.9792505502700806","0.9792505502700806","0.9984713792800903","0.9984713792800903","0.9984713792800903","567","567","567","0.0014688372611999512","0.0014688372611999512","0.0014688372611999512","0","0","0","0","0","0","0.32271715998649597","0.32271715998649597","0.32271715998649597","0.5219405889511108","0.5219405889511108","0.5219405889511108"
"1.4057672502574665","","","","","","","","","","","","","","","","","","","","","","","","","","","","","","","","","","","","","751","751","751","0.469272255897522","0.469272255897522","0.469272255897522","0.15758955478668213","0.15758955478668213","0.15758955478668213","0.026354670524597168","0.026354670524597168","0.026354670524597168","0.8409514427185059","0.8409514427185059","0.8409514427185059","0.9823638200759888","0.9823638200759888","0.9823638200759888","","","","","","","","","","","","","","","","","","","","","","","","","","","","","","","","","","","","","","","","","","","","","","","","","","","","","",""
"1.4058194927256342","","","","","","","","","","","","","","","","","","","","","","","","","","","","","","","","","","","","","","","","","","","","","","","","","","","","","","","751","751","751","0.313681423664093","0.313681423664093","0.313681423664093","0.0018912851810455322","0.0018912851810455322","0.0018912851810455322","0.000004410743713378906","0.000004410743713378906","0.000004410743713378906","0.9195196628570557","0.9195196628570557","0.9195196628570557","0.9938744902610779","0.9938744902610779","0.9938744902610779","","","","","","","","","","","","","","","","","","","","","","","","","","","","","","","","","","","",""
"1.408450704225352","","","","","","","","","","","","","","","","","","","","","","","","","","","","","","","","","","","","","","","","","","","","","","","","","","","","","","","","","","","","","","","","","","","","","","","","","576","576","576","0.1400403529405594","0.1400403529405594","0.1400403529405594","4.710800152740724e-11","4.710800152740724e-11","4.710800152740724e-11","0","0","0","0.9787763953208923","0.9787763953208923","0.9787763953208923","0.9978008270263672","0.9978008270263672","0.9978008270263672","574","574","574","0.001895904541015625","0.001895904541015625","0.001895904541015625","0","0","0","0","0","0","0.32090556621551514","0.32090556621551514","0.32090556621551514","0.5041713714599609","0.5041713714599609","0.5041713714599609"
"1.4256269323256614","","","","","","","","","","","","","","","","","","","","","","","","","","","","","","","","","","","","","","","","","","","","","","","","","","","","","","","","","","","","","","","","","","","","","","","","","583","583","583","0.09322506189346313","0.09322506189346313","0.09322506189346313","0","0","0","0","0","0","0.9791737198829651","0.9791737198829651","0.9791737198829651","0.9979036450386047","0.9979036450386047","0.9979036450386047","581","581","581","0.0011182427406311035","0.0011182427406311035","0.0011182427406311035","0","0","0","0","0","0","0.3233882486820221","0.3233882486820221","0.3233882486820221","0.47825172543525696","0.47825172543525696","0.47825172543525696"
"1.4285714285714286","2677","2677","2677","0.4039764404296875","0.4039764404296875","0.4039764404296875","0.2787158489227295","0.2787158489227295","0.2787158489227295","0.14574390649795532","0.14574390649795532","0.14574390649795532","0.5599899888038635","0.5599899888038635","0.5599899888038635","0.7969310879707336","0.7969310879707336","0.7969310879707336","2677","2677","2677","0.24081045389175415","0.24081045389175415","0.24081045389175415","0.160838782787323","0.160838782787323","0.160838782787323","0.07074683904647827","0.07074683904647827","0.07074683904647827","0.3505110442638397","0.3505110442638397","0.3505110442638397","0.5944423675537109","0.5944423675537109","0.5944423675537109","","","","","","","","","","","","","","","","","","","","","","","","","","","","","","","","","","","","","","","","","","","","","","","","","","","","","","","","","","","","","","","","","","","","","","","",""
"1.4428031604259703","","","","","","","","","","","","","","","","","","","","","","","","","","","","","","","","","","","","","","","","","","","","","","","","","","","","","","","","","","","","","","","","","","","","","","","","","590","590","590","0.16019177436828613","0.16019177436828613","0.16019177436828613","1.5625331584168123e-10","1.5625331584168123e-10","1.5625331584168123e-10","0","0","0","0.978276789188385","0.978276789188385","0.978276789188385","0.9985275268554688","0.9985275268554688","0.9985275268554688","588","588","588","0.0019128844141960144","0.0019128844141960144","0.0019128844141960144","0","0","0","0","0","0","0.3147372007369995","0.3147372007369995","0.3147372007369995","0.5247754454612732","0.5247754454612732","0.5247754454612732"
"1.4459320288362512","","","","","","","","","","","","","","","","","","","","","","","","","","","","","","","","","","","","","773","773","773","0.470651775598526","0.470651775598526","0.470651775598526","0.16686943173408508","0.16686943173408508","0.16686943173408508","0.043141186237335205","0.043141186237335205","0.043141186237335205","0.8688329458236694","0.8688329458236694","0.8688329458236694","0.9842231273651123","0.9842231273651123","0.9842231273651123","","","","","","","","","","","","","","","","","","","","","","","","","","","","","","","","","","","","","","","","","","","","","","","","","","","","","",""
"1.4459894425131967","","","","","","","","","","","","","","","","","","","","","","","","","","","","","","","","","","","","","","","","","","","","","","","","","","","","","","","773","773","773","0.3479035794734955","0.3479035794734955","0.3479035794734955","0.001160488580353558","0.001160488580353558","0.001160488580353558","0.000004291534423828125","0.000004291534423828125","0.000004291534423828125","0.9281721115112305","0.9281721115112305","0.9281721115112305","0.9955325126647949","0.9955325126647949","0.9955325126647949","","","","","","","","","","","","","","","","","","","","","","","","","","","","","","","","","","","",""
"1.4599793885262797","","","","","","","","","","","","","","","","","","","","","","","","","","","","","","","","","","","","","","","","","","","","","","","","","","","","","","","","","","","","","","","","","","","","","","","","","597","597","597","0.14065337181091309","0.14065337181091309","0.14065337181091309","1.1531689231986109e-12","1.1531689231986109e-12","1.1531689231986109e-12","0","0","0","0.9776114225387573","0.9776114225387573","0.9776114225387573","0.9979170560836792","0.9979170560836792","0.9979170560836792","595","595","595","0.0015532374382019043","0.0015532374382019043","0.0015532374382019043","0","0","0","0","0","0","0.3177648186683655","0.3177648186683655","0.3177648186683655","0.4743630290031433","0.4743630290031433","0.4743630290031433"
"1.4771556166265887","","","","","","","","","","","","","","","","","","","","","","","","","","","","","","","","","","","","","","","","","","","","","","","","","","","","","","","","","","","","","","","","","","","","","","","","","604","604","604","0.15702658891677856","0.15702658891677856","0.15702658891677856","7.61794893833212e-9","7.61794893833212e-9","7.61794893833212e-9","0","0","0","0.9771597981452942","0.9771597981452942","0.9771597981452942","0.9983570575714111","0.9983570575714111","0.9983570575714111","602","602","602","0.00209214654751122","0.00209214654751122","0.00209214654751122","0","0","0","0","0","0","0.31952035427093506","0.31952035427093506","0.31952035427093506","0.5166646838188171","0.5166646838188171","0.5166646838188171"
"1.4835164835164836","2780","2780","2780","0.3993854224681854","0.3993854224681854","0.3993854224681854","0.27856823801994324","0.27856823801994324","0.27856823801994324","0.13560616970062256","0.13560616970062256","0.13560616970062256","0.5528386235237122","0.5528386235237122","0.5528386235237122","0.7848874926567078","0.7848874926567078","0.7848874926567078","2780","2780","2780","0.24034160375595093","0.24034160375595093","0.24034160375595093","0.15815168619155884","0.15815168619155884","0.15815168619155884","0.07588821649551392","0.07588821649551392","0.07588821649551392","0.3491426706314087","0.3491426706314087","0.3491426706314087","0.5912818312644958","0.5912818312644958","0.5912818312644958","","","","","","","","","","","","","","","","","","","","","","","","","","","","","","","","","","","","","","","","","","","","","","","","","","","","","","","","","","","","","","","","","","","","","","","",""
"1.486096807415036","","","","","","","","","","","","","","","","","","","","","","","","","","","","","","","","","","","","","794","794","794","0.47960329055786133","0.47960329055786133","0.47960329055786133","0.14621210098266602","0.14621210098266602","0.14621210098266602","0.01739335060119629","0.01739335060119629","0.01739335060119629","0.8660844564437866","0.8660844564437866","0.8660844564437866","0.9827581644058228","0.9827581644058228","0.9827581644058228","","","","","","","","","","","","","","","","","","","","","","","","","","","","","","","","","","","","","","","","","","","","","","","","","","","","","",""
"1.4861593923007597","","","","","","","","","","","","","","","","","","","","","","","","","","","","","","","","","","","","","","","","","","","","","","","","","","","","","","","794","794","794","0.3197740316390991","0.3197740316390991","0.3197740316390991","0.0018171072006225586","0.0018171072006225586","0.0018171072006225586","0.000001430511474609375","0.000001430511474609375","0.000001430511474609375","0.9312608242034912","0.9312608242034912","0.9312608242034912","0.995477020740509","0.995477020740509","0.995477020740509","","","","","","","","","","","","","","","","","","","","","","","","","","","","","","","","","","","",""
"1.494331844726898","","","","","","","","","","","","","","","","","","","","","","","","","","","","","","","","","","","","","","","","","","","","","","","","","","","","","","","","","","","","","","","","","","","","","","","","","611","611","611","0.11483538150787354","0.11483538150787354","0.11483538150787354","0","0","0","0","0","0","0.9749097228050232","0.9749097228050232","0.9749097228050232","0.9968754053115845","0.9968754053115845","0.9968754053115845","609","609","609","0.001482546329498291","0.001482546329498291","0.001482546329498291","0","0","0","0","0","0","0.3106297552585602","0.3106297552585602","0.3106297552585602","0.46915242075920105","0.46915242075920105","0.46915242075920105"
"1.511508072827207","","","","","","","","","","","","","","","","","","","","","","","","","","","","","","","","","","","","","","","","","","","","","","","","","","","","","","","","","","","","","","","","","","","","","","","","","618","618","618","0.1054571270942688","0.1054571270942688","0.1054571270942688","0","0","0","0","0","0","0.9747011661529541","0.9747011661529541","0.9747011661529541","0.9965594410896301","0.9965594410896301","0.9965594410896301","616","616","616","0.0012282729148864746","0.0012282729148864746","0.0012282729148864746","0","0","0","0","0","0","0.31196048855781555","0.31196048855781555","0.31196048855781555","0.4675235152244568","0.4675235152244568","0.4675235152244568"
"1.526261585993821","","","","","","","","","","","","","","","","","","","","","","","","","","","","","","","","","","","","","816","816","816","0.4935884177684784","0.4935884177684784","0.4935884177684784","0.14456897974014282","0.14456897974014282","0.14456897974014282","0.007010459899902344","0.007010459899902344","0.007010459899902344","0.8589211702346802","0.8589211702346802","0.8589211702346802","0.9638546109199524","0.9638546109199524","0.9638546109199524","","","","","","","","","","","","","","","","","","","","","","","","","","","","","","","","","","","","","","","","","","","","","","","","","","","","","",""
"1.5263293420883224","","","","","","","","","","","","","","","","","","","","","","","","","","","","","","","","","","","","","","","","","","","","","","","","","","","","","","","816","816","816","0.34429246187210083","0.34429246187210083","0.34429246187210083","0.0016958117485046387","0.0016958117485046387","0.0016958117485046387","0.0000021457672119140625","0.0000021457672119140625","0.0000021457672119140625","0.9334564208984375","0.9334564208984375","0.9334564208984375","0.9961687922477722","0.9961687922477722","0.9961687922477722","","","","","","","","","","","","","","","","","","","","","","","","","","","","","","","","","","","",""
"1.5286843009275164","","","","","","","","","","","","","","","","","","","","","","","","","","","","","","","","","","","","","","","","","","","","","","","","","","","","","","","","","","","","","","","","","","","","","","","","","625","625","625","0.09906727820634842","0.09906727820634842","0.09906727820634842","0","0","0","0","0","0","0.9740232229232788","0.9740232229232788","0.9740232229232788","0.9979448318481445","0.9979448318481445","0.9979448318481445","623","623","623","0.0012364387512207031","0.0012364387512207031","0.0012364387512207031","0","0","0","0","0","0","0.30687215924263","0.30687215924263","0.30687215924263","0.5139181017875671","0.5139181017875671","0.5139181017875671"
"1.5384615384615383","2883","2883","2883","0.4005187749862671","0.4005187749862671","0.4005187749862671","0.27567505836486816","0.27567505836486816","0.27567505836486816","0.14836227893829346","0.14836227893829346","0.14836227893829346","0.546736478805542","0.546736478805542","0.546736478805542","0.7951913475990295","0.7951913475990295","0.7951913475990295","2883","2883","2883","0.23688119649887085","0.23688119649887085","0.23688119649887085","0.15694719552993774","0.15694719552993774","0.15694719552993774","0.0773656964302063","0.0773656964302063","0.0773656964302063","0.34618061780929565","0.34618061780929565","0.34618061780929565","0.5792776346206665","0.5792776346206665","0.5792776346206665","","","","","","","","","","","","","","","","","","","","","","","","","","","","","","","","","","","","","","","","","","","","","","","","","","","","","","","","","","","","","","","","","","","","","","","",""
"1.5458605290278253","","","","","","","","","","","","","","","","","","","","","","","","","","","","","","","","","","","","","","","","","","","","","","","","","","","","","","","","","","","","","","","","","","","","","","","","","632","632","632","0.10626864433288574","0.10626864433288574","0.10626864433288574","1.0005703947671418e-12","1.0005703947671418e-12","1.0005703947671418e-12","0","0","0","0.9755326509475708","0.9755326509475708","0.9755326509475708","0.9977126121520996","0.9977126121520996","0.9977126121520996","630","630","630","0.0016777031123638153","0.0016777031123638153","0.0016777031123638153","0","0","0","0","0","0","0.315977543592453","0.315977543592453","0.315977543592453","0.4893142282962799","0.4893142282962799","0.4893142282962799"
"1.5630367571281347","","","","","","","","","","","","","","","","","","","","","","","","","","","","","","","","","","","","","","","","","","","","","","","","","","","","","","","","","","","","","","","","","","","","","","","","","639","639","639","0.16227561235427856","0.16227561235427856","0.16227561235427856","1.1920928955078125e-7","1.1920928955078125e-7","1.1920928955078125e-7","0","0","0","0.9738720655441284","0.9738720655441284","0.9738720655441284","0.9976588487625122","0.9976588487625122","0.9976588487625122","637","637","637","0.0023627281188964844","0.0023627281188964844","0.0023627281188964844","0","0","0","0","0","0","0.30985933542251587","0.30985933542251587","0.30985933542251587","0.48664647340774536","0.48664647340774536","0.48664647340774536"
"1.5664263645726055","","","","","","","","","","","","","","","","","","","","","","","","","","","","","","","","","","","","","837","837","837","0.4603363871574402","0.4603363871574402","0.4603363871574402","0.14542052149772644","0.14542052149772644","0.14542052149772644","0.01870030164718628","0.01870030164718628","0.01870030164718628","0.8178820610046387","0.8178820610046387","0.8178820610046387","0.9541540741920471","0.9541540741920471","0.9541540741920471","","","","","","","","","","","","","","","","","","","","","","","","","","","","","","","","","","","","","","","","","","","","","","","","","","","","","",""
"1.566499291875885","","","","","","","","","","","","","","","","","","","","","","","","","","","","","","","","","","","","","","","","","","","","","","","","","","","","","","","837","837","837","0.3444257378578186","0.3444257378578186","0.3444257378578186","0.0036246180534362793","0.0036246180534362793","0.0036246180534362793","0.000004291534423828125","0.000004291534423828125","0.000004291534423828125","0.9349309206008911","0.9349309206008911","0.9349309206008911","0.9976332187652588","0.9976332187652588","0.9976332187652588","","","","","","","","","","","","","","","","","","","","","","","","","","","","","","","","","","","",""
"1.5802129852284437","","","","","","","","","","","","","","","","","","","","","","","","","","","","","","","","","","","","","","","","","","","","","","","","","","","","","","","","","","","","","","","","","","","","","","","","","646","646","646","0.14183056354522705","0.14183056354522705","0.14183056354522705","1.1920928955078125e-7","1.1920928955078125e-7","1.1920928955078125e-7","0","0","0","0.9730470180511475","0.9730470180511475","0.9730470180511475","0.9976848363876343","0.9976848363876343","0.9976848363876343","644","644","644","0.0020192861557006836","0.0020192861557006836","0.0020192861557006836","0","0","0","0","0","0","0.3059234619140625","0.3059234619140625","0.3059234619140625","0.48380157351493835","0.48380157351493835","0.48380157351493835"
"1.5934065934065935","2986","2986","2986","0.4006088078022003","0.4006088078022003","0.4006088078022003","0.2756398916244507","0.2756398916244507","0.2756398916244507","0.13282477855682373","0.13282477855682373","0.13282477855682373","0.5447506904602051","0.5447506904602051","0.5447506904602051","0.781313955783844","0.781313955783844","0.781313955783844","2986","2986","2986","0.23730206489562988","0.23730206489562988","0.23730206489562988","0.1571190357208252","0.1571190357208252","0.1571190357208252","0.07782924175262451","0.07782924175262451","0.07782924175262451","0.345109760761261","0.345109760761261","0.345109760761261","0.5796355605125427","0.5796355605125427","0.5796355605125427","","","","","","","","","","","","","","","","","","","","","","","","","","","","","","","","","","","","","","","","","","","","","","","","","","","","","","","","","","","","","","","","","","","","","","","",""
"1.597389213328753","","","","","","","","","","","","","","","","","","","","","","","","","","","","","","","","","","","","","","","","","","","","","","","","","","","","","","","","","","","","","","","","","","","","","","","","","653","653","653","0.15202432870864868","0.15202432870864868","0.15202432870864868","1.1920928955078125e-7","1.1920928955078125e-7","1.1920928955078125e-7","0","0","0","0.9707164764404297","0.9707164764404297","0.9707164764404297","0.997811496257782","0.997811496257782","0.997811496257782","651","651","651","0.002423966536298394","0.002423966536298394","0.002423966536298394","0","0","0","0","0","0","0.29619622230529785","0.29619622230529785","0.29619622230529785","0.49657508730888367","0.49657508730888367","0.49657508730888367"
"1.6065911431513902","","","","","","","","","","","","","","","","","","","","","","","","","","","","","","","","","","","","","859","859","859","0.4633141756057739","0.4633141756057739","0.4633141756057739","0.13487324118614197","0.13487324118614197","0.13487324118614197","0.023331880569458008","0.023331880569458008","0.023331880569458008","0.8681563138961792","0.8681563138961792","0.8681563138961792","0.9863238334655762","0.9863238334655762","0.9863238334655762","","","","","","","","","","","","","","","","","","","","","","","","","","","","","","","","","","","","","","","","","","","","","","","","","","","","","",""
"1.606669241663448","","","","","","","","","","","","","","","","","","","","","","","","","","","","","","","","","","","","","","","","","","","","","","","","","","","","","","","859","859","859","0.3998088240623474","0.3998088240623474","0.3998088240623474","0.002331866417080164","0.002331866417080164","0.002331866417080164","0","0","0","0.9426315426826477","0.9426315426826477","0.9426315426826477","0.995319664478302","0.995319664478302","0.995319664478302","","","","","","","","","","","","","","","","","","","","","","","","","","","","","","","","","","","",""
"1.6145654414290622","","","","","","","","","","","","","","","","","","","","","","","","","","","","","","","","","","","","","","","","","","","","","","","","","","","","","","","","","","","","","","","","","","","","","","","","","660","660","660","0.14879024028778076","0.14879024028778076","0.14879024028778076","1.1920928955078125e-7","1.1920928955078125e-7","1.1920928955078125e-7","0","0","0","0.9718583226203918","0.9718583226203918","0.9718583226203918","0.9972882270812988","0.9972882270812988","0.9972882270812988","658","658","658","0.0022277235984802246","0.0022277235984802246","0.0022277235984802246","0","0","0","0","0","0","0.3050440847873688","0.3050440847873688","0.3050440847873688","0.46967700123786926","0.46967700123786926","0.46967700123786926"
"1.6317416695293714","","","","","","","","","","","","","","","","","","","","","","","","","","","","","","","","","","","","","","","","","","","","","","","","","","","","","","","","","","","","","","","","","","","","","","","","","667","667","667","0.15206360816955566","0.15206360816955566","0.15206360816955566","1.2755788247886812e-7","1.2755788247886812e-7","1.2755788247886812e-7","0","0","0","0.9709576368331909","0.9709576368331909","0.9709576368331909","0.9973042011260986","0.9973042011260986","0.9973042011260986","665","665","665","0.0024902820587158203","0.0024902820587158203","0.0024902820587158203","0","0","0","0","0","0","0.30335378646850586","0.30335378646850586","0.30335378646850586","0.4790162444114685","0.4790162444114685","0.4790162444114685"
"1.646755921730175","","","","","","","","","","","","","","","","","","","","","","","","","","","","","","","","","","","","","880","880","880","0.4816369414329529","0.4816369414329529","0.4816369414329529","0.12312069535255432","0.12312069535255432","0.12312069535255432","0.013332486152648926","0.013332486152648926","0.013332486152648926","0.8296346664428711","0.8296346664428711","0.8296346664428711","0.9669129252433777","0.9669129252433777","0.9669129252433777","","","","","","","","","","","","","","","","","","","","","","","","","","","","","","","","","","","","","","","","","","","","","","","","","","","","","",""
"1.6468391914510105","","","","","","","","","","","","","","","","","","","","","","","","","","","","","","","","","","","","","","","","","","","","","","","","","","","","","","","880","880","880","0.3559117317199707","0.3559117317199707","0.3559117317199707","0.0010738074779510498","0.0010738074779510498","0.0010738074779510498","0","0","0","0.9207335710525513","0.9207335710525513","0.9207335710525513","0.9962948560714722","0.9962948560714722","0.9962948560714722","","","","","","","","","","","","","","","","","","","","","","","","","","","","","","","","","","","",""
"1.6483516483516483","3089","3089","3089","0.3939770758152008","0.3939770758152008","0.3939770758152008","0.27150458097457886","0.27150458097457886","0.27150458097457886","0.13765859603881836","0.13765859603881836","0.13765859603881836","0.5406198501586914","0.5406198501586914","0.5406198501586914","0.8023957014083862","0.8023957014083862","0.8023957014083862","3089","3089","3089","0.23566889762878418","0.23566889762878418","0.23566889762878418","0.1537608951330185","0.1537608951330185","0.1537608951330185","0.07561558485031128","0.07561558485031128","0.07561558485031128","0.34189021587371826","0.34189021587371826","0.34189021587371826","0.5733770728111267","0.5733770728111267","0.5733770728111267","","","","","","","","","","","","","","","","","","","","","","","","","","","","","","","","","","","","","","","","","","","","","","","","","","","","","","","","","","","","","","","","","","","","","","","",""
"1.6489178976296806","","","","","","","","","","","","","","","","","","","","","","","","","","","","","","","","","","","","","","","","","","","","","","","","","","","","","","","","","","","","","","","","","","","","","","","","","674","674","674","0.14587385952472687","0.14587385952472687","0.14587385952472687","1.1920928955078125e-7","1.1920928955078125e-7","1.1920928955078125e-7","0","0","0","0.9705710411071777","0.9705710411071777","0.9705710411071777","0.9972561001777649","0.9972561001777649","0.9972561001777649","672","672","672","0.002361893653869629","0.002361893653869629","0.002361893653869629","0","0","0","0","0","0","0.302959680557251","0.302959680557251","0.302959680557251","0.45182162523269653","0.45182162523269653","0.45182162523269653"
"1.6660941257299897","","","","","","","","","","","","","","","","","","","","","","","","","","","","","","","","","","","","","","","","","","","","","","","","","","","","","","","","","","","","","","","","","","","","","","","","","681","681","681","0.12211400270462036","0.12211400270462036","0.12211400270462036","4.286439292400246e-8","4.286439292400246e-8","4.286439292400246e-8","0","0","0","0.9697830677032471","0.9697830677032471","0.9697830677032471","0.9972813129425049","0.9972813129425049","0.9972813129425049","679","679","679","0.0018692612648010254","0.0018692612648010254","0.0018692612648010254","0","0","0","0","0","0","0.3019663095474243","0.3019663095474243","0.3019663095474243","0.47880178689956665","0.47880178689956665","0.47880178689956665"
"1.6832703538302989","","","","","","","","","","","","","","","","","","","","","","","","","","","","","","","","","","","","","","","","","","","","","","","","","","","","","","","","","","","","","","","","","","","","","","","","","688","688","688","0.1424887776374817","0.1424887776374817","0.1424887776374817","1.1920928955078125e-7","1.1920928955078125e-7","1.1920928955078125e-7","0","0","0","0.9689775705337524","0.9689775705337524","0.9689775705337524","0.9967567920684814","0.9967567920684814","0.9967567920684814","686","686","686","0.0021692514419555664","0.0021692514419555664","0.0021692514419555664","0","0","0","0","0","0","0.29727703332901","0.29727703332901","0.29727703332901","0.4509560167789459","0.4509560167789459","0.4509560167789459"
"1.68692070030896","","","","","","","","","","","","","","","","","","","","","","","","","","","","","","","","","","","","","902","902","902","0.45096948742866516","0.45096948742866516","0.45096948742866516","0.12531468272209167","0.12531468272209167","0.12531468272209167","0.016525983810424805","0.016525983810424805","0.016525983810424805","0.8430572152137756","0.8430572152137756","0.8430572152137756","0.9691370725631714","0.9691370725631714","0.9691370725631714","","","","","","","","","","","","","","","","","","","","","","","","","","","","","","","","","","","","","","","","","","","","","","","","","","","","","",""
"1.6870091412385735","","","","","","","","","","","","","","","","","","","","","","","","","","","","","","","","","","","","","","","","","","","","","","","","","","","","","","","902","902","902","0.31540340185165405","0.31540340185165405","0.31540340185165405","0.0023483475670218468","0.0023483475670218468","0.0023483475670218468","1.1920928955078125e-7","1.1920928955078125e-7","1.1920928955078125e-7","0.9119507670402527","0.9119507670402527","0.9119507670402527","0.9922205805778503","0.9922205805778503","0.9922205805778503","","","","","","","","","","","","","","","","","","","","","","","","","","","","","","","","","","","",""
"1.700446581930608","","","","","","","","","","","","","","","","","","","","","","","","","","","","","","","","","","","","","","","","","","","","","","","","","","","","","","","","","","","","","","","","","","","","","","","","","695","695","695","0.1313377022743225","0.1313377022743225","0.1313377022743225","1.1920928955078125e-7","1.1920928955078125e-7","1.1920928955078125e-7","0","0","0","0.9685029983520508","0.9685029983520508","0.9685029983520508","0.9969501495361328","0.9969501495361328","0.9969501495361328","693","693","693","0.0021300571970641613","0.0021300571970641613","0.0021300571970641613","0","0","0","0","0","0","0.3005315959453583","0.3005315959453583","0.3005315959453583","0.46855199337005615","0.46855199337005615","0.46855199337005615"
"1.7032967032967035","3192","3192","3192","0.39636194705963135","0.39636194705963135","0.39636194705963135","0.26606181263923645","0.26606181263923645","0.26606181263923645","0.11271178722381592","0.11271178722381592","0.11271178722381592","0.5420333743095398","0.5420333743095398","0.5420333743095398","0.7750207185745239","0.7750207185745239","0.7750207185745239","3192","3192","3192","0.23479878902435303","0.23479878902435303","0.23479878902435303","0.15736263990402222","0.15736263990402222","0.15736263990402222","0.06601548194885254","0.06601548194885254","0.06601548194885254","0.34151992201805115","0.34151992201805115","0.34151992201805115","0.5631341934204102","0.5631341934204102","0.5631341934204102","","","","","","","","","","","","","","","","","","","","","","","","","","","","","","","","","","","","","","","","","","","","","","","","","","","","","","","","","","","","","","","","","","","","","","","",""
"1.7176228100309172","","","","","","","","","","","","","","","","","","","","","","","","","","","","","","","","","","","","","","","","","","","","","","","","","","","","","","","","","","","","","","","","","","","","","","","","","702","702","702","0.11819976568222046","0.11819976568222046","0.11819976568222046","6.57622012401049e-11","6.57622012401049e-11","6.57622012401049e-11","0","0","0","0.9676961302757263","0.9676961302757263","0.9676961302757263","0.9968036413192749","0.9968036413192749","0.9968036413192749","700","700","700","0.0018925908952951431","0.0018925908952951431","0.0018925908952951431","0","0","0","0","0","0","0.2968088984489441","0.2968088984489441","0.2968088984489441","0.4624080955982208","0.4624080955982208","0.4624080955982208"
"1.7270854788877446","","","","","","","","","","","","","","","","","","","","","","","","","","","","","","","","","","","","","923","923","923","0.4603533148765564","0.4603533148765564","0.4603533148765564","0.14238539338111877","0.14238539338111877","0.14238539338111877","0.02427351474761963","0.02427351474761963","0.02427351474761963","0.8554601669311523","0.8554601669311523","0.8554601669311523","0.971333920955658","0.971333920955658","0.971333920955658","","","","","","","","","","","","","","","","","","","","","","","","","","","","","","","","","","","","","","","","","","","","","","","","","","","","","",""
"1.7271790910261362","","","","","","","","","","","","","","","","","","","","","","","","","","","","","","","","","","","","","","","","","","","","","","","","","","","","","","","923","923","923","0.36932235956192017","0.36932235956192017","0.36932235956192017","0.004345308989286423","0.004345308989286423","0.004345308989286423","0.000007867813110351562","0.000007867813110351562","0.000007867813110351562","0.9276918768882751","0.9276918768882751","0.9276918768882751","0.9901391267776489","0.9901391267776489","0.9901391267776489","","","","","","","","","","","","","","","","","","","","","","","","","","","","","","","","","","","",""
"1.7347990381312264","","","","","","","","","","","","","","","","","","","","","","","","","","","","","","","","","","","","","","","","","","","","","","","","","","","","","","","","","","","","","","","","","","","","","","","","","709","709","709","0.10468587279319763","0.10468587279319763","0.10468587279319763","0","0","0","0","0","0","0.9655930995941162","0.9655930995941162","0.9655930995941162","0.9965249300003052","0.9965249300003052","0.9965249300003052","707","707","707","0.0016600489616394043","0.0016600489616394043","0.0016600489616394043","0","0","0","0","0","0","0.28652045130729675","0.28652045130729675","0.28652045130729675","0.45603930950164795","0.45603930950164795","0.45603930950164795"
"1.7519752662315355","","","","","","","","","","","","","","","","","","","","","","","","","","","","","","","","","","","","","","","","","","","","","","","","","","","","","","","","","","","","","","","","","","","","","","","","","716","716","716","0.09888724237680435","0.09888724237680435","0.09888724237680435","0","0","0","0","0","0","0.9664673805236816","0.9664673805236816","0.9664673805236816","0.9960958361625671","0.9960958361625671","0.9960958361625671","714","714","714","0.0017099380493164062","0.0017099380493164062","0.0017099380493164062","0","0","0","0","0","0","0.28600433468818665","0.28600433468818665","0.28600433468818665","0.4577409625053406","0.4577409625053406","0.4577409625053406"
"1.7582417582417582","3295","3295","3295","0.39199185371398926","0.39199185371398926","0.39199185371398926","0.2613154947757721","0.2613154947757721","0.2613154947757721","0.10540461540222168","0.10540461540222168","0.10540461540222168","0.5366524457931519","0.5366524457931519","0.5366524457931519","0.7701775431632996","0.7701775431632996","0.7701775431632996","3295","3295","3295","0.23342689871788025","0.23342689871788025","0.23342689871788025","0.15150701999664307","0.15150701999664307","0.15150701999664307","0.06476062536239624","0.06476062536239624","0.06476062536239624","0.3398965001106262","0.3398965001106262","0.3398965001106262","0.5670715570449829","0.5670715570449829","0.5670715570449829","","","","","","","","","","","","","","","","","","","","","","","","","","","","","","","","","","","","","","","","","","","","","","","","","","","","","","","","","","","","","","","","","","","","","","","",""
"1.7672502574665292","","","","","","","","","","","","","","","","","","","","","","","","","","","","","","","","","","","","","945","945","945","0.4743804931640625","0.4743804931640625","0.4743804931640625","0.15245205163955688","0.15245205163955688","0.15245205163955688","0.016080200672149658","0.016080200672149658","0.016080200672149658","0.8286172151565552","0.8286172151565552","0.8286172151565552","0.9534059762954712","0.9534059762954712","0.9534059762954712","","","","","","","","","","","","","","","","","","","","","","","","","","","","","","","","","","","","","","","","","","","","","","","","","","","","","",""
"1.767349040813699","","","","","","","","","","","","","","","","","","","","","","","","","","","","","","","","","","","","","","","","","","","","","","","","","","","","","","","945","945","945","0.4305582344532013","0.4305582344532013","0.4305582344532013","0.0054555535316467285","0.0054555535316467285","0.0054555535316467285","0.0000026226043701171875","0.0000026226043701171875","0.0000026226043701171875","0.9223039150238037","0.9223039150238037","0.9223039150238037","0.9956591129302979","0.9956591129302979","0.9956591129302979","","","","","","","","","","","","","","","","","","","","","","","","","","","","","","","","","","","",""
"1.7691514943318447","","","","","","","","","","","","","","","","","","","","","","","","","","","","","","","","","","","","","","","","","","","","","","","","","","","","","","","","","","","","","","","","","","","","","","","","","723","723","723","0.10437780618667603","0.10437780618667603","0.10437780618667603","0","0","0","0","0","0","0.967039942741394","0.967039942741394","0.967039942741394","0.9962617754936218","0.9962617754936218","0.9962617754936218","721","721","721","0.001730501651763916","0.001730501651763916","0.001730501651763916","0","0","0","0","0","0","0.2873222231864929","0.2873222231864929","0.2873222231864929","0.4371415972709656","0.4371415972709656","0.4371415972709656"
"1.7863277224321539","","","","","","","","","","","","","","","","","","","","","","","","","","","","","","","","","","","","","","","","","","","","","","","","","","","","","","","","","","","","","","","","","","","","","","","","","730","730","730","0.09175491333007812","0.09175491333007812","0.09175491333007812","0","0","0","0","0","0","0.966363251209259","0.966363251209259","0.966363251209259","0.9962483644485474","0.9962483644485474","0.9962483644485474","728","728","728","0.0014033913612365723","0.0014033913612365723","0.0014033913612365723","0","0","0","0","0","0","0.2920037508010864","0.2920037508010864","0.2920037508010864","0.45762351155281067","0.45762351155281067","0.45762351155281067"
"1.803503950532463","","","","","","","","","","","","","","","","","","","","","","","","","","","","","","","","","","","","","","","","","","","","","","","","","","","","","","","","","","","","","","","","","","","","","","","","","737","737","737","0.09460718184709549","0.09460718184709549","0.09460718184709549","0","0","0","0","0","0","0.9650111794471741","0.9650111794471741","0.9650111794471741","0.9966896772384644","0.9966896772384644","0.9966896772384644","735","735","735","0.0014432072639465332","0.0014432072639465332","0.0014432072639465332","0","0","0","0","0","0","0.2859545946121216","0.2859545946121216","0.2859545946121216","0.48334217071533203","0.48334217071533203","0.48334217071533203"
"1.807415036045314","","","","","","","","","","","","","","","","","","","","","","","","","","","","","","","","","","","","","966","966","966","0.47542548179626465","0.47542548179626465","0.47542548179626465","0.1195889562368393","0.1195889562368393","0.1195889562368393","0.013080775737762451","0.013080775737762451","0.013080775737762451","0.8555492162704468","0.8555492162704468","0.8555492162704468","0.9773803353309631","0.9773803353309631","0.9773803353309631","","","","","","","","","","","","","","","","","","","","","","","","","","","","","","","","","","","","","","","","","","","","","","","","","","","","","",""
"1.8075189906012619","","","","","","","","","","","","","","","","","","","","","","","","","","","","","","","","","","","","","","","","","","","","","","","","","","","","","","","966","966","966","0.3430525064468384","0.3430525064468384","0.3430525064468384","0.0018313229084014893","0.0018313229084014893","0.0018313229084014893","0.0000019073486328125","0.0000019073486328125","0.0000019073486328125","0.930901288986206","0.930901288986206","0.930901288986206","0.9926645159721375","0.9926645159721375","0.9926645159721375","","","","","","","","","","","","","","","","","","","","","","","","","","","","","","","","","","","",""
"1.8131868131868132","3398","3398","3398","0.3880092203617096","0.3880092203617096","0.3880092203617096","0.26400497555732727","0.26400497555732727","0.26400497555732727","0.11852765083312988","0.11852765083312988","0.11852765083312988","0.5341010093688965","0.5341010093688965","0.5341010093688965","0.7923483848571777","0.7923483848571777","0.7923483848571777","3398","3398","3398","0.23144012689590454","0.23144012689590454","0.23144012689590454","0.1487407684326172","0.1487407684326172","0.1487407684326172","0.07197600603103638","0.07197600603103638","0.07197600603103638","0.3386914134025574","0.3386914134025574","0.3386914134025574","0.5561310052871704","0.5561310052871704","0.5561310052871704","","","","","","","","","","","","","","","","","","","","","","","","","","","","","","","","","","","","","","","","","","","","","","","","","","","","","","","","","","","","","","","","","","","","","","","",""
"1.8206801786327722","","","","","","","","","","","","","","","","","","","","","","","","","","","","","","","","","","","","","","","","","","","","","","","","","","","","","","","","","","","","","","","","","","","","","","","","","744","744","744","0.116175077855587","0.116175077855587","0.116175077855587","5.693852507537844e-12","5.693852507537844e-12","5.693852507537844e-12","0","0","0","0.9631133079528809","0.9631133079528809","0.9631133079528809","0.9958271384239197","0.9958271384239197","0.9958271384239197","742","742","742","0.00186842679977417","0.00186842679977417","0.00186842679977417","0","0","0","0","0","0","0.2838662564754486","0.2838662564754486","0.2838662564754486","0.44330012798309326","0.44330012798309326","0.44330012798309326"
"1.8378564067330814","","","","","","","","","","","","","","","","","","","","","","","","","","","","","","","","","","","","","","","","","","","","","","","","","","","","","","","","","","","","","","","","","","","","","","","","","751","751","751","0.08294296264648438","0.08294296264648438","0.08294296264648438","0","0","0","0","0","0","0.9616986513137817","0.9616986513137817","0.9616986513137817","0.996309220790863","0.996309220790863","0.996309220790863","749","749","749","0.0016522407531738281","0.0016522407531738281","0.0016522407531738281","0","0","0","0","0","0","0.2798471450805664","0.2798471450805664","0.2798471450805664","0.4395202398300171","0.4395202398300171","0.4395202398300171"
"1.847579814624099","","","","","","","","","","","","","","","","","","","","","","","","","","","","","","","","","","","","","988","988","988","0.4940275549888611","0.4940275549888611","0.4940275549888611","0.1413671374320984","0.1413671374320984","0.1413671374320984","0.010932505130767822","0.010932505130767822","0.010932505130767822","0.8441575169563293","0.8441575169563293","0.8441575169563293","0.9713884592056274","0.9713884592056274","0.9713884592056274","","","","","","","","","","","","","","","","","","","","","","","","","","","","","","","","","","","","","","","","","","","","","","","","","","","","","",""
"1.8476889403888244","","","","","","","","","","","","","","","","","","","","","","","","","","","","","","","","","","","","","","","","","","","","","","","","","","","","","","","988","988","988","0.3909417986869812","0.3909417986869812","0.3909417986869812","0.0013964483514428139","0.0013964483514428139","0.0013964483514428139","0.0000013113021850585938","0.0000013113021850585938","0.0000013113021850585938","0.9365401268005371","0.9365401268005371","0.9365401268005371","0.9914177656173706","0.9914177656173706","0.9914177656173706","","","","","","","","","","","","","","","","","","","","","","","","","","","","","","","","","","","",""
"1.8550326348333905","","","","","","","","","","","","","","","","","","","","","","","","","","","","","","","","","","","","","","","","","","","","","","","","","","","","","","","","","","","","","","","","","","","","","","","","","758","758","758","0.0825035572052002","0.0825035572052002","0.0825035572052002","0","0","0","0","0","0","0.9612282514572144","0.9612282514572144","0.9612282514572144","0.9967405796051025","0.9967405796051025","0.9967405796051025","756","756","756","0.001533806324005127","0.001533806324005127","0.001533806324005127","0","0","0","0","0","0","0.27919942140579224","0.27919942140579224","0.27919942140579224","0.4641101360321045","0.4641101360321045","0.4641101360321045"
"1.8681318681318682","3501","3501","3501","0.3882633447647095","0.3882633447647095","0.3882633447647095","0.2646264433860779","0.2646264433860779","0.2646264433860779","0.13475537300109863","0.13475537300109863","0.13475537300109863","0.535883367061615","0.535883367061615","0.535883367061615","0.776531457901001","0.776531457901001","0.776531457901001","3501","3501","3501","0.2295038402080536","0.2295038402080536","0.2295038402080536","0.15205223858356476","0.15205223858356476","0.15205223858356476","0.07738220691680908","0.07738220691680908","0.07738220691680908","0.3334888815879822","0.3334888815879822","0.3334888815879822","0.5538908243179321","0.5538908243179321","0.5538908243179321","","","","","","","","","","","","","","","","","","","","","","","","","","","","","","","","","","","","","","","","","","","","","","","","","","","","","","","","","","","","","","","","","","","","","","","",""
"1.8722088629336997","","","","","","","","","","","","","","","","","","","","","","","","","","","","","","","","","","","","","","","","","","","","","","","","","","","","","","","","","","","","","","","","","","","","","","","","","765","765","765","0.08326037228107452","0.08326037228107452","0.08326037228107452","0","0","0","0","0","0","0.9598934054374695","0.9598934054374695","0.9598934054374695","0.9957031607627869","0.9957031607627869","0.9957031607627869","763","763","763","0.0015420317649841309","0.0015420317649841309","0.0015420317649841309","0","0","0","0","0","0","0.2799891531467438","0.2799891531467438","0.2799891531467438","0.4304516613483429","0.4304516613483429","0.4304516613483429"
"1.8877445932028838","","","","","","","","","","","","","","","","","","","","","","","","","","","","","","","","","","","","","1009","1009","1009","0.4260157346725464","0.4260157346725464","0.4260157346725464","0.11492893099784851","0.11492893099784851","0.11492893099784851","0.009416759014129639","0.009416759014129639","0.009416759014129639","0.8244119882583618","0.8244119882583618","0.8244119882583618","0.9778405427932739","0.9778405427932739","0.9778405427932739","","","","","","","","","","","","","","","","","","","","","","","","","","","","","","","","","","","","","","","","","","","","","","","","","","","","","",""
"1.8878588901763873","","","","","","","","","","","","","","","","","","","","","","","","","","","","","","","","","","","","","","","","","","","","","","","","","","","","","","","1009","1009","1009","0.3502576947212219","0.3502576947212219","0.3502576947212219","0.003574536181986332","0.003574536181986332","0.003574536181986332","0.000004410743713378906","0.000004410743713378906","0.000004410743713378906","0.917892336845398","0.917892336845398","0.917892336845398","0.9964224696159363","0.9964224696159363","0.9964224696159363","","","","","","","","","","","","","","","","","","","","","","","","","","","","","","","","","","","",""
"1.889385091034009","","","","","","","","","","","","","","","","","","","","","","","","","","","","","","","","","","","","","","","","","","","","","","","","","","","","","","","","","","","","","","","","","","","","","","","","","772","772","772","0.08875934034585953","0.08875934034585953","0.08875934034585953","0","0","0","0","0","0","0.959201455116272","0.959201455116272","0.959201455116272","0.9949536919593811","0.9949536919593811","0.9949536919593811","770","770","770","0.0014771819114685059","0.0014771819114685059","0.0014771819114685059","0","0","0","0","0","0","0.2749747335910797","0.2749747335910797","0.2749747335910797","0.4345419108867645","0.4345419108867645","0.4345419108867645"
"1.906561319134318","","","","","","","","","","","","","","","","","","","","","","","","","","","","","","","","","","","","","","","","","","","","","","","","","","","","","","","","","","","","","","","","","","","","","","","","","779","779","779","0.09152740240097046","0.09152740240097046","0.09152740240097046","0","0","0","0","0","0","0.9591120481491089","0.9591120481491089","0.9591120481491089","0.9955583214759827","0.9955583214759827","0.9955583214759827","777","777","777","0.001710107084363699","0.001710107084363699","0.001710107084363699","0","0","0","0","0","0","0.27879637479782104","0.27879637479782104","0.27879637479782104","0.4371967911720276","0.4371967911720276","0.4371967911720276"
"1.9230769230769231","3604","3604","3604","0.3879174292087555","0.3879174292087555","0.3879174292087555","0.2564220130443573","0.2564220130443573","0.2564220130443573","0.12427252531051636","0.12427252531051636","0.12427252531051636","0.5296102166175842","0.5296102166175842","0.5296102166175842","0.7791173458099365","0.7791173458099365","0.7791173458099365","3604","3604","3604","0.22455698251724243","0.22455698251724243","0.22455698251724243","0.1484047770500183","0.1484047770500183","0.1484047770500183","0.07329779863357544","0.07329779863357544","0.07329779863357544","0.33218201994895935","0.33218201994895935","0.33218201994895935","0.5656702518463135","0.5656702518463135","0.5656702518463135","","","","","","","","","","","","","","","","","","","","","","","","","","","","","","","","","","","","","","","","","","","","","","","","","","","","","","","","","","","","","","","","","","","","","","","",""
"1.9237375472346274","","","","","","","","","","","","","","","","","","","","","","","","","","","","","","","","","","","","","","","","","","","","","","","","","","","","","","","","","","","","","","","","","","","","","","","","","786","786","786","0.09219247102737427","0.09219247102737427","0.09219247102737427","0","0","0","0","0","0","0.9592533111572266","0.9592533111572266","0.9592533111572266","0.9947536587715149","0.9947536587715149","0.9947536587715149","784","784","784","0.0015715360641479492","0.0015715360641479492","0.0015715360641479492","0","0","0","0","0","0","0.28022143244743347","0.28022143244743347","0.28022143244743347","0.4353541135787964","0.4353541135787964","0.4353541135787964"
"1.9279093717816684","","","","","","","","","","","","","","","","","","","","","","","","","","","","","","","","","","","","","1031","1031","1031","0.4309746325016022","0.4309746325016022","0.4309746325016022","0.12545403838157654","0.12545403838157654","0.12545403838157654","0.01874828338623047","0.01874828338623047","0.01874828338623047","0.8429989814758301","0.8429989814758301","0.8429989814758301","0.9692591428756714","0.9692591428756714","0.9692591428756714","","","","","","","","","","","","","","","","","","","","","","","","","","","","","","","","","","","","","","","","","","","","","","","","","","","","","",""
"1.92802883996395","","","","","","","","","","","","","","","","","","","","","","","","","","","","","","","","","","","","","","","","","","","","","","","","","","","","","","","1031","1031","1031","0.3058633804321289","0.3058633804321289","0.3058633804321289","0.0032252371311187744","0.0032252371311187744","0.0032252371311187744","0","0","0","0.9322643280029297","0.9322643280029297","0.9322643280029297","0.9947347640991211","0.9947347640991211","0.9947347640991211","","","","","","","","","","","","","","","","","","","","","","","","","","","","","","","","","","","",""
"1.9409137753349364","","","","","","","","","","","","","","","","","","","","","","","","","","","","","","","","","","","","","","","","","","","","","","","","","","","","","","","","","","","","","","","","","","","","","","","","","793","793","793","0.07967124879360199","0.07967124879360199","0.07967124879360199","0","0","0","0","0","0","0.9588168859481812","0.9588168859481812","0.9588168859481812","0.9946095943450928","0.9946095943450928","0.9946095943450928","791","791","791","0.0016948580741882324","0.0016948580741882324","0.0016948580741882324","0","0","0","0","0","0","0.2812129855155945","0.2812129855155945","0.2812129855155945","0.43214574456214905","0.43214574456214905","0.43214574456214905"
"1.9580900034352458","","","","","","","","","","","","","","","","","","","","","","","","","","","","","","","","","","","","","","","","","","","","","","","","","","","","","","","","","","","","","","","","","","","","","","","","","800","800","800","0.07479846477508545","0.07479846477508545","0.07479846477508545","0","0","0","0","0","0","0.9584740400314331","0.9584740400314331","0.9584740400314331","0.9943455457687378","0.9943455457687378","0.9943455457687378","798","798","798","0.0015571117401123047","0.0015571117401123047","0.0015571117401123047","0","0","0","0","0","0","0.27868443727493286","0.27868443727493286","0.27868443727493286","0.42792004346847534","0.42792004346847534","0.42792004346847534"
"1.968074150360453","","","","","","","","","","","","","","","","","","","","","","","","","","","","","","","","","","","","","1052","1052","1052","0.42789560556411743","0.42789560556411743","0.42789560556411743","0.11285704374313354","0.11285704374313354","0.11285704374313354","0.024770915508270264","0.024770915508270264","0.024770915508270264","0.8311722278594971","0.8311722278594971","0.8311722278594971","0.9750871658325195","0.9750871658325195","0.9750871658325195","","","","","","","","","","","","","","","","","","","","","","","","","","","","","","","","","","","","","","","","","","","","","","","","","","","","","",""
"1.9681987897515127","","","","","","","","","","","","","","","","","","","","","","","","","","","","","","","","","","","","","","","","","","","","","","","","","","","","","","","1052","1052","1052","0.3390353322029114","0.3390353322029114","0.3390353322029114","0.003980576992034912","0.003980576992034912","0.003980576992034912","0","0","0","0.9248925447463989","0.9248925447463989","0.9248925447463989","0.9918482899665833","0.9918482899665833","0.9918482899665833","","","","","","","","","","","","","","","","","","","","","","","","","","","","","","","","","","","",""
"1.9752662315355547","","","","","","","","","","","","","","","","","","","","","","","","","","","","","","","","","","","","","","","","","","","","","","","","","","","","","","","","","","","","","","","","","","","","","","","","","807","807","807","0.07659316062927246","0.07659316062927246","0.07659316062927246","0","0","0","0","0","0","0.9579742550849915","0.9579742550849915","0.9579742550849915","0.9942705035209656","0.9942705035209656","0.9942705035209656","805","805","805","0.0017034411430358887","0.0017034411430358887","0.0017034411430358887","0","0","0","0","0","0","0.2776586413383484","0.2776586413383484","0.2776586413383484","0.42275357246398926","0.42275357246398926","0.42275357246398926"
"1.978021978021978","3707","3707","3707","0.3835608959197998","0.3835608959197998","0.3835608959197998","0.2582358717918396","0.2582358717918396","0.2582358717918396","0.12870079278945923","0.12870079278945923","0.12870079278945923","0.5261600017547607","0.5261600017547607","0.5261600017547607","0.758059024810791","0.758059024810791","0.758059024810791","3707","3707","3707","0.22817009687423706","0.22817009687423706","0.22817009687423706","0.15044064819812775","0.15044064819812775","0.15044064819812775","0.07167339324951172","0.07167339324951172","0.07167339324951172","0.3324360251426697","0.3324360251426697","0.3324360251426697","0.5664637088775635","0.5664637088775635","0.5664637088775635","","","","","","","","","","","","","","","","","","","","","","","","","","","","","","","","","","","","","","","","","","","","","","","","","","","","","","","","","","","","","","","","","","","","","","","",""
"1.992442459635864","","","","","","","","","","","","","","","","","","","","","","","","","","","","","","","","","","","","","","","","","","","","","","","","","","","","","","","","","","","","","","","","","","","","","","","","","814","814","814","0.07447439432144165","0.07447439432144165","0.07447439432144165","0","0","0","0","0","0","0.9578765034675598","0.9578765034675598","0.9578765034675598","0.9941762685775757","0.9941762685775757","0.9941762685775757","812","812","812","0.0016669034957885742","0.0016669034957885742","0.0016669034957885742","0","0","0","0","0","0","0.27569812536239624","0.27569812536239624","0.27569812536239624","0.4196432828903198","0.4196432828903198","0.4196432828903198"
