"train/epoch","confused-sweep-23 - _step","confused-sweep-23 - _step__MIN","confused-sweep-23 - _step__MAX","confused-sweep-23 - eval/prefs/pred_median","confused-sweep-23 - eval/prefs/pred_median__MIN","confused-sweep-23 - eval/prefs/pred_median__MAX","confused-sweep-23 - eval/prefs/lower_p10","confused-sweep-23 - eval/prefs/lower_p10__MIN","confused-sweep-23 - eval/prefs/lower_p10__MAX","confused-sweep-23 - eval/prefs/lower_min","confused-sweep-23 - eval/prefs/lower_min__MIN","confused-sweep-23 - eval/prefs/lower_min__MAX","confused-sweep-23 - eval/prefs/upper_p90","confused-sweep-23 - eval/prefs/upper_p90__MIN","confused-sweep-23 - eval/prefs/upper_p90__MAX","confused-sweep-23 - eval/prefs/upper_max","confused-sweep-23 - eval/prefs/upper_max__MIN","confused-sweep-23 - eval/prefs/upper_max__MAX","polished-sweep-14 - _step","polished-sweep-14 - _step__MIN","polished-sweep-14 - _step__MAX","polished-sweep-14 - eval/prefs/pred_median","polished-sweep-14 - eval/prefs/pred_median__MIN","polished-sweep-14 - eval/prefs/pred_median__MAX","polished-sweep-14 - eval/prefs/lower_p10","polished-sweep-14 - eval/prefs/lower_p10__MIN","polished-sweep-14 - eval/prefs/lower_p10__MAX","polished-sweep-14 - eval/prefs/lower_min","polished-sweep-14 - eval/prefs/lower_min__MIN","polished-sweep-14 - eval/prefs/lower_min__MAX","polished-sweep-14 - eval/prefs/upper_p90","polished-sweep-14 - eval/prefs/upper_p90__MIN","polished-sweep-14 - eval/prefs/upper_p90__MAX","polished-sweep-14 - eval/prefs/upper_max","polished-sweep-14 - eval/prefs/upper_max__MIN","polished-sweep-14 - eval/prefs/upper_max__MAX","20250525-165710-unequaled-lark-148 - _step","20250525-165710-unequaled-lark-148 - _step__MIN","20250525-165710-unequaled-lark-148 - _step__MAX","20250525-165710-unequaled-lark-148 - eval/prefs/pred_median","20250525-165710-unequaled-lark-148 - eval/prefs/pred_median__MIN","20250525-165710-unequaled-lark-148 - eval/prefs/pred_median__MAX","20250525-165710-unequaled-lark-148 - eval/prefs/lower_p10","20250525-165710-unequaled-lark-148 - eval/prefs/lower_p10__MIN","20250525-165710-unequaled-lark-148 - eval/prefs/lower_p10__MAX","20250525-165710-unequaled-lark-148 - eval/prefs/lower_min","20250525-165710-unequaled-lark-148 - eval/prefs/lower_min__MIN","20250525-165710-unequaled-lark-148 - eval/prefs/lower_min__MAX","20250525-165710-unequaled-lark-148 - eval/prefs/upper_p90","20250525-165710-unequaled-lark-148 - eval/prefs/upper_p90__MIN","20250525-165710-unequaled-lark-148 - eval/prefs/upper_p90__MAX","20250525-165710-unequaled-lark-148 - eval/prefs/upper_max","20250525-165710-unequaled-lark-148 - eval/prefs/upper_max__MIN","20250525-165710-unequaled-lark-148 - eval/prefs/upper_max__MAX","20250525-165417-intelligent-colt-835 - _step","20250525-165417-intelligent-colt-835 - _step__MIN","20250525-165417-intelligent-colt-835 - _step__MAX","20250525-165417-intelligent-colt-835 - eval/prefs/pred_median","20250525-165417-intelligent-colt-835 - eval/prefs/pred_median__MIN","20250525-165417-intelligent-colt-835 - eval/prefs/pred_median__MAX","20250525-165417-intelligent-colt-835 - eval/prefs/lower_p10","20250525-165417-intelligent-colt-835 - eval/prefs/lower_p10__MIN","20250525-165417-intelligent-colt-835 - eval/prefs/lower_p10__MAX","20250525-165417-intelligent-colt-835 - eval/prefs/lower_min","20250525-165417-intelligent-colt-835 - eval/prefs/lower_min__MIN","20250525-165417-intelligent-colt-835 - eval/prefs/lower_min__MAX","20250525-165417-intelligent-colt-835 - eval/prefs/upper_p90","20250525-165417-intelligent-colt-835 - eval/prefs/upper_p90__MIN","20250525-165417-intelligent-colt-835 - eval/prefs/upper_p90__MAX","20250525-165417-intelligent-colt-835 - eval/prefs/upper_max","20250525-165417-intelligent-colt-835 - eval/prefs/upper_max__MIN","20250525-165417-intelligent-colt-835 - eval/prefs/upper_max__MAX","stellar-cherry-61 - _step","stellar-cherry-61 - _step__MIN","stellar-cherry-61 - _step__MAX","stellar-cherry-61 - eval/prefs/pred_median","stellar-cherry-61 - eval/prefs/pred_median__MIN","stellar-cherry-61 - eval/prefs/pred_median__MAX","stellar-cherry-61 - eval/prefs/lower_p10","stellar-cherry-61 - eval/prefs/lower_p10__MIN","stellar-cherry-61 - eval/prefs/lower_p10__MAX","stellar-cherry-61 - eval/prefs/lower_min","stellar-cherry-61 - eval/prefs/lower_min__MIN","stellar-cherry-61 - eval/prefs/lower_min__MAX","stellar-cherry-61 - eval/prefs/upper_p90","stellar-cherry-61 - eval/prefs/upper_p90__MIN","stellar-cherry-61 - eval/prefs/upper_p90__MAX","stellar-cherry-61 - eval/prefs/upper_max","stellar-cherry-61 - eval/prefs/upper_max__MIN","stellar-cherry-61 - eval/prefs/upper_max__MAX","morning-violet-3 - _step","morning-violet-3 - _step__MIN","morning-violet-3 - _step__MAX","morning-violet-3 - eval/prefs/pred_median","morning-violet-3 - eval/prefs/pred_median__MIN","morning-violet-3 - eval/prefs/pred_median__MAX","morning-violet-3 - eval/prefs/lower_p10","morning-violet-3 - eval/prefs/lower_p10__MIN","morning-violet-3 - eval/prefs/lower_p10__MAX","morning-violet-3 - eval/prefs/lower_min","morning-violet-3 - eval/prefs/lower_min__MIN","morning-violet-3 - eval/prefs/lower_min__MAX","morning-violet-3 - eval/prefs/upper_p90","morning-violet-3 - eval/prefs/upper_p90__MIN","morning-violet-3 - eval/prefs/upper_p90__MAX","morning-violet-3 - eval/prefs/upper_max","morning-violet-3 - eval/prefs/upper_max__MIN","morning-violet-3 - eval/prefs/upper_max__MAX"
"0.017176228100309172","","","","","","","","","","","","","","","","","","","","","","","","","","","","","","","","","","","","","","","","","","","","","","","","","","","","","","","","","","","","","","","","","","","","","","","","","9","9","9","0.9238321185112","0.9238321185112","0.9238321185112","7.802027921784873e-18","7.802027921784873e-18","7.802027921784873e-18","9.989411028135284e-29","9.989411028135284e-29","9.989411028135284e-29","1","1","1","1","1","1","7","7","7","0.9238321185112","0.9238321185112","0.9238321185112","6.89350258653576e-7","6.89350258653576e-7","6.89350258653576e-7","7.586931018582912e-17","7.586931018582912e-17","7.586931018582912e-17","1","1","1","1","1","1"
"0.034352456200618345","","","","","","","","","","","","","","","","","","","","","","","","","","","","","","","","","","","","","","","","","","","","","","","","","","","","","","","","","","","","","","","","","","","","","","","","","16","16","16","0.9184705018997192","0.9184705018997192","0.9184705018997192","4.164383275067143e-15","4.164383275067143e-15","4.164383275067143e-15","3.35801205729213e-23","3.35801205729213e-23","3.35801205729213e-23","1","1","1","1","1","1","14","14","14","0.9184705018997192","0.9184705018997192","0.9184705018997192","0.00001229804638569476","0.00001229804638569476","0.00001229804638569476","3.3842937133266027e-14","3.3842937133266027e-14","3.3842937133266027e-14","1","1","1","1","1","1"
"0.04016477857878476","","","","","","","","","","","","","","","","","","","","","","","","","","","","","","","","","","","","","20","20","20","0.5074625015258789","0.5074625015258789","0.5074625015258789","0.025121651589870453","0.025121651589870453","0.025121651589870453","0.002177181886509061","0.002177181886509061","0.002177181886509061","0.9786132574081421","0.9786132574081421","0.9786132574081421","0.9978713989257812","0.9978713989257812","0.9978713989257812","","","","","","","","","","","","","","","","","","","","","","","","","","","","","","","","","","","","","","","","","","","","","","","","","","","","","",""
"0.04016994978756277","","","","","","","","","","","","","","","","","","","","","","","","","","","","","","","","","","","","","","","","","","","","","","","","","","","","","","","20","20","20","0.6229347586631775","0.6229347586631775","0.6229347586631775","0.0007574973278678954","0.0007574973278678954","0.0007574973278678954","0.000008999025340017397","0.000008999025340017397","0.000008999025340017397","0.9998388290405273","0.9998388290405273","0.9998388290405273","0.9999985694885254","0.9999985694885254","0.9999985694885254","","","","","","","","","","","","","","","","","","","","","","","","","","","","","","","","","","","",""
"0.05152868430092752","","","","","","","","","","","","","","","","","","","","","","","","","","","","","","","","","","","","","","","","","","","","","","","","","","","","","","","","","","","","","","","","","","","","","","","","","23","23","23","0.9218021631240845","0.9218021631240845","0.9218021631240845","4.649846046395067e-13","4.649846046395067e-13","4.649846046395067e-13","2.2556350965204432e-21","2.2556350965204432e-21","2.2556350965204432e-21","1","1","1","1","1","1","21","21","21","0.9218021631240845","0.9218021631240845","0.9218021631240845","0.000037238787626847625","0.000037238787626847625","0.000037238787626847625","3.6574381218935914e-14","3.6574381218935914e-14","3.6574381218935914e-14","1","1","1","1","1","1"
"0.054945054945054944","102","102","102","0.5155997276306152","0.5155997276306152","0.5155997276306152","0.05023013800382614","0.05023013800382614","0.05023013800382614","0.011106694117188454","0.011106694117188454","0.011106694117188454","0.953345000743866","0.953345000743866","0.953345000743866","0.9880349040031433","0.9880349040031433","0.9880349040031433","102","102","102","0.5215208530426025","0.5215208530426025","0.5215208530426025","0.16671639680862427","0.16671639680862427","0.16671639680862427","0.05117948353290558","0.05117948353290558","0.05117948353290558","0.8623462915420532","0.8623462915420532","0.8623462915420532","0.9484260082244873","0.9484260082244873","0.9484260082244873","","","","","","","","","","","","","","","","","","","","","","","","","","","","","","","","","","","","","","","","","","","","","","","","","","","","","","","","","","","","","","","","","","","","","","","",""
"0.06870491240123669","","","","","","","","","","","","","","","","","","","","","","","","","","","","","","","","","","","","","","","","","","","","","","","","","","","","","","","","","","","","","","","","","","","","","","","","","30","30","30","0.9358592629432678","0.9358592629432678","0.9358592629432678","1.8214238711039554e-12","1.8214238711039554e-12","1.8214238711039554e-12","4.503604935754493e-24","4.503604935754493e-24","4.503604935754493e-24","1","1","1","1","1","1","28","28","28","0.9358592629432678","0.9358592629432678","0.9358592629432678","0.000018326363715459593","0.000018326363715459593","0.000018326363715459593","7.909707812385189e-18","7.909707812385189e-18","7.909707812385189e-18","1","1","1","1","1","1"
"0.08032955715756952","","","","","","","","","","","","","","","","","","","","","","","","","","","","","","","","","","","","","42","42","42","0.5396471619606018","0.5396471619606018","0.5396471619606018","0.02301618456840515","0.02301618456840515","0.02301618456840515","0.001044144737534225","0.001044144737534225","0.001044144737534225","0.9845079183578491","0.9845079183578491","0.9845079183578491","0.9991641044616699","0.9991641044616699","0.9991641044616699","","","","","","","","","","","","","","","","","","","","","","","","","","","","","","","","","","","","","","","","","","","","","","","","","","","","","",""
"0.08033989957512554","","","","","","","","","","","","","","","","","","","","","","","","","","","","","","","","","","","","","","","","","","","","","","","","","","","","","","","42","42","42","0.7002776861190796","0.7002776861190796","0.7002776861190796","0.0014128955081105232","0.0014128955081105232","0.0014128955081105232","0.0000063681313804409","0.0000063681313804409","0.0000063681313804409","0.9998866319656372","0.9998866319656372","0.9998866319656372","0.9999997615814209","0.9999997615814209","0.9999997615814209","","","","","","","","","","","","","","","","","","","","","","","","","","","","","","","","","","","",""
"0.08588114050154586","","","","","","","","","","","","","","","","","","","","","","","","","","","","","","","","","","","","","","","","","","","","","","","","","","","","","","","","","","","","","","","","","","","","","","","","","37","37","37","0.9279540181159973","0.9279540181159973","0.9279540181159973","7.176052720797577e-12","7.176052720797577e-12","7.176052720797577e-12","2.1205648934462104e-22","2.1205648934462104e-22","2.1205648934462104e-22","1","1","1","1","1","1","35","35","35","0.9279540181159973","0.9279540181159973","0.9279540181159973","0.00004579397136694752","0.00004579397136694752","0.00004579397136694752","1.6636566705483424e-15","1.6636566705483424e-15","1.6636566705483424e-15","1","1","1","1","1","1"
"0.10305736860185503","","","","","","","","","","","","","","","","","","","","","","","","","","","","","","","","","","","","","","","","","","","","","","","","","","","","","","","","","","","","","","","","","","","","","","","","","44","44","44","0.9351064562797546","0.9351064562797546","0.9351064562797546","3.08611781962842e-11","3.08611781962842e-11","3.08611781962842e-11","1.719162101929062e-20","1.719162101929062e-20","1.719162101929062e-20","1","1","1","1","1","1","42","42","42","0.9351064562797546","0.9351064562797546","0.9351064562797546","0.00007423645001836121","0.00007423645001836121","0.00007423645001836121","7.062642029369293e-14","7.062642029369293e-14","7.062642029369293e-14","1","1","1","1","1","1"
"0.10989010989010989","205","205","205","0.5254673361778259","0.5254673361778259","0.5254673361778259","0.09038935601711273","0.09038935601711273","0.09038935601711273","0.017437271773815155","0.017437271773815155","0.017437271773815155","0.9274348020553589","0.9274348020553589","0.9274348020553589","0.9831171035766602","0.9831171035766602","0.9831171035766602","205","205","205","0.5329849123954773","0.5329849123954773","0.5329849123954773","0.190537691116333","0.190537691116333","0.190537691116333","0.048501767218112946","0.048501767218112946","0.048501767218112946","0.8510075807571411","0.8510075807571411","0.8510075807571411","0.9383704662322998","0.9383704662322998","0.9383704662322998","","","","","","","","","","","","","","","","","","","","","","","","","","","","","","","","","","","","","","","","","","","","","","","","","","","","","","","","","","","","","","","","","","","","","","","",""
"0.1202335967021642","","","","","","","","","","","","","","","","","","","","","","","","","","","","","","","","","","","","","","","","","","","","","","","","","","","","","","","","","","","","","","","","","","","","","","","","","51","51","51","0.945350170135498","0.945350170135498","0.945350170135498","3.9295830478458527e-11","3.9295830478458527e-11","3.9295830478458527e-11","9.345562695167791e-22","9.345562695167791e-22","9.345562695167791e-22","1","1","1","1","1","1","49","49","49","0.945350170135498","0.945350170135498","0.945350170135498","0.000054167227062862366","0.000054167227062862366","0.000054167227062862366","1.1878737112735105e-15","1.1878737112735105e-15","1.1878737112735105e-15","1","1","1","1","1","1"
"0.12049433573635428","","","","","","","","","","","","","","","","","","","","","","","","","","","","","","","","","","","","","63","63","63","0.5441046953201294","0.5441046953201294","0.5441046953201294","0.025102760642766953","0.025102760642766953","0.025102760642766953","0.0011180866276845336","0.0011180866276845336","0.0011180866276845336","0.9875147342681885","0.9875147342681885","0.9875147342681885","0.9993708729743958","0.9993708729743958","0.9993708729743958","","","","","","","","","","","","","","","","","","","","","","","","","","","","","","","","","","","","","","","","","","","","","","","","","","","","","",""
"0.1205098493626883","","","","","","","","","","","","","","","","","","","","","","","","","","","","","","","","","","","","","","","","","","","","","","","","","","","","","","","63","63","63","0.6543107628822327","0.6543107628822327","0.6543107628822327","0.0011758444597944617","0.0011758444597944617","0.0011758444597944617","0.000012434836207830813","0.000012434836207830813","0.000012434836207830813","0.9997102618217468","0.9997102618217468","0.9997102618217468","0.9999946355819702","0.9999946355819702","0.9999946355819702","","","","","","","","","","","","","","","","","","","","","","","","","","","","","","","","","","","",""
"0.13740982480247338","","","","","","","","","","","","","","","","","","","","","","","","","","","","","","","","","","","","","","","","","","","","","","","","","","","","","","","","","","","","","","","","","","","","","","","","","58","58","58","0.9567934274673462","0.9567934274673462","0.9567934274673462","3.842374196594278e-10","3.842374196594278e-10","3.842374196594278e-10","2.0700202402204208e-22","2.0700202402204208e-22","2.0700202402204208e-22","1","1","1","1","1","1","56","56","56","0.9567934274673462","0.9567934274673462","0.9567934274673462","0.00012266977864783257","0.00012266977864783257","0.00012266977864783257","1.2415552514863643e-17","1.2415552514863643e-17","1.2415552514863643e-17","1","1","1","1","1","1"
"0.15458605290278254","","","","","","","","","","","","","","","","","","","","","","","","","","","","","","","","","","","","","","","","","","","","","","","","","","","","","","","","","","","","","","","","","","","","","","","","","65","65","65","0.9620629549026489","0.9620629549026489","0.9620629549026489","3.9181247135644526e-10","3.9181247135644526e-10","3.9181247135644526e-10","1.640340453138764e-22","1.640340453138764e-22","1.640340453138764e-22","1","1","1","1","1","1","63","63","63","0.9620629549026489","0.9620629549026489","0.9620629549026489","0.00006435715476982296","0.00006435715476982296","0.00006435715476982296","4.650782048639077e-18","4.650782048639077e-18","4.650782048639077e-18","1","1","1","1","1","1"
"0.16065911431513905","","","","","","","","","","","","","","","","","","","","","","","","","","","","","","","","","","","","","85","85","85","0.572420060634613","0.572420060634613","0.572420060634613","0.022020436823368073","0.022020436823368073","0.022020436823368073","0.0011007451685145497","0.0011007451685145497","0.0011007451685145497","0.9885270595550537","0.9885270595550537","0.9885270595550537","0.9997733235359192","0.9997733235359192","0.9997733235359192","","","","","","","","","","","","","","","","","","","","","","","","","","","","","","","","","","","","","","","","","","","","","","","","","","","","","",""
"0.16067979915025107","","","","","","","","","","","","","","","","","","","","","","","","","","","","","","","","","","","","","","","","","","","","","","","","","","","","","","","85","85","85","0.6900368332862854","0.6900368332862854","0.6900368332862854","0.0018815475050359964","0.0018815475050359964","0.0018815475050359964","0.0000031829963518248405","0.0000031829963518248405","0.0000031829963518248405","0.9998641610145569","0.9998641610145569","0.9998641610145569","0.9999998807907104","0.9999998807907104","0.9999998807907104","","","","","","","","","","","","","","","","","","","","","","","","","","","","","","","","","","","",""
"0.16483516483516483","308","308","308","0.5322747826576233","0.5322747826576233","0.5322747826576233","0.11082920432090759","0.11082920432090759","0.11082920432090759","0.02754085510969162","0.02754085510969162","0.02754085510969162","0.9214791059494019","0.9214791059494019","0.9214791059494019","0.9764992594718933","0.9764992594718933","0.9764992594718933","308","308","308","0.5342175364494324","0.5342175364494324","0.5342175364494324","0.2026648074388504","0.2026648074388504","0.2026648074388504","0.049948181957006454","0.049948181957006454","0.049948181957006454","0.8501948118209839","0.8501948118209839","0.8501948118209839","0.9301335215568542","0.9301335215568542","0.9301335215568542","","","","","","","","","","","","","","","","","","","","","","","","","","","","","","","","","","","","","","","","","","","","","","","","","","","","","","","","","","","","","","","","","","","","","","","",""
"0.1717622810030917","","","","","","","","","","","","","","","","","","","","","","","","","","","","","","","","","","","","","","","","","","","","","","","","","","","","","","","","","","","","","","","","","","","","","","","","","72","72","72","0.961268424987793","0.961268424987793","0.961268424987793","7.828561132683376e-10","7.828561132683376e-10","7.828561132683376e-10","1.4005327648488923e-23","1.4005327648488923e-23","1.4005327648488923e-23","1","1","1","1","1","1","70","70","70","0.961268424987793","0.961268424987793","0.961268424987793","0.00008452258043689653","0.00008452258043689653","0.00008452258043689653","2.978810251689344e-19","2.978810251689344e-19","2.978810251689344e-19","1","1","1","1","1","1"
"0.1889385091034009","","","","","","","","","","","","","","","","","","","","","","","","","","","","","","","","","","","","","","","","","","","","","","","","","","","","","","","","","","","","","","","","","","","","","","","","","79","79","79","0.9604615569114685","0.9604615569114685","0.9604615569114685","2.247102282026958e-9","2.247102282026958e-9","2.247102282026958e-9","2.983369050840277e-20","2.983369050840277e-20","2.983369050840277e-20","1","1","1","1","1","1","77","77","77","0.9604615569114685","0.9604615569114685","0.9604615569114685","0.000180163566255942","0.000180163566255942","0.000180163566255942","2.5728225549781795e-15","2.5728225549781795e-15","2.5728225549781795e-15","1","1","1","1","1","1"
"0.2008238928939238","","","","","","","","","","","","","","","","","","","","","","","","","","","","","","","","","","","","","106","106","106","0.5838020443916321","0.5838020443916321","0.5838020443916321","0.024481993168592453","0.024481993168592453","0.024481993168592453","0.004042780492454767","0.004042780492454767","0.004042780492454767","0.9892748594284058","0.9892748594284058","0.9892748594284058","0.9997039437294006","0.9997039437294006","0.9997039437294006","","","","","","","","","","","","","","","","","","","","","","","","","","","","","","","","","","","","","","","","","","","","","","","","","","","","","",""
"0.20084974893781382","","","","","","","","","","","","","","","","","","","","","","","","","","","","","","","","","","","","","","","","","","","","","","","","","","","","","","","106","106","106","0.671340823173523","0.671340823173523","0.671340823173523","0.0017180043505504727","0.0017180043505504727","0.0017180043505504727","0.00003841622674372047","0.00003841622674372047","0.00003841622674372047","0.9997860789299011","0.9997860789299011","0.9997860789299011","1","1","1","","","","","","","","","","","","","","","","","","","","","","","","","","","","","","","","","","","",""
"0.20611473720371007","","","","","","","","","","","","","","","","","","","","","","","","","","","","","","","","","","","","","","","","","","","","","","","","","","","","","","","","","","","","","","","","","","","","","","","","","86","86","86","0.9771143794059753","0.9771143794059753","0.9771143794059753","1.8498131915123395e-9","1.8498131915123395e-9","1.8498131915123395e-9","1.2859773692423623e-21","1.2859773692423623e-21","1.2859773692423623e-21","1","1","1","1","1","1","84","84","84","0.9771143794059753","0.9771143794059753","0.9771143794059753","0.0000664677208987996","0.0000664677208987996","0.0000664677208987996","9.066141712064539e-17","9.066141712064539e-17","9.066141712064539e-17","1","1","1","1","1","1"
"0.21978021978021978","411","411","411","0.5398886799812317","0.5398886799812317","0.5398886799812317","0.11877552419900894","0.11877552419900894","0.11877552419900894","0.025613902136683464","0.025613902136683464","0.025613902136683464","0.9213864207267761","0.9213864207267761","0.9213864207267761","0.976109504699707","0.976109504699707","0.976109504699707","411","411","411","0.5428945422172546","0.5428945422172546","0.5428945422172546","0.2071179747581482","0.2071179747581482","0.2071179747581482","0.044298820197582245","0.044298820197582245","0.044298820197582245","0.8548635244369507","0.8548635244369507","0.8548635244369507","0.9433050155639648","0.9433050155639648","0.9433050155639648","","","","","","","","","","","","","","","","","","","","","","","","","","","","","","","","","","","","","","","","","","","","","","","","","","","","","","","","","","","","","","","","","","","","","","","",""
"0.22329096530401923","","","","","","","","","","","","","","","","","","","","","","","","","","","","","","","","","","","","","","","","","","","","","","","","","","","","","","","","","","","","","","","","","","","","","","","","","93","93","93","0.9733861684799194","0.9733861684799194","0.9733861684799194","5.655284240901892e-9","5.655284240901892e-9","5.655284240901892e-9","1.1346156359970542e-21","1.1346156359970542e-21","1.1346156359970542e-21","1","1","1","1","1","1","91","91","91","0.9733861684799194","0.9733861684799194","0.9733861684799194","0.0001703042071312666","0.0001703042071312666","0.0001703042071312666","7.243999472847413e-18","7.243999472847413e-18","7.243999472847413e-18","1","1","1","1","1","1"
"0.2404671934043284","","","","","","","","","","","","","","","","","","","","","","","","","","","","","","","","","","","","","","","","","","","","","","","","","","","","","","","","","","","","","","","","","","","","","","","","","100","100","100","0.9795359969139099","0.9795359969139099","0.9795359969139099","4.624411076292745e-9","4.624411076292745e-9","4.624411076292745e-9","1.9204619566004182e-21","1.9204619566004182e-21","1.9204619566004182e-21","1","1","1","1","1","1","98","98","98","0.9795359969139099","0.9795359969139099","0.9795359969139099","0.00008204711775761098","0.00008204711775761098","0.00008204711775761098","5.745669326687235e-17","5.745669326687235e-17","5.745669326687235e-17","1","1","1","1","1","1"
"0.24098867147270855","","","","","","","","","","","","","","","","","","","","","","","","","","","","","","","","","","","","","128","128","128","0.6092697381973267","0.6092697381973267","0.6092697381973267","0.025373272597789764","0.025373272597789764","0.025373272597789764","0.005036383401602507","0.005036383401602507","0.005036383401602507","0.9914991855621338","0.9914991855621338","0.9914991855621338","0.9998642206192017","0.9998642206192017","0.9998642206192017","","","","","","","","","","","","","","","","","","","","","","","","","","","","","","","","","","","","","","","","","","","","","","","","","","","","","",""
"0.2410196987253766","","","","","","","","","","","","","","","","","","","","","","","","","","","","","","","","","","","","","","","","","","","","","","","","","","","","","","","128","128","128","0.6718653440475464","0.6718653440475464","0.6718653440475464","0.0027625933289527893","0.0027625933289527893","0.0027625933289527893","0.00006339758692774922","0.00006339758692774922","0.00006339758692774922","0.9996740818023682","0.9996740818023682","0.9996740818023682","0.9999998807907104","0.9999998807907104","0.9999998807907104","","","","","","","","","","","","","","","","","","","","","","","","","","","","","","","","","","","",""
"0.2576434215046376","","","","","","","","","","","","","","","","","","","","","","","","","","","","","","","","","","","","","","","","","","","","","","","","","","","","","","","","","","","","","","","","","","","","","","","","","107","107","107","0.9786611795425415","0.9786611795425415","0.9786611795425415","9.789894228617868e-9","9.789894228617868e-9","9.789894228617868e-9","2.2620913381366476e-19","2.2620913381366476e-19","2.2620913381366476e-19","1","1","1","1","1","1","105","105","105","0.9786611795425415","0.9786611795425415","0.9786611795425415","0.00012770298053510487","0.00012770298053510487","0.00012770298053510487","8.249721329617397e-16","8.249721329617397e-16","8.249721329617397e-16","1","1","1","1","1","1"
"0.27472527472527475","514","514","514","0.5409811735153198","0.5409811735153198","0.5409811735153198","0.12464174628257751","0.12464174628257751","0.12464174628257751","0.028704997152090073","0.028704997152090073","0.028704997152090073","0.9176996946334839","0.9176996946334839","0.9176996946334839","0.9786238670349121","0.9786238670349121","0.9786238670349121","514","514","514","0.5455195307731628","0.5455195307731628","0.5455195307731628","0.2094644010066986","0.2094644010066986","0.2094644010066986","0.049034468829631805","0.049034468829631805","0.049034468829631805","0.8541290163993835","0.8541290163993835","0.8541290163993835","0.9426767826080322","0.9426767826080322","0.9426767826080322","","","","","","","","","","","","","","","","","","","","","","","","","","","","","","","","","","","","","","","","","","","","","","","","","","","","","","","","","","","","","","","","","","","","","","","",""
"0.27481964960494676","","","","","","","","","","","","","","","","","","","","","","","","","","","","","","","","","","","","","","","","","","","","","","","","","","","","","","","","","","","","","","","","","","","","","","","","","114","114","114","0.9712542295455933","0.9712542295455933","0.9712542295455933","3.225952127650089e-8","3.225952127650089e-8","3.225952127650089e-8","1.4084576299483064e-22","1.4084576299483064e-22","1.4084576299483064e-22","1","1","1","1","1","1","112","112","112","0.9712542295455933","0.9712542295455933","0.9712542295455933","0.00027329660952091217","0.00027329660952091217","0.00027329660952091217","2.6307985141833045e-18","2.6307985141833045e-18","2.6307985141833045e-18","1","1","1","1","1","1"
"0.2811534500514933","","","","","","","","","","","","","","","","","","","","","","","","","","","","","","","","","","","","","149","149","149","0.6360454559326172","0.6360454559326172","0.6360454559326172","0.031200282275676727","0.031200282275676727","0.031200282275676727","0.0030164073687046766","0.0030164073687046766","0.0030164073687046766","0.9924211502075195","0.9924211502075195","0.9924211502075195","0.9999737739562988","0.9999737739562988","0.9999737739562988","","","","","","","","","","","","","","","","","","","","","","","","","","","","","","","","","","","","","","","","","","","","","","","","","","","","","",""
"0.28118964851293937","","","","","","","","","","","","","","","","","","","","","","","","","","","","","","","","","","","","","","","","","","","","","","","","","","","","","","","149","149","149","0.7504734992980957","0.7504734992980957","0.7504734992980957","0.0021075760014355183","0.0021075760014355183","0.0021075760014355183","0.000032051240850705653","0.000032051240850705653","0.000032051240850705653","0.9998027682304382","0.9998027682304382","0.9998027682304382","0.9999996423721313","0.9999996423721313","0.9999996423721313","","","","","","","","","","","","","","","","","","","","","","","","","","","","","","","","","","","",""
"0.2919958777052559","","","","","","","","","","","","","","","","","","","","","","","","","","","","","","","","","","","","","","","","","","","","","","","","","","","","","","","","","","","","","","","","","","","","","","","","","121","121","121","0.9772687554359436","0.9772687554359436","0.9772687554359436","5.749598130933009e-8","5.749598130933009e-8","5.749598130933009e-8","2.525844266096295e-21","2.525844266096295e-21","2.525844266096295e-21","1","1","1","1","1","1","119","119","119","0.9772687554359436","0.9772687554359436","0.9772687554359436","0.0003736701619345695","0.0003736701619345695","0.0003736701619345695","3.7759583970628936e-17","3.7759583970628936e-17","3.7759583970628936e-17","1","1","1","1","1","1"
"0.3091721058055651","","","","","","","","","","","","","","","","","","","","","","","","","","","","","","","","","","","","","","","","","","","","","","","","","","","","","","","","","","","","","","","","","","","","","","","","","128","128","128","0.9562367796897888","0.9562367796897888","0.9562367796897888","4.232306594076363e-8","4.232306594076363e-8","4.232306594076363e-8","7.329924678773706e-17","7.329924678773706e-17","7.329924678773706e-17","1","1","1","1","1","1","126","126","126","0.9562367796897888","0.9562367796897888","0.9562367796897888","0.0003065891214646399","0.0003065891214646399","0.0003065891214646399","4.2059075406469804e-13","4.2059075406469804e-13","4.2059075406469804e-13","1","1","1","1","1","1"
"0.3213182286302781","","","","","","","","","","","","","","","","","","","","","","","","","","","","","","","","","","","","","171","171","171","0.6074187159538269","0.6074187159538269","0.6074187159538269","0.029235461726784706","0.029235461726784706","0.029235461726784706","0.0014938880922272801","0.0014938880922272801","0.0014938880922272801","0.9911090731620789","0.9911090731620789","0.9911090731620789","0.9999189376831055","0.9999189376831055","0.9999189376831055","","","","","","","","","","","","","","","","","","","","","","","","","","","","","","","","","","","","","","","","","","","","","","","","","","","","","",""
"0.32135959830050215","","","","","","","","","","","","","","","","","","","","","","","","","","","","","","","","","","","","","","","","","","","","","","","","","","","","","","","171","171","171","0.7508664727210999","0.7508664727210999","0.7508664727210999","0.001963918562978506","0.001963918562978506","0.001963918562978506","0.000004783876647707075","0.000004783876647707075","0.000004783876647707075","0.9999039769172668","0.9999039769172668","0.9999039769172668","0.9999998807907104","0.9999998807907104","0.9999998807907104","","","","","","","","","","","","","","","","","","","","","","","","","","","","","","","","","","","",""
"0.32634833390587425","","","","","","","","","","","","","","","","","","","","","","","","","","","","","","","","","","","","","","","","","","","","","","","","","","","","","","","","","","","","","","","","","","","","","","","","","135","135","135","0.9740419387817383","0.9740419387817383","0.9740419387817383","2.947371768868834e-8","2.947371768868834e-8","2.947371768868834e-8","3.949341574590541e-18","3.949341574590541e-18","3.949341574590541e-18","1","1","1","1","1","1","133","133","133","0.9740419387817383","0.9740419387817383","0.9740419387817383","0.00015147423255257308","0.00015147423255257308","0.00015147423255257308","3.4671216771068117e-14","3.4671216771068117e-14","3.4671216771068117e-14","1","1","1","1","1","1"
"0.32967032967032966","617","617","617","0.538284182548523","0.538284182548523","0.538284182548523","0.1356477439403534","0.1356477439403534","0.1356477439403534","0.03145213797688484","0.03145213797688484","0.03145213797688484","0.9133525490760803","0.9133525490760803","0.9133525490760803","0.9692240357398987","0.9692240357398987","0.9692240357398987","617","617","617","0.5430111885070801","0.5430111885070801","0.5430111885070801","0.2227047085762024","0.2227047085762024","0.2227047085762024","0.056014906615018845","0.056014906615018845","0.056014906615018845","0.8455237746238708","0.8455237746238708","0.8455237746238708","0.9333569407463074","0.9333569407463074","0.9333569407463074","","","","","","","","","","","","","","","","","","","","","","","","","","","","","","","","","","","","","","","","","","","","","","","","","","","","","","","","","","","","","","","","","","","","","","","",""
"0.3435245620061834","","","","","","","","","","","","","","","","","","","","","","","","","","","","","","","","","","","","","","","","","","","","","","","","","","","","","","","","","","","","","","","","","","","","","","","","","142","142","142","0.9809834361076355","0.9809834361076355","0.9809834361076355","2.233726803524405e-8","2.233726803524405e-8","2.233726803524405e-8","3.7359514138259754e-19","3.7359514138259754e-19","3.7359514138259754e-19","1","1","1","1","1","1","140","140","140","0.9809834361076355","0.9809834361076355","0.9809834361076355","0.00010935865429928526","0.00010935865429928526","0.00010935865429928526","2.4913828781985203e-15","2.4913828781985203e-15","2.4913828781985203e-15","1","1","1","1","1","1"
"0.36070079010649264","","","","","","","","","","","","","","","","","","","","","","","","","","","","","","","","","","","","","","","","","","","","","","","","","","","","","","","","","","","","","","","","","","","","","","","","","149","149","149","0.9673410058021545","0.9673410058021545","0.9673410058021545","1.2310127317505248e-7","1.2310127317505248e-7","1.2310127317505248e-7","8.230314229016734e-19","8.230314229016734e-19","8.230314229016734e-19","1","1","1","1","1","1","147","147","147","0.9673410058021545","0.9673410058021545","0.9673410058021545","0.00038752725231461227","0.00038752725231461227","0.00038752725231461227","5.083691426128285e-15","5.083691426128285e-15","5.083691426128285e-15","1","1","1","1","1","1"
"0.36148300720906285","","","","","","","","","","","","","","","","","","","","","","","","","","","","","","","","","","","","","192","192","192","0.6276274919509888","0.6276274919509888","0.6276274919509888","0.02881474792957306","0.02881474792957306","0.02881474792957306","0.0037622866220772266","0.0037622866220772266","0.0037622866220772266","0.9916996955871582","0.9916996955871582","0.9916996955871582","0.9997103810310364","0.9997103810310364","0.9997103810310364","","","","","","","","","","","","","","","","","","","","","","","","","","","","","","","","","","","","","","","","","","","","","","","","","","","","","",""
"0.36152954808806487","","","","","","","","","","","","","","","","","","","","","","","","","","","","","","","","","","","","","","","","","","","","","","","","","","","","","","","192","192","192","0.6967348456382751","0.6967348456382751","0.6967348456382751","0.002574679907411337","0.002574679907411337","0.002574679907411337","0.00005094533116789535","0.00005094533116789535","0.00005094533116789535","0.9994614124298096","0.9994614124298096","0.9994614124298096","1","1","1","","","","","","","","","","","","","","","","","","","","","","","","","","","","","","","","","","","",""
"0.3778770182068018","","","","","","","","","","","","","","","","","","","","","","","","","","","","","","","","","","","","","","","","","","","","","","","","","","","","","","","","","","","","","","","","","","","","","","","","","156","156","156","0.9634625315666199","0.9634625315666199","0.9634625315666199","1.0815696072086212e-7","1.0815696072086212e-7","1.0815696072086212e-7","9.71681553085869e-21","9.71681553085869e-21","9.71681553085869e-21","1","1","1","1","1","1","154","154","154","0.9634625315666199","0.9634625315666199","0.9634625315666199","0.0003326903097331524","0.0003326903097331524","0.0003326903097331524","1.0729118188686456e-17","1.0729118188686456e-17","1.0729118188686456e-17","1","1","1","1","1","1"
"0.38461538461538464","720","720","720","0.5419773459434509","0.5419773459434509","0.5419773459434509","0.13418295979499817","0.13418295979499817","0.13418295979499817","0.03208101540803909","0.03208101540803909","0.03208101540803909","0.9162977337837219","0.9162977337837219","0.9162977337837219","0.9751811623573303","0.9751811623573303","0.9751811623573303","720","720","720","0.5464453101158142","0.5464453101158142","0.5464453101158142","0.21986111998558044","0.21986111998558044","0.21986111998558044","0.05196605622768402","0.05196605622768402","0.05196605622768402","0.8540133833885193","0.8540133833885193","0.8540133833885193","0.9352295398712158","0.9352295398712158","0.9352295398712158","","","","","","","","","","","","","","","","","","","","","","","","","","","","","","","","","","","","","","","","","","","","","","","","","","","","","","","","","","","","","","","","","","","","","","","",""
"0.395053246307111","","","","","","","","","","","","","","","","","","","","","","","","","","","","","","","","","","","","","","","","","","","","","","","","","","","","","","","","","","","","","","","","","","","","","","","","","163","163","163","0.9722699522972107","0.9722699522972107","0.9722699522972107","8.60639914890271e-8","8.60639914890271e-8","8.60639914890271e-8","5.179358770640678e-20","5.179358770640678e-20","5.179358770640678e-20","1","1","1","1","1","1","161","161","161","0.9722699522972107","0.9722699522972107","0.9722699522972107","0.00021305851987563074","0.00021305851987563074","0.00021305851987563074","2.3612684531048927e-16","2.3612684531048927e-16","2.3612684531048927e-16","1","1","1","1","1","1"
"0.4016477857878476","","","","","","","","","","","","","","","","","","","","","","","","","","","","","","","","","","","","","214","214","214","0.6692306399345398","0.6692306399345398","0.6692306399345398","0.030374769121408463","0.030374769121408463","0.030374769121408463","0.004806519486010075","0.004806519486010075","0.004806519486010075","0.9930191040039062","0.9930191040039062","0.9930191040039062","0.9999353885650635","0.9999353885650635","0.9999353885650635","","","","","","","","","","","","","","","","","","","","","","","","","","","","","","","","","","","","","","","","","","","","","","","","","","","","","",""
"0.40169949787562764","","","","","","","","","","","","","","","","","","","","","","","","","","","","","","","","","","","","","","","","","","","","","","","","","","","","","","","214","214","214","0.7858423590660095","0.7858423590660095","0.7858423590660095","0.0030663092620670795","0.0030663092620670795","0.0030663092620670795","0.00003085164644289762","0.00003085164644289762","0.00003085164644289762","0.9998794794082642","0.9998794794082642","0.9998794794082642","1","1","1","","","","","","","","","","","","","","","","","","","","","","","","","","","","","","","","","","","",""
"0.41222947440742014","","","","","","","","","","","","","","","","","","","","","","","","","","","","","","","","","","","","","","","","","","","","","","","","","","","","","","","","","","","","","","","","","","","","","","","","","170","170","170","0.96742844581604","0.96742844581604","0.96742844581604","1.101380178170075e-7","1.101380178170075e-7","1.101380178170075e-7","1.1186641711656887e-18","1.1186641711656887e-18","1.1186641711656887e-18","1","1","1","1","1","1","168","168","168","0.96742844581604","0.96742844581604","0.96742844581604","0.0002642985200509429","0.0002642985200509429","0.0002642985200509429","4.52095915838926e-15","4.52095915838926e-15","4.52095915838926e-15","1","1","1","1","1","1"
"0.4294057025077293","","","","","","","","","","","","","","","","","","","","","","","","","","","","","","","","","","","","","","","","","","","","","","","","","","","","","","","","","","","","","","","","","","","","","","","","","177","177","177","0.9739776849746704","0.9739776849746704","0.9739776849746704","1.5565103694825666e-7","1.5565103694825666e-7","1.5565103694825666e-7","1.9401835337570093e-19","1.9401835337570093e-19","1.9401835337570093e-19","1","1","1","1","1","1","175","175","175","0.9739776849746704","0.9739776849746704","0.9739776849746704","0.00035914801992475986","0.00035914801992475986","0.00035914801992475986","6.937401008337693e-16","6.937401008337693e-16","6.937401008337693e-16","1","1","1","1","1","1"
"0.43956043956043955","823","823","823","0.5430548787117004","0.5430548787117004","0.5430548787117004","0.13900478184223175","0.13900478184223175","0.13900478184223175","0.030282223597168922","0.030282223597168922","0.030282223597168922","0.9166443347930908","0.9166443347930908","0.9166443347930908","0.975742757320404","0.975742757320404","0.975742757320404","823","823","823","0.5462023019790649","0.5462023019790649","0.5462023019790649","0.21954655647277832","0.21954655647277832","0.21954655647277832","0.052470751106739044","0.052470751106739044","0.052470751106739044","0.8547652363777161","0.8547652363777161","0.8547652363777161","0.9366608262062073","0.9366608262062073","0.9366608262062073","","","","","","","","","","","","","","","","","","","","","","","","","","","","","","","","","","","","","","","","","","","","","","","","","","","","","","","","","","","","","","","","","","","","","","","",""
"0.44181256436663235","","","","","","","","","","","","","","","","","","","","","","","","","","","","","","","","","","","","","235","235","235","0.650507926940918","0.650507926940918","0.650507926940918","0.029990501701831818","0.029990501701831818","0.029990501701831818","0.001884424826130271","0.001884424826130271","0.001884424826130271","0.9926123023033142","0.9926123023033142","0.9926123023033142","0.9999181032180786","0.9999181032180786","0.9999181032180786","","","","","","","","","","","","","","","","","","","","","","","","","","","","","","","","","","","","","","","","","","","","","","","","","","","","","",""
"0.4418694476631904","","","","","","","","","","","","","","","","","","","","","","","","","","","","","","","","","","","","","","","","","","","","","","","","","","","","","","","235","235","235","0.7294186949729919","0.7294186949729919","0.7294186949729919","0.002922801533713937","0.002922801533713937","0.002922801533713937","0.0000300422416330548","0.0000300422416330548","0.0000300422416330548","0.9998694062232971","0.9998694062232971","0.9998694062232971","1","1","1","","","","","","","","","","","","","","","","","","","","","","","","","","","","","","","","","","","",""
"0.44658193060803847","","","","","","","","","","","","","","","","","","","","","","","","","","","","","","","","","","","","","","","","","","","","","","","","","","","","","","","","","","","","","","","","","","","","","","","","","184","184","184","0.973240852355957","0.973240852355957","0.973240852355957","2.3219020306441962e-7","2.3219020306441962e-7","2.3219020306441962e-7","9.33523000570459e-22","9.33523000570459e-22","9.33523000570459e-22","1","1","1","1","1","1","182","182","182","0.973240852355957","0.973240852355957","0.973240852355957","0.0003122907364740968","0.0003122907364740968","0.0003122907364740968","6.85465858661335e-19","6.85465858661335e-19","6.85465858661335e-19","1","1","1","1","1","1"
"0.46375815870834763","","","","","","","","","","","","","","","","","","","","","","","","","","","","","","","","","","","","","","","","","","","","","","","","","","","","","","","","","","","","","","","","","","","","","","","","","191","191","191","0.9778035283088684","0.9778035283088684","0.9778035283088684","1.3907515494793188e-7","1.3907515494793188e-7","1.3907515494793188e-7","8.229575561374537e-23","8.229575561374537e-23","8.229575561374537e-23","1","1","1","1","1","1","189","189","189","0.9778035283088684","0.9778035283088684","0.9778035283088684","0.000210187557968311","0.000210187557968311","0.000210187557968311","2.3172818625819513e-19","2.3172818625819513e-19","2.3172818625819513e-19","1","1","1","1","1","1"
"0.4809343868086568","","","","","","","","","","","","","","","","","","","","","","","","","","","","","","","","","","","","","","","","","","","","","","","","","","","","","","","","","","","","","","","","","","","","","","","","","198","198","198","0.9829922318458557","0.9829922318458557","0.9829922318458557","1.1528666732374404e-7","1.1528666732374404e-7","1.1528666732374404e-7","9.65480614121627e-23","9.65480614121627e-23","9.65480614121627e-23","1","1","1","1","1","1","196","196","196","0.9829922318458557","0.9829922318458557","0.9829922318458557","0.00018733686010818928","0.00018733686010818928","0.00018733686010818928","2.588390825334089e-19","2.588390825334089e-19","2.588390825334089e-19","1","1","1","1","1","1"
"0.4819773429454171","","","","","","","","","","","","","","","","","","","","","","","","","","","","","","","","","","","","","257","257","257","0.6848970055580139","0.6848970055580139","0.6848970055580139","0.03722047433257103","0.03722047433257103","0.03722047433257103","0.003541667014360428","0.003541667014360428","0.003541667014360428","0.9936451315879822","0.9936451315879822","0.9936451315879822","0.9998488426208496","0.9998488426208496","0.9998488426208496","","","","","","","","","","","","","","","","","","","","","","","","","","","","","","","","","","","","","","","","","","","","","","","","","","","","","",""
"0.4820393974507532","","","","","","","","","","","","","","","","","","","","","","","","","","","","","","","","","","","","","","","","","","","","","","","","","","","","","","","257","257","257","0.7705133557319641","0.7705133557319641","0.7705133557319641","0.0026202481240034103","0.0026202481240034103","0.0026202481240034103","0.00006619774649152532","0.00006619774649152532","0.00006619774649152532","0.99980229139328","0.99980229139328","0.99980229139328","1","1","1","","","","","","","","","","","","","","","","","","","","","","","","","","","","","","","","","","","",""
"0.4945054945054945","926","926","926","0.5446226000785828","0.5446226000785828","0.5446226000785828","0.1414112150669098","0.1414112150669098","0.1414112150669098","0.03190037980675697","0.03190037980675697","0.03190037980675697","0.9136486649513245","0.9136486649513245","0.9136486649513245","0.9753305315971375","0.9753305315971375","0.9753305315971375","926","926","926","0.549132227897644","0.549132227897644","0.549132227897644","0.2241685837507248","0.2241685837507248","0.2241685837507248","0.04919616878032684","0.04919616878032684","0.04919616878032684","0.8541523218154907","0.8541523218154907","0.8541523218154907","0.9425104856491089","0.9425104856491089","0.9425104856491089","","","","","","","","","","","","","","","","","","","","","","","","","","","","","","","","","","","","","","","","","","","","","","","","","","","","","","","","","","","","","","","","","","","","","","","",""
"0.49811061490896597","","","","","","","","","","","","","","","","","","","","","","","","","","","","","","","","","","","","","","","","","","","","","","","","","","","","","","","","","","","","","","","","","","","","","","","","","205","205","205","0.9691605567932129","0.9691605567932129","0.9691605567932129","3.708319127326831e-7","3.708319127326831e-7","3.708319127326831e-7","1.1660574016438531e-17","1.1660574016438531e-17","1.1660574016438531e-17","1","1","1","1","1","1","203","203","203","0.9691605567932129","0.9691605567932129","0.9691605567932129","0.0004479614144656807","0.0004479614144656807","0.0004479614144656807","2.5177246287702397e-14","2.5177246287702397e-14","2.5177246287702397e-14","1","1","1","1","1","1"
"0.5152868430092752","","","","","","","","","","","","","","","","","","","","","","","","","","","","","","","","","","","","","","","","","","","","","","","","","","","","","","","","","","","","","","","","","","","","","","","","","212","212","212","0.9773198366165161","0.9773198366165161","0.9773198366165161","3.233510597056011e-7","3.233510597056011e-7","3.233510597056011e-7","1.291808629053756e-21","1.291808629053756e-21","1.291808629053756e-21","1","1","1","1","1","1","210","210","210","0.9773198366165161","0.9773198366165161","0.9773198366165161","0.0003882721357513219","0.0003882721357513219","0.0003882721357513219","2.4162109060844918e-18","2.4162109060844918e-18","2.4162109060844918e-18","1","1","1","1","1","1"
"0.5221421215242018","","","","","","","","","","","","","","","","","","","","","","","","","","","","","","","","","","","","","278","278","278","0.6764096617698669","0.6764096617698669","0.6764096617698669","0.03525365889072418","0.03525365889072418","0.03525365889072418","0.0020904475823044777","0.0020904475823044777","0.0020904475823044777","0.994852602481842","0.994852602481842","0.994852602481842","0.9999393224716187","0.9999393224716187","0.9999393224716187","","","","","","","","","","","","","","","","","","","","","","","","","","","","","","","","","","","","","","","","","","","","","","","","","","","","","",""
"0.5222093472383159","","","","","","","","","","","","","","","","","","","","","","","","","","","","","","","","","","","","","","","","","","","","","","","","","","","","","","","278","278","278","0.7717298865318298","0.7717298865318298","0.7717298865318298","0.004172171466052532","0.004172171466052532","0.004172171466052532","0.00012810160114895552","0.00012810160114895552","0.00012810160114895552","0.9996668100357056","0.9996668100357056","0.9996668100357056","1","1","1","","","","","","","","","","","","","","","","","","","","","","","","","","","","","","","","","","","",""
"0.5324630711095844","","","","","","","","","","","","","","","","","","","","","","","","","","","","","","","","","","","","","","","","","","","","","","","","","","","","","","","","","","","","","","","","","","","","","","","","","219","219","219","0.9770660996437073","0.9770660996437073","0.9770660996437073","4.332905518822372e-7","4.332905518822372e-7","4.332905518822372e-7","8.87266759308519e-23","8.87266759308519e-23","8.87266759308519e-23","1","1","1","1","1","1","217","217","217","0.9770660996437073","0.9770660996437073","0.9770660996437073","0.00029120524413883686","0.00029120524413883686","0.00029120524413883686","1.5637640100222436e-19","1.5637640100222436e-19","1.5637640100222436e-19","1","1","1","1","1","1"
"0.5494505494505495","1029","1029","1029","0.5470448732376099","0.5470448732376099","0.5470448732376099","0.14300310611724854","0.14300310611724854","0.14300310611724854","0.031577110290527344","0.031577110290527344","0.031577110290527344","0.909446120262146","0.909446120262146","0.909446120262146","0.9766243100166321","0.9766243100166321","0.9766243100166321","1029","1029","1029","0.5495755076408386","0.5495755076408386","0.5495755076408386","0.2248191237449646","0.2248191237449646","0.2248191237449646","0.061174001544713974","0.061174001544713974","0.061174001544713974","0.8520331382751465","0.8520331382751465","0.8520331382751465","0.9499561786651611","0.9499561786651611","0.9499561786651611","","","","","","","","","","","","","","","","","","","","","","","","","","","","","","","","","","","","","","","","","","","","","","","","","","","","","","","","","","","","","","","","","","","","","","","",""
"0.5496392992098935","","","","","","","","","","","","","","","","","","","","","","","","","","","","","","","","","","","","","","","","","","","","","","","","","","","","","","","","","","","","","","","","","","","","","","","","","226","226","226","0.979259729385376","0.979259729385376","0.979259729385376","4.402119202495669e-7","4.402119202495669e-7","4.402119202495669e-7","8.388962300625576e-19","8.388962300625576e-19","8.388962300625576e-19","1","1","1","1","1","1","224","224","224","0.979259729385376","0.979259729385376","0.979259729385376","0.00031562993535771966","0.00031562993535771966","0.00031562993535771966","1.312325721114743e-15","1.312325721114743e-15","1.312325721114743e-15","1","1","1","1","1","1"
"0.5623069001029866","","","","","","","","","","","","","","","","","","","","","","","","","","","","","","","","","","","","","300","300","300","0.7008742690086365","0.7008742690086365","0.7008742690086365","0.03482661023736","0.03482661023736","0.03482661023736","0.004157501272857189","0.004157501272857189","0.004157501272857189","0.994857132434845","0.994857132434845","0.994857132434845","0.9999681711196899","0.9999681711196899","0.9999681711196899","","","","","","","","","","","","","","","","","","","","","","","","","","","","","","","","","","","","","","","","","","","","","","","","","","","","","",""
"0.5623792970258787","","","","","","","","","","","","","","","","","","","","","","","","","","","","","","","","","","","","","","","","","","","","","","","","","","","","","","","300","300","300","0.7655941843986511","0.7655941843986511","0.7655941843986511","0.0031649700831621885","0.0031649700831621885","0.0031649700831621885","0.00008582426380598918","0.00008582426380598918","0.00008582426380598918","0.9997769594192505","0.9997769594192505","0.9997769594192505","1","1","1","","","","","","","","","","","","","","","","","","","","","","","","","","","","","","","","","","","",""
"0.5668155273102027","","","","","","","","","","","","","","","","","","","","","","","","","","","","","","","","","","","","","","","","","","","","","","","","","","","","","","","","","","","","","","","","","","","","","","","","","233","233","233","0.9811702370643616","0.9811702370643616","0.9811702370643616","2.625634749620076e-7","2.625634749620076e-7","2.625634749620076e-7","1.4427068705451896e-20","1.4427068705451896e-20","1.4427068705451896e-20","1","1","1","1","1","1","231","231","231","0.9811702370643616","0.9811702370643616","0.9811702370643616","0.0002074719814117998","0.0002074719814117998","0.0002074719814117998","2.0666879302788332e-17","2.0666879302788332e-17","2.0666879302788332e-17","1","1","1","1","1","1"
"0.5839917554105118","","","","","","","","","","","","","","","","","","","","","","","","","","","","","","","","","","","","","","","","","","","","","","","","","","","","","","","","","","","","","","","","","","","","","","","","","240","240","240","0.9703900814056396","0.9703900814056396","0.9703900814056396","0.0000012727932698908262","0.0000012727932698908262","0.0000012727932698908262","1.6692162515341655e-18","1.6692162515341655e-18","1.6692162515341655e-18","1","1","1","1","1","1","238","238","238","0.9703900814056396","0.9703900814056396","0.9703900814056396","0.0007737354608252645","0.0007737354608252645","0.0007737354608252645","2.1701481740511687e-15","2.1701481740511687e-15","2.1701481740511687e-15","1","1","1","1","1","1"
"0.601167983510821","","","","","","","","","","","","","","","","","","","","","","","","","","","","","","","","","","","","","","","","","","","","","","","","","","","","","","","","","","","","","","","","","","","","","","","","","247","247","247","0.9711129665374756","0.9711129665374756","0.9711129665374756","5.8112675560551e-7","5.8112675560551e-7","5.8112675560551e-7","3.2920931420495897e-17","3.2920931420495897e-17","3.2920931420495897e-17","1","1","1","1","1","1","245","245","245","0.9711129665374756","0.9711129665374756","0.9711129665374756","0.00047472346341237426","0.00047472346341237426","0.00047472346341237426","4.014734914957116e-14","4.014734914957116e-14","4.014734914957116e-14","1","1","1","1","1","1"
"0.6024716786817713","","","","","","","","","","","","","","","","","","","","","","","","","","","","","","","","","","","","","321","321","321","0.6834020018577576","0.6834020018577576","0.6834020018577576","0.023865526542067528","0.023865526542067528","0.023865526542067528","0.003958658315241337","0.003958658315241337","0.003958658315241337","0.9937425255775452","0.9937425255775452","0.9937425255775452","0.9999138116836548","0.9999138116836548","0.9999138116836548","","","","","","","","","","","","","","","","","","","","","","","","","","","","","","","","","","","","","","","","","","","","","","","","","","","","","",""
"0.6025492468134415","","","","","","","","","","","","","","","","","","","","","","","","","","","","","","","","","","","","","","","","","","","","","","","","","","","","","","","321","321","321","0.7801135182380676","0.7801135182380676","0.7801135182380676","0.0034606645349413157","0.0034606645349413157","0.0034606645349413157","0.00002918607606261503","0.00002918607606261503","0.00002918607606261503","0.9998393654823303","0.9998393654823303","0.9998393654823303","1","1","1","","","","","","","","","","","","","","","","","","","","","","","","","","","","","","","","","","","",""
"0.6043956043956044","1132","1132","1132","0.5466196537017822","0.5466196537017822","0.5466196537017822","0.14960026741027832","0.14960026741027832","0.14960026741027832","0.03909912705421448","0.03909912705421448","0.03909912705421448","0.9120771884918213","0.9120771884918213","0.9120771884918213","0.9761329293251038","0.9761329293251038","0.9761329293251038","1132","1132","1132","0.5512974262237549","0.5512974262237549","0.5512974262237549","0.2284214347600937","0.2284214347600937","0.2284214347600937","0.06054301559925079","0.06054301559925079","0.06054301559925079","0.8531624674797058","0.8531624674797058","0.8531624674797058","0.9531463980674744","0.9531463980674744","0.9531463980674744","","","","","","","","","","","","","","","","","","","","","","","","","","","","","","","","","","","","","","","","","","","","","","","","","","","","","","","","","","","","","","","","","","","","","","","",""
"0.6183442116111302","","","","","","","","","","","","","","","","","","","","","","","","","","","","","","","","","","","","","","","","","","","","","","","","","","","","","","","","","","","","","","","","","","","","","","","","","254","254","254","0.9625244140625","0.9625244140625","0.9625244140625","9.724335541250184e-7","9.724335541250184e-7","9.724335541250184e-7","1.8391953947255194e-17","1.8391953947255194e-17","1.8391953947255194e-17","1","1","1","1","1","1","252","252","252","0.9625244140625","0.9625244140625","0.9625244140625","0.0007628145976923406","0.0007628145976923406","0.0007628145976923406","6.7368007365382985e-15","6.7368007365382985e-15","6.7368007365382985e-15","1","1","1","1","1","1"
"0.6355204397114393","","","","","","","","","","","","","","","","","","","","","","","","","","","","","","","","","","","","","","","","","","","","","","","","","","","","","","","","","","","","","","","","","","","","","","","","","261","261","261","0.9742961525917053","0.9742961525917053","0.9742961525917053","7.426319825754035e-7","7.426319825754035e-7","7.426319825754035e-7","2.8377946334363206e-20","2.8377946334363206e-20","2.8377946334363206e-20","1","1","1","1","1","1","259","259","259","0.9742961525917053","0.9742961525917053","0.9742961525917053","0.0003989344113506377","0.0003989344113506377","0.0003989344113506377","7.707991548208008e-18","7.707991548208008e-18","7.707991548208008e-18","1","1","1","1","1","1"
"0.6426364572605562","","","","","","","","","","","","","","","","","","","","","","","","","","","","","","","","","","","","","343","343","343","0.7166993021965027","0.7166993021965027","0.7166993021965027","0.03443947061896324","0.03443947061896324","0.03443947061896324","0.001549303880892694","0.001549303880892694","0.001549303880892694","0.9959312677383423","0.9959312677383423","0.9959312677383423","0.9999831914901733","0.9999831914901733","0.9999831914901733","","","","","","","","","","","","","","","","","","","","","","","","","","","","","","","","","","","","","","","","","","","","","","","","","","","","","",""
"0.6427191966010043","","","","","","","","","","","","","","","","","","","","","","","","","","","","","","","","","","","","","","","","","","","","","","","","","","","","","","","343","343","343","0.7573449611663818","0.7573449611663818","0.7573449611663818","0.0018507800996303558","0.0018507800996303558","0.0018507800996303558","0.000002752412683548755","0.000002752412683548755","0.000002752412683548755","0.9999228119850159","0.9999228119850159","0.9999228119850159","1","1","1","","","","","","","","","","","","","","","","","","","","","","","","","","","","","","","","","","","",""
"0.6526966678117485","","","","","","","","","","","","","","","","","","","","","","","","","","","","","","","","","","","","","","","","","","","","","","","","","","","","","","","","","","","","","","","","","","","","","","","","","268","268","268","0.9707636833190918","0.9707636833190918","0.9707636833190918","9.298255463363603e-7","9.298255463363603e-7","9.298255463363603e-7","6.084836538891128e-18","6.084836538891128e-18","6.084836538891128e-18","1","1","1","1","1","1","266","266","266","0.9707636833190918","0.9707636833190918","0.9707636833190918","0.0004176567308604717","0.0004176567308604717","0.0004176567308604717","1.5284985877702891e-15","1.5284985877702891e-15","1.5284985877702891e-15","1","1","1","1","1","1"
"0.6593406593406593","1235","1235","1235","0.5497399568557739","0.5497399568557739","0.5497399568557739","0.15234380960464478","0.15234380960464478","0.15234380960464478","0.03941506892442703","0.03941506892442703","0.03941506892442703","0.9102216958999634","0.9102216958999634","0.9102216958999634","0.9749487042427063","0.9749487042427063","0.9749487042427063","1235","1235","1235","0.55216383934021","0.55216383934021","0.55216383934021","0.2291387915611267","0.2291387915611267","0.2291387915611267","0.06113468483090401","0.06113468483090401","0.06113468483090401","0.8552442789077759","0.8552442789077759","0.8552442789077759","0.9487797617912292","0.9487797617912292","0.9487797617912292","","","","","","","","","","","","","","","","","","","","","","","","","","","","","","","","","","","","","","","","","","","","","","","","","","","","","","","","","","","","","","","","","","","","","","","",""
"0.6698728959120577","","","","","","","","","","","","","","","","","","","","","","","","","","","","","","","","","","","","","","","","","","","","","","","","","","","","","","","","","","","","","","","","","","","","","","","","","275","275","275","0.9750083088874817","0.9750083088874817","0.9750083088874817","7.196990168267803e-7","7.196990168267803e-7","7.196990168267803e-7","9.043375385501364e-18","9.043375385501364e-18","9.043375385501364e-18","1","1","1","1","1","1","273","273","273","0.9750083088874817","0.9750083088874817","0.9750083088874817","0.0003199305501766503","0.0003199305501766503","0.0003199305501766503","2.1643279989123475e-15","2.1643279989123475e-15","2.1643279989123475e-15","1","1","1","1","1","1"
"0.6828012358393409","","","","","","","","","","","","","","","","","","","","","","","","","","","","","","","","","","","","","364","364","364","0.7345946431159973","0.7345946431159973","0.7345946431159973","0.0386909581720829","0.0386909581720829","0.0386909581720829","0.0008159659919328988","0.0008159659919328988","0.0008159659919328988","0.9961795806884766","0.9961795806884766","0.9961795806884766","0.9999703168869019","0.9999703168869019","0.9999703168869019","","","","","","","","","","","","","","","","","","","","","","","","","","","","","","","","","","","","","","","","","","","","","","","","","","","","","",""
"0.682889146388567","","","","","","","","","","","","","","","","","","","","","","","","","","","","","","","","","","","","","","","","","","","","","","","","","","","","","","","364","364","364","0.7909942865371704","0.7909942865371704","0.7909942865371704","0.002439637668430805","0.002439637668430805","0.002439637668430805","0.000007068820650601992","0.000007068820650601992","0.000007068820650601992","0.9999527335166931","0.9999527335166931","0.9999527335166931","1","1","1","","","","","","","","","","","","","","","","","","","","","","","","","","","","","","","","","","","",""
"0.6870491240123668","","","","","","","","","","","","","","","","","","","","","","","","","","","","","","","","","","","","","","","","","","","","","","","","","","","","","","","","","","","","","","","","","","","","","","","","","282","282","282","0.971962034702301","0.971962034702301","0.971962034702301","0.000001196524408442201","0.000001196524408442201","0.000001196524408442201","2.5071496950624997e-17","2.5071496950624997e-17","2.5071496950624997e-17","1","1","1","1","1","1","280","280","280","0.971962034702301","0.971962034702301","0.971962034702301","0.0006966820801608264","0.0006966820801608264","0.0006966820801608264","6.929020887874032e-15","6.929020887874032e-15","6.929020887874032e-15","1","1","1","1","1","1"
"0.704225352112676","","","","","","","","","","","","","","","","","","","","","","","","","","","","","","","","","","","","","","","","","","","","","","","","","","","","","","","","","","","","","","","","","","","","","","","","","289","289","289","0.975884199142456","0.975884199142456","0.975884199142456","5.143557473274996e-7","5.143557473274996e-7","5.143557473274996e-7","1.47804916646548e-17","1.47804916646548e-17","1.47804916646548e-17","1","1","1","1","1","1","287","287","287","0.975884199142456","0.975884199142456","0.975884199142456","0.00025792198721319437","0.00025792198721319437","0.00025792198721319437","3.811912113407421e-15","3.811912113407421e-15","3.811912113407421e-15","1","1","1","1","1","1"
"0.7142857142857143","1338","1338","1338","0.5529569387435913","0.5529569387435913","0.5529569387435913","0.15141698718070984","0.15141698718070984","0.15141698718070984","0.03431778401136398","0.03431778401136398","0.03431778401136398","0.9134400486946106","0.9134400486946106","0.9134400486946106","0.9710038304328918","0.9710038304328918","0.9710038304328918","1338","1338","1338","0.5584071278572083","0.5584071278572083","0.5584071278572083","0.2303169220685959","0.2303169220685959","0.2303169220685959","0.04927102103829384","0.04927102103829384","0.04927102103829384","0.8603283166885376","0.8603283166885376","0.8603283166885376","0.9495229721069336","0.9495229721069336","0.9495229721069336","","","","","","","","","","","","","","","","","","","","","","","","","","","","","","","","","","","","","","","","","","","","","","","","","","","","","","","","","","","","","","","","","","","","","","","",""
"0.7214015802129853","","","","","","","","","","","","","","","","","","","","","","","","","","","","","","","","","","","","","","","","","","","","","","","","","","","","","","","","","","","","","","","","","","","","","","","","","296","296","296","0.9803798198699951","0.9803798198699951","0.9803798198699951","0.0000010059688975161407","0.0000010059688975161407","0.0000010059688975161407","2.3023202332523984e-19","2.3023202332523984e-19","2.3023202332523984e-19","1","1","1","1","1","1","294","294","294","0.9803798198699951","0.9803798198699951","0.9803798198699951","0.0003057829162571579","0.0003057829162571579","0.0003057829162571579","5.509412647107799e-17","5.509412647107799e-17","5.509412647107799e-17","1","1","1","1","1","1"
"0.7229660144181257","","","","","","","","","","","","","","","","","","","","","","","","","","","","","","","","","","","","","386","386","386","0.7188586592674255","0.7188586592674255","0.7188586592674255","0.038520440459251404","0.038520440459251404","0.038520440459251404","0.0014954551588743925","0.0014954551588743925","0.0014954551588743925","0.9964220523834229","0.9964220523834229","0.9964220523834229","0.999991774559021","0.999991774559021","0.999991774559021","","","","","","","","","","","","","","","","","","","","","","","","","","","","","","","","","","","","","","","","","","","","","","","","","","","","","",""
"0.7230590961761297","","","","","","","","","","","","","","","","","","","","","","","","","","","","","","","","","","","","","","","","","","","","","","","","","","","","","","","386","386","386","0.753633975982666","0.753633975982666","0.753633975982666","0.00351010262966156","0.00351010262966156","0.00351010262966156","0.00005881154356757179","0.00005881154356757179","0.00005881154356757179","0.9998779296875","0.9998779296875","0.9998779296875","1","1","1","","","","","","","","","","","","","","","","","","","","","","","","","","","","","","","","","","","",""
"0.7385778083132944","","","","","","","","","","","","","","","","","","","","","","","","","","","","","","","","","","","","","","","","","","","","","","","","","","","","","","","","","","","","","","","","","","","","","","","","","303","303","303","0.9758477807044983","0.9758477807044983","0.9758477807044983","0.0000015581894103888771","0.0000015581894103888771","0.0000015581894103888771","1.7143683317853758e-20","1.7143683317853758e-20","1.7143683317853758e-20","1","1","1","1","1","1","301","301","301","0.9758477807044983","0.9758477807044983","0.9758477807044983","0.0006719989469274879","0.0006719989469274879","0.0006719989469274879","3.744842674832731e-18","3.744842674832731e-18","3.744842674832731e-18","1","1","1","1","1","1"
"0.7557540364136036","","","","","","","","","","","","","","","","","","","","","","","","","","","","","","","","","","","","","","","","","","","","","","","","","","","","","","","","","","","","","","","","","","","","","","","","","310","310","310","0.9836437106132507","0.9836437106132507","0.9836437106132507","7.581173804283026e-7","7.581173804283026e-7","7.581173804283026e-7","1.0913786266901268e-20","1.0913786266901268e-20","1.0913786266901268e-20","1","1","1","1","1","1","308","308","308","0.9836437106132507","0.9836437106132507","0.9836437106132507","0.00024236076569650322","0.00024236076569650322","0.00024236076569650322","2.346450422329679e-18","2.346450422329679e-18","2.346450422329679e-18","1","1","1","1","1","1"
"0.7631307929969104","","","","","","","","","","","","","","","","","","","","","","","","","","","","","","","","","","","","","407","407","407","0.7002936601638794","0.7002936601638794","0.7002936601638794","0.03684217482805252","0.03684217482805252","0.03684217482805252","0.0020355742890387774","0.0020355742890387774","0.0020355742890387774","0.9952740669250488","0.9952740669250488","0.9952740669250488","0.9999853372573853","0.9999853372573853","0.9999853372573853","","","","","","","","","","","","","","","","","","","","","","","","","","","","","","","","","","","","","","","","","","","","","","","","","","","","","",""
"0.7632290459636926","","","","","","","","","","","","","","","","","","","","","","","","","","","","","","","","","","","","","","","","","","","","","","","","","","","","","","","407","407","407","0.778634250164032","0.778634250164032","0.778634250164032","0.0029760159086436033","0.0029760159086436033","0.0029760159086436033","0.000051508628530427814","0.000051508628530427814","0.000051508628530427814","0.9998689293861389","0.9998689293861389","0.9998689293861389","1","1","1","","","","","","","","","","","","","","","","","","","","","","","","","","","","","","","","","","","",""
"0.7692307692307693","1441","1441","1441","0.5529902577400208","0.5529902577400208","0.5529902577400208","0.15397438406944275","0.15397438406944275","0.15397438406944275","0.03801504150032997","0.03801504150032997","0.03801504150032997","0.9097416400909424","0.9097416400909424","0.9097416400909424","0.9709986448287964","0.9709986448287964","0.9709986448287964","1441","1441","1441","0.5545132160186768","0.5545132160186768","0.5545132160186768","0.23240138590335846","0.23240138590335846","0.23240138590335846","0.0517546646296978","0.0517546646296978","0.0517546646296978","0.8554767370223999","0.8554767370223999","0.8554767370223999","0.9449774026870728","0.9449774026870728","0.9449774026870728","","","","","","","","","","","","","","","","","","","","","","","","","","","","","","","","","","","","","","","","","","","","","","","","","","","","","","","","","","","","","","","","","","","","","","","",""
"0.7729302645139128","","","","","","","","","","","","","","","","","","","","","","","","","","","","","","","","","","","","","","","","","","","","","","","","","","","","","","","","","","","","","","","","","","","","","","","","","317","317","317","0.9703165888786316","0.9703165888786316","0.9703165888786316","0.0000015087570091054658","0.0000015087570091054658","0.0000015087570091054658","2.001972131566767e-17","2.001972131566767e-17","2.001972131566767e-17","1","1","1","1","1","1","315","315","315","0.9703165888786316","0.9703165888786316","0.9703165888786316","0.00044188660103827715","0.00044188660103827715","0.00044188660103827715","4.2143349255490976e-15","4.2143349255490976e-15","4.2143349255490976e-15","1","1","1","1","1","1"
"0.790106492614222","","","","","","","","","","","","","","","","","","","","","","","","","","","","","","","","","","","","","","","","","","","","","","","","","","","","","","","","","","","","","","","","","","","","","","","","","324","324","324","0.9801678657531738","0.9801678657531738","0.9801678657531738","0.0000010107905836775899","0.0000010107905836775899","0.0000010107905836775899","1.4013539726862984e-18","1.4013539726862984e-18","1.4013539726862984e-18","1","1","1","1","1","1","322","322","322","0.9801678657531738","0.9801678657531738","0.9801678657531738","0.0002492375497240573","0.0002492375497240573","0.0002492375497240573","5.649757403789466e-16","5.649757403789466e-16","5.649757403789466e-16","1","1","1","1","1","1"
"0.8032955715756952","","","","","","","","","","","","","","","","","","","","","","","","","","","","","","","","","","","","","429","429","429","0.7439032196998596","0.7439032196998596","0.7439032196998596","0.0427028127014637","0.0427028127014637","0.0427028127014637","0.000539556029252708","0.000539556029252708","0.000539556029252708","0.9966698884963989","0.9966698884963989","0.9966698884963989","0.9999924898147583","0.9999924898147583","0.9999924898147583","","","","","","","","","","","","","","","","","","","","","","","","","","","","","","","","","","","","","","","","","","","","","","","","","","","","","",""
"0.8033989957512553","","","","","","","","","","","","","","","","","","","","","","","","","","","","","","","","","","","","","","","","","","","","","","","","","","","","","","","429","429","429","0.7438658475875854","0.7438658475875854","0.7438658475875854","0.002019229345023632","0.002019229345023632","0.002019229345023632","0.00004847976015298627","0.00004847976015298627","0.00004847976015298627","0.9998770952224731","0.9998770952224731","0.9998770952224731","0.9999977350234985","0.9999977350234985","0.9999977350234985","","","","","","","","","","","","","","","","","","","","","","","","","","","","","","","","","","","",""
"0.8072827207145311","","","","","","","","","","","","","","","","","","","","","","","","","","","","","","","","","","","","","","","","","","","","","","","","","","","","","","","","","","","","","","","","","","","","","","","","","331","331","331","0.9815373420715332","0.9815373420715332","0.9815373420715332","9.71627173385059e-7","9.71627173385059e-7","9.71627173385059e-7","1.297915140484119e-19","1.297915140484119e-19","1.297915140484119e-19","1","1","1","1","1","1","329","329","329","0.9815373420715332","0.9815373420715332","0.9815373420715332","0.0002764391538221389","0.0002764391538221389","0.0002764391538221389","4.86300408562211e-17","4.86300408562211e-17","4.86300408562211e-17","1","1","1","1","1","1"
"0.8241758241758241","1544","1544","1544","0.5510891079902649","0.5510891079902649","0.5510891079902649","0.1583562195301056","0.1583562195301056","0.1583562195301056","0.0390799418091774","0.0390799418091774","0.0390799418091774","0.9072946906089783","0.9072946906089783","0.9072946906089783","0.9709998965263367","0.9709998965263367","0.9709998965263367","1544","1544","1544","0.5527418851852417","0.5527418851852417","0.5527418851852417","0.2306814193725586","0.2306814193725586","0.2306814193725586","0.05271761864423752","0.05271761864423752","0.05271761864423752","0.8578979969024658","0.8578979969024658","0.8578979969024658","0.9454366564750671","0.9454366564750671","0.9454366564750671","","","","","","","","","","","","","","","","","","","","","","","","","","","","","","","","","","","","","","","","","","","","","","","","","","","","","","","","","","","","","","","","","","","","","","","",""
"0.8244589488148403","","","","","","","","","","","","","","","","","","","","","","","","","","","","","","","","","","","","","","","","","","","","","","","","","","","","","","","","","","","","","","","","","","","","","","","","","338","338","338","0.9817649126052856","0.9817649126052856","0.9817649126052856","0.0000015286627785826568","0.0000015286627785826568","0.0000015286627785826568","1.8409994756414976e-17","1.8409994756414976e-17","1.8409994756414976e-17","1","1","1","1","1","1","336","336","336","0.9817649126052856","0.9817649126052856","0.9817649126052856","0.0004918939084745944","0.0004918939084745944","0.0004918939084745944","6.452721132622257e-15","6.452721132622257e-15","6.452721132622257e-15","1","1","1","1","1","1"
"0.8416351769151494","","","","","","","","","","","","","","","","","","","","","","","","","","","","","","","","","","","","","","","","","","","","","","","","","","","","","","","","","","","","","","","","","","","","","","","","","345","345","345","0.9874091148376465","0.9874091148376465","0.9874091148376465","8.69840562245372e-7","8.69840562245372e-7","8.69840562245372e-7","2.0245356334437434e-17","2.0245356334437434e-17","2.0245356334437434e-17","1","1","1","1","1","1","343","343","343","0.9874091148376465","0.9874091148376465","0.9874091148376465","0.00026922899996861815","0.00026922899996861815","0.00026922899996861815","3.37196637697709e-15","3.37196637697709e-15","3.37196637697709e-15","1","1","1","1","1","1"
"0.84346035015448","","","","","","","","","","","","","","","","","","","","","","","","","","","","","","","","","","","","","450","450","450","0.705863893032074","0.705863893032074","0.705863893032074","0.039048269391059875","0.039048269391059875","0.039048269391059875","0.000995025155134499","0.000995025155134499","0.000995025155134499","0.9964413046836853","0.9964413046836853","0.9964413046836853","0.9999523162841797","0.9999523162841797","0.9999523162841797","","","","","","","","","","","","","","","","","","","","","","","","","","","","","","","","","","","","","","","","","","","","","","","","","","","","","",""
"0.8435689455388181","","","","","","","","","","","","","","","","","","","","","","","","","","","","","","","","","","","","","","","","","","","","","","","","","","","","","","","450","450","450","0.7810794115066528","0.7810794115066528","0.7810794115066528","0.001618251670151949","0.001618251670151949","0.001618251670151949","0.00000561189654035843","0.00000561189654035843","0.00000561189654035843","0.9999573230743408","0.9999573230743408","0.9999573230743408","0.9999995231628418","0.9999995231628418","0.9999995231628418","","","","","","","","","","","","","","","","","","","","","","","","","","","","","","","","","","","",""
"0.8588114050154586","","","","","","","","","","","","","","","","","","","","","","","","","","","","","","","","","","","","","","","","","","","","","","","","","","","","","","","","","","","","","","","","","","","","","","","","","352","352","352","0.9872968196868896","0.9872968196868896","0.9872968196868896","8.965408824224141e-7","8.965408824224141e-7","8.965408824224141e-7","2.2918403718792344e-19","2.2918403718792344e-19","2.2918403718792344e-19","1","1","1","1","1","1","350","350","350","0.9872968196868896","0.9872968196868896","0.9872968196868896","0.0002685167419258505","0.0002685167419258505","0.0002685167419258505","3.650108160818871e-17","3.650108160818871e-17","3.650108160818871e-17","1","1","1","1","1","1"
"0.8759876331157678","","","","","","","","","","","","","","","","","","","","","","","","","","","","","","","","","","","","","","","","","","","","","","","","","","","","","","","","","","","","","","","","","","","","","","","","","359","359","359","0.9773149490356445","0.9773149490356445","0.9773149490356445","0.0000014899884490660043","0.0000014899884490660043","0.0000014899884490660043","1.27435873980349e-15","1.27435873980349e-15","1.27435873980349e-15","1","1","1","1","1","1","357","357","357","0.9773149490356445","0.9773149490356445","0.9773149490356445","0.00028760102577507496","0.00028760102577507496","0.00028760102577507496","2.9808086879877516e-13","2.9808086879877516e-13","2.9808086879877516e-13","1","1","1","1","1","1"
"0.8791208791208791","1647","1647","1647","0.5509563684463501","0.5509563684463501","0.5509563684463501","0.1616455465555191","0.1616455465555191","0.1616455465555191","0.03176019340753555","0.03176019340753555","0.03176019340753555","0.9059113264083862","0.9059113264083862","0.9059113264083862","0.9750423431396484","0.9750423431396484","0.9750423431396484","1647","1647","1647","0.5553692579269409","0.5553692579269409","0.5553692579269409","0.23046788573265076","0.23046788573265076","0.23046788573265076","0.06125783547759056","0.06125783547759056","0.06125783547759056","0.8556393384933472","0.8556393384933472","0.8556393384933472","0.9532771110534668","0.9532771110534668","0.9532771110534668","","","","","","","","","","","","","","","","","","","","","","","","","","","","","","","","","","","","","","","","","","","","","","","","","","","","","","","","","","","","","","","","","","","","","","","",""
"0.8836251287332647","","","","","","","","","","","","","","","","","","","","","","","","","","","","","","","","","","","","","472","472","472","0.7113319039344788","0.7113319039344788","0.7113319039344788","0.04079298675060272","0.04079298675060272","0.04079298675060272","0.0010100520448759198","0.0010100520448759198","0.0010100520448759198","0.995528519153595","0.995528519153595","0.995528519153595","0.999994158744812","0.999994158744812","0.999994158744812","","","","","","","","","","","","","","","","","","","","","","","","","","","","","","","","","","","","","","","","","","","","","","","","","","","","","",""
"0.8837388953263808","","","","","","","","","","","","","","","","","","","","","","","","","","","","","","","","","","","","","","","","","","","","","","","","","","","","","","","472","472","472","0.7509828805923462","0.7509828805923462","0.7509828805923462","0.0026022419333457947","0.0026022419333457947","0.0026022419333457947","0.00005817619967274368","0.00005817619967274368","0.00005817619967274368","0.9998781681060791","0.9998781681060791","0.9998781681060791","0.9999998807907104","0.9999998807907104","0.9999998807907104","","","","","","","","","","","","","","","","","","","","","","","","","","","","","","","","","","","",""
"0.8931638612160769","","","","","","","","","","","","","","","","","","","","","","","","","","","","","","","","","","","","","","","","","","","","","","","","","","","","","","","","","","","","","","","","","","","","","","","","","366","366","366","0.981174111366272","0.981174111366272","0.981174111366272","0.0000017859167655842612","0.0000017859167655842612","0.0000017859167655842612","2.9341208057999163e-16","2.9341208057999163e-16","2.9341208057999163e-16","1","1","1","1","1","1","364","364","364","0.981174111366272","0.981174111366272","0.981174111366272","0.00039967073826119304","0.00039967073826119304","0.00039967073826119304","5.751620696641674e-14","5.751620696641674e-14","5.751620696641674e-14","1","1","1","1","1","1"
"0.9103400893163861","","","","","","","","","","","","","","","","","","","","","","","","","","","","","","","","","","","","","","","","","","","","","","","","","","","","","","","","","","","","","","","","","","","","","","","","","373","373","373","0.9706569910049438","0.9706569910049438","0.9706569910049438","7.324755415538675e-7","7.324755415538675e-7","7.324755415538675e-7","2.5353972512366955e-17","2.5353972512366955e-17","2.5353972512366955e-17","1","1","1","1","1","1","371","371","371","0.9706569910049438","0.9706569910049438","0.9706569910049438","0.00022666060249321163","0.00022666060249321163","0.00022666060249321163","5.398509432183712e-15","5.398509432183712e-15","5.398509432183712e-15","1","1","1","1","1","1"
"0.9237899073120495","","","","","","","","","","","","","","","","","","","","","","","","","","","","","","","","","","","","","493","493","493","0.6919745206832886","0.6919745206832886","0.6919745206832886","0.038245655596256256","0.038245655596256256","0.038245655596256256","0.0004992694011889398","0.0004992694011889398","0.0004992694011889398","0.9963201284408569","0.9963201284408569","0.9963201284408569","0.9999635219573975","0.9999635219573975","0.9999635219573975","","","","","","","","","","","","","","","","","","","","","","","","","","","","","","","","","","","","","","","","","","","","","","","","","","","","","",""
"0.9239088451139436","","","","","","","","","","","","","","","","","","","","","","","","","","","","","","","","","","","","","","","","","","","","","","","","","","","","","","","493","493","493","0.7753468155860901","0.7753468155860901","0.7753468155860901","0.003396139480173588","0.003396139480173588","0.003396139480173588","0.00009839958511292934","0.00009839958511292934","0.00009839958511292934","0.999850869178772","0.999850869178772","0.999850869178772","0.9999995231628418","0.9999995231628418","0.9999995231628418","","","","","","","","","","","","","","","","","","","","","","","","","","","","","","","","","","","",""
"0.9275163174166953","","","","","","","","","","","","","","","","","","","","","","","","","","","","","","","","","","","","","","","","","","","","","","","","","","","","","","","","","","","","","","","","","","","","","","","","","380","380","380","0.9717980027198792","0.9717980027198792","0.9717980027198792","0.0000016610447346465662","0.0000016610447346465662","0.0000016610447346465662","2.6623084293343788e-17","2.6623084293343788e-17","2.6623084293343788e-17","1","1","1","1","1","1","378","378","378","0.9717980027198792","0.9717980027198792","0.9717980027198792","0.00031344848684966564","0.00031344848684966564","0.00031344848684966564","5.307438990793771e-15","5.307438990793771e-15","5.307438990793771e-15","1","1","1","1","1","1"
"0.9340659340659341","1750","1750","1750","0.551853358745575","0.551853358745575","0.551853358745575","0.16212958097457886","0.16212958097457886","0.16212958097457886","0.028364159166812897","0.028364159166812897","0.028364159166812897","0.9052417278289795","0.9052417278289795","0.9052417278289795","0.9710378050804138","0.9710378050804138","0.9710378050804138","1750","1750","1750","0.555973470211029","0.555973470211029","0.555973470211029","0.2320040613412857","0.2320040613412857","0.2320040613412857","0.054168928414583206","0.054168928414583206","0.054168928414583206","0.8538378477096558","0.8538378477096558","0.8538378477096558","0.9562104940414429","0.9562104940414429","0.9562104940414429","","","","","","","","","","","","","","","","","","","","","","","","","","","","","","","","","","","","","","","","","","","","","","","","","","","","","","","","","","","","","","","","","","","","","","","",""
"0.9446925455170044","","","","","","","","","","","","","","","","","","","","","","","","","","","","","","","","","","","","","","","","","","","","","","","","","","","","","","","","","","","","","","","","","","","","","","","","","387","387","387","0.9800298810005188","0.9800298810005188","0.9800298810005188","0.0000010276432931277668","0.0000010276432931277668","0.0000010276432931277668","2.189259636165002e-19","2.189259636165002e-19","2.189259636165002e-19","1","1","1","1","1","1","385","385","385","0.9800298810005188","0.9800298810005188","0.9800298810005188","0.00026106295990757644","0.00026106295990757644","0.00026106295990757644","4.212128748828635e-17","4.212128748828635e-17","4.212128748828635e-17","1","1","1","1","1","1"
"0.9618687736173136","","","","","","","","","","","","","","","","","","","","","","","","","","","","","","","","","","","","","","","","","","","","","","","","","","","","","","","","","","","","","","","","","","","","","","","","","394","394","394","0.9711681604385376","0.9711681604385376","0.9711681604385376","0.000002617563495732611","0.000002617563495732611","0.000002617563495732611","5.993497270419552e-17","5.993497270419552e-17","5.993497270419552e-17","1","1","1","1","1","1","392","392","392","0.9711681604385376","0.9711681604385376","0.9711681604385376","0.000501286587677896","0.000501286587677896","0.000501286587677896","7.475984790266971e-15","7.475984790266971e-15","7.475984790266971e-15","1","1","1","1","1","1"
"0.9639546858908342","","","","","","","","","","","","","","","","","","","","","","","","","","","","","","","","","","","","","515","515","515","0.6832606196403503","0.6832606196403503","0.6832606196403503","0.02830265834927559","0.02830265834927559","0.02830265834927559","0.0029388361144810915","0.0029388361144810915","0.0029388361144810915","0.9953057765960693","0.9953057765960693","0.9953057765960693","0.9999667406082153","0.9999667406082153","0.9999667406082153","","","","","","","","","","","","","","","","","","","","","","","","","","","","","","","","","","","","","","","","","","","","","","","","","","","","","",""
"0.9640787949015064","","","","","","","","","","","","","","","","","","","","","","","","","","","","","","","","","","","","","","","","","","","","","","","","","","","","","","","515","515","515","0.7665324807167053","0.7665324807167053","0.7665324807167053","0.003083550836890936","0.003083550836890936","0.003083550836890936","0.00003020523945451714","0.00003020523945451714","0.00003020523945451714","0.9999343752861023","0.9999343752861023","0.9999343752861023","0.9999996423721313","0.9999996423721313","0.9999996423721313","","","","","","","","","","","","","","","","","","","","","","","","","","","","","","","","","","","",""
"0.9790450017176228","","","","","","","","","","","","","","","","","","","","","","","","","","","","","","","","","","","","","","","","","","","","","","","","","","","","","","","","","","","","","","","","","","","","","","","","","401","401","401","0.9689463973045349","0.9689463973045349","0.9689463973045349","0.0000017200186448462773","0.0000017200186448462773","0.0000017200186448462773","4.695493394135222e-17","4.695493394135222e-17","4.695493394135222e-17","1","1","1","1","1","1","399","399","399","0.9689463973045349","0.9689463973045349","0.9689463973045349","0.0003714222111739218","0.0003714222111739218","0.0003714222111739218","5.63845692548191e-15","5.63845692548191e-15","5.63845692548191e-15","1","1","1","1","1","1"
"0.989010989010989","1853","1853","1853","0.5561458468437195","0.5561458468437195","0.5561458468437195","0.1597004383802414","0.1597004383802414","0.1597004383802414","0.040018003433942795","0.040018003433942795","0.040018003433942795","0.907505989074707","0.907505989074707","0.907505989074707","0.9726622700691223","0.9726622700691223","0.9726622700691223","1853","1853","1853","0.5536319613456726","0.5536319613456726","0.5536319613456726","0.23413914442062378","0.23413914442062378","0.23413914442062378","0.055923957377672195","0.055923957377672195","0.055923957377672195","0.8605520725250244","0.8605520725250244","0.8605520725250244","0.947441816329956","0.947441816329956","0.947441816329956","","","","","","","","","","","","","","","","","","","","","","","","","","","","","","","","","","","","","","","","","","","","","","","","","","","","","","","","","","","","","","","","","","","","","","","",""
"0.9962212298179319","","","","","","","","","","","","","","","","","","","","","","","","","","","","","","","","","","","","","","","","","","","","","","","","","","","","","","","","","","","","","","","","","","","","","","","","","408","408","408","0.97566819190979","0.97566819190979","0.97566819190979","0.0000021228161131148227","0.0000021228161131148227","0.0000021228161131148227","4.364888369810896e-19","4.364888369810896e-19","4.364888369810896e-19","1","1","1","1","1","1","406","406","406","0.97566819190979","0.97566819190979","0.97566819190979","0.0005263572093099356","0.0005263572093099356","0.0005263572093099356","5.037489894906291e-17","5.037489894906291e-17","5.037489894906291e-17","1","1","1","1","1","1"
"1.004119464469619","","","","","","","","","","","","","","","","","","","","","","","","","","","","","","","","","","","","","536","536","536","0.6648908853530884","0.6648908853530884","0.6648908853530884","0.031426314264535904","0.031426314264535904","0.031426314264535904","0.0026955902576446533","0.0026955902576446533","0.0026955902576446533","0.9946258068084717","0.9946258068084717","0.9946258068084717","0.9999932050704956","0.9999932050704956","0.9999932050704956","","","","","","","","","","","","","","","","","","","","","","","","","","","","","","","","","","","","","","","","","","","","","","","","","","","","","",""
"1.0041199948500064","","","","","","","","","","","","","","","","","","","","","","","","","","","","","","","","","","","","","","","","","","","","","","","","","","","","","","","536","536","536","0.796352207660675","0.796352207660675","0.796352207660675","0.0019106671679764986","0.0019106671679764986","0.0019106671679764986","0.00001158061877504224","0.00001158061877504224","0.00001158061877504224","0.9999774098396301","0.9999774098396301","0.9999774098396301","0.9999998807907104","0.9999998807907104","0.9999998807907104","","","","","","","","","","","","","","","","","","","","","","","","","","","","","","","","","","","",""
"1.0133974579182412","","","","","","","","","","","","","","","","","","","","","","","","","","","","","","","","","","","","","","","","","","","","","","","","","","","","","","","","","","","","","","","","","","","","","","","","","415","415","415","0.9717758297920227","0.9717758297920227","0.9717758297920227","0.000002966742613352835","0.000002966742613352835","0.000002966742613352835","3.5752627910435414e-18","3.5752627910435414e-18","3.5752627910435414e-18","1","1","1","1","1","1","413","413","413","0.9717758297920227","0.9717758297920227","0.9717758297920227","0.0004822958435397595","0.0004822958435397595","0.0004822958435397595","4.0063390502685485e-16","4.0063390502685485e-16","4.0063390502685485e-16","1","1","1","1","1","1"
"1.0305736860185504","","","","","","","","","","","","","","","","","","","","","","","","","","","","","","","","","","","","","","","","","","","","","","","","","","","","","","","","","","","","","","","","","","","","","","","","","422","422","422","0.9768706560134888","0.9768706560134888","0.9768706560134888","0.000002661461621755734","0.000002661461621755734","0.000002661461621755734","6.515957077094325e-19","6.515957077094325e-19","6.515957077094325e-19","1","1","1","1","1","1","420","420","420","0.9768706560134888","0.9768706560134888","0.9768706560134888","0.00035478128120303154","0.00035478128120303154","0.00035478128120303154","6.945527230675414e-17","6.945527230675414e-17","6.945527230675414e-17","1","1","1","1","1","1"
"1.043956043956044","1956","1956","1956","0.5525349974632263","0.5525349974632263","0.5525349974632263","0.1630229949951172","0.1630229949951172","0.1630229949951172","0.04097895324230194","0.04097895324230194","0.04097895324230194","0.9043498039245605","0.9043498039245605","0.9043498039245605","0.9742943644523621","0.9742943644523621","0.9742943644523621","1956","1956","1956","0.557127058506012","0.557127058506012","0.557127058506012","0.2301044464111328","0.2301044464111328","0.2301044464111328","0.06112847104668617","0.06112847104668617","0.06112847104668617","0.8563863039016724","0.8563863039016724","0.8563863039016724","0.9542145729064941","0.9542145729064941","0.9542145729064941","","","","","","","","","","","","","","","","","","","","","","","","","","","","","","","","","","","","","","","","","","","","","","","","","","","","","","","","","","","","","","","","","","","","","","","",""
"1.0442842430484036","","","","","","","","","","","","","","","","","","","","","","","","","","","","","","","","","","","","","558","558","558","0.7029723525047302","0.7029723525047302","0.7029723525047302","0.02804584428668022","0.02804584428668022","0.02804584428668022","0.004334307741373777","0.004334307741373777","0.004334307741373777","0.9956789016723633","0.9956789016723633","0.9956789016723633","0.9999946355819702","0.9999946355819702","0.9999946355819702","","","","","","","","","","","","","","","","","","","","","","","","","","","","","","","","","","","","","","","","","","","","","","","","","","","","","",""
"1.0442899446375693","","","","","","","","","","","","","","","","","","","","","","","","","","","","","","","","","","","","","","","","","","","","","","","","","","","","","","","558","558","558","0.8720033168792725","0.8720033168792725","0.8720033168792725","0.0015887512126937509","0.0015887512126937509","0.0015887512126937509","0.00001361775412078714","0.00001361775412078714","0.00001361775412078714","0.9999964833259583","0.9999964833259583","0.9999964833259583","1","1","1","","","","","","","","","","","","","","","","","","","","","","","","","","","","","","","","","","","",""
"1.0477499141188595","","","","","","","","","","","","","","","","","","","","","","","","","","","","","","","","","","","","","","","","","","","","","","","","","","","","","","","","","","","","","","","","","","","","","","","","","429","429","429","0.9723609089851379","0.9723609089851379","0.9723609089851379","0.0000019707117644429673","0.0000019707117644429673","0.0000019707117644429673","1.0246396759024191e-16","1.0246396759024191e-16","1.0246396759024191e-16","1","1","1","1","1","1","427","427","427","0.9723609089851379","0.9723609089851379","0.9723609089851379","0.0003093820996582508","0.0003093820996582508","0.0003093820996582508","1.081613131578927e-14","1.081613131578927e-14","1.081613131578927e-14","1","1","1","1","1","1"
"1.0649261422191687","","","","","","","","","","","","","","","","","","","","","","","","","","","","","","","","","","","","","","","","","","","","","","","","","","","","","","","","","","","","","","","","","","","","","","","","","436","436","436","0.9760599732398987","0.9760599732398987","0.9760599732398987","0.000002919012331403792","0.000002919012331403792","0.000002919012331403792","3.4191887814238723e-17","3.4191887814238723e-17","3.4191887814238723e-17","1","1","1","1","1","1","434","434","434","0.9760599732398987","0.9760599732398987","0.9760599732398987","0.00046032515820115805","0.00046032515820115805","0.00046032515820115805","3.4641985240541897e-15","3.4641985240541897e-15","3.4641985240541897e-15","1","1","1","1","1","1"
"1.0821023703194779","","","","","","","","","","","","","","","","","","","","","","","","","","","","","","","","","","","","","","","","","","","","","","","","","","","","","","","","","","","","","","","","","","","","","","","","","443","443","443","0.9784115552902222","0.9784115552902222","0.9784115552902222","0.000003965143605455523","0.000003965143605455523","0.000003965143605455523","5.716243534448519e-17","5.716243534448519e-17","5.716243534448519e-17","1","1","1","1","1","1","441","441","441","0.9784115552902222","0.9784115552902222","0.9784115552902222","0.0005254779243841767","0.0005254779243841767","0.0005254779243841767","5.579509361583641e-15","5.579509361583641e-15","5.579509361583641e-15","1","1","1","1","1","1"
"1.0844490216271885","","","","","","","","","","","","","","","","","","","","","","","","","","","","","","","","","","","","","579","579","579","0.6717919707298279","0.6717919707298279","0.6717919707298279","0.031059887260198593","0.031059887260198593","0.031059887260198593","0.0016118015628308058","0.0016118015628308058","0.0016118015628308058","0.995539665222168","0.995539665222168","0.995539665222168","0.9999822378158569","0.9999822378158569","0.9999822378158569","","","","","","","","","","","","","","","","","","","","","","","","","","","","","","","","","","","","","","","","","","","","","","","","","","","","","",""
"1.084459894425132","","","","","","","","","","","","","","","","","","","","","","","","","","","","","","","","","","","","","","","","","","","","","","","","","","","","","","","579","579","579","0.8604605197906494","0.8604605197906494","0.8604605197906494","0.0015031693037599325","0.0015031693037599325","0.0015031693037599325","0.000004002471087005688","0.000004002471087005688","0.000004002471087005688","0.999978244304657","0.999978244304657","0.999978244304657","1","1","1","","","","","","","","","","","","","","","","","","","","","","","","","","","","","","","","","","","",""
"1.098901098901099","2059","2059","2059","0.5566765666007996","0.5566765666007996","0.5566765666007996","0.1658838391304016","0.1658838391304016","0.1658838391304016","0.03998320922255516","0.03998320922255516","0.03998320922255516","0.9039661884307861","0.9039661884307861","0.9039661884307861","0.9749681949615479","0.9749681949615479","0.9749681949615479","2059","2059","2059","0.5584201812744141","0.5584201812744141","0.5584201812744141","0.2353154867887497","0.2353154867887497","0.2353154867887497","0.05874793976545334","0.05874793976545334","0.05874793976545334","0.8584715127944946","0.8584715127944946","0.8584715127944946","0.9497871994972229","0.9497871994972229","0.9497871994972229","","","","","","","","","","","","","","","","","","","","","","","","","","","","","","","","","","","","","","","","","","","","","","","","","","","","","","","","","","","","","","","","","","","","","","","",""
"1.099278598419787","","","","","","","","","","","","","","","","","","","","","","","","","","","","","","","","","","","","","","","","","","","","","","","","","","","","","","","","","","","","","","","","","","","","","","","","","450","450","450","0.9758476614952087","0.9758476614952087","0.9758476614952087","0.0000030661331038572825","0.0000030661331038572825","0.0000030661331038572825","6.292738790561226e-17","6.292738790561226e-17","6.292738790561226e-17","1","1","1","1","1","1","448","448","448","0.9758476614952087","0.9758476614952087","0.9758476614952087","0.00040254738996736705","0.00040254738996736705","0.00040254738996736705","5.982128261852607e-15","5.982128261852607e-15","5.982128261852607e-15","1","1","1","1","1","1"
"1.1164548265200962","","","","","","","","","","","","","","","","","","","","","","","","","","","","","","","","","","","","","","","","","","","","","","","","","","","","","","","","","","","","","","","","","","","","","","","","","457","457","457","0.9866665005683899","0.9866665005683899","0.9866665005683899","0.0000014132274372968823","0.0000014132274372968823","0.0000014132274372968823","8.0296670957812775e-19","8.0296670957812775e-19","8.0296670957812775e-19","1","1","1","1","1","1","455","455","455","0.9866665005683899","0.9866665005683899","0.9866665005683899","0.0002858390216715634","0.0002858390216715634","0.0002858390216715634","7.324167501710337e-17","7.324167501710337e-17","7.324167501710337e-17","1","1","1","1","1","1"
"1.1246138002059731","","","","","","","","","","","","","","","","","","","","","","","","","","","","","","","","","","","","","601","601","601","0.7212368845939636","0.7212368845939636","0.7212368845939636","0.037529267370700836","0.037529267370700836","0.037529267370700836","0.002039512852206826","0.002039512852206826","0.002039512852206826","0.9965798258781433","0.9965798258781433","0.9965798258781433","0.9999892711639404","0.9999892711639404","0.9999892711639404","","","","","","","","","","","","","","","","","","","","","","","","","","","","","","","","","","","","","","","","","","","","","","","","","","","","","",""
"1.1246298442126947","","","","","","","","","","","","","","","","","","","","","","","","","","","","","","","","","","","","","","","","","","","","","","","","","","","","","","","601","601","601","0.8655670285224915","0.8655670285224915","0.8655670285224915","0.0010826793732121587","0.0010826793732121587","0.0010826793732121587","0.000005728400992666138","0.000005728400992666138","0.000005728400992666138","0.9999953508377075","0.9999953508377075","0.9999953508377075","1","1","1","","","","","","","","","","","","","","","","","","","","","","","","","","","","","","","","","","","",""
"1.1336310546204054","","","","","","","","","","","","","","","","","","","","","","","","","","","","","","","","","","","","","","","","","","","","","","","","","","","","","","","","","","","","","","","","","","","","","","","","","464","464","464","0.9822976589202881","0.9822976589202881","0.9822976589202881","0.0000021357691366574727","0.0000021357691366574727","0.0000021357691366574727","8.696663458930375e-18","8.696663458930375e-18","8.696663458930375e-18","1","1","1","1","1","1","462","462","462","0.9822976589202881","0.9822976589202881","0.9822976589202881","0.00019511065329425037","0.00019511065329425037","0.00019511065329425037","7.737755028659993e-16","7.737755028659993e-16","7.737755028659993e-16","1","1","1","1","1","1"
"1.1508072827207145","","","","","","","","","","","","","","","","","","","","","","","","","","","","","","","","","","","","","","","","","","","","","","","","","","","","","","","","","","","","","","","","","","","","","","","","","471","471","471","0.9785947203636169","0.9785947203636169","0.9785947203636169","0.0000015802512507434585","0.0000015802512507434585","0.0000015802512507434585","1.3005227239676157e-18","1.3005227239676157e-18","1.3005227239676157e-18","1","1","1","1","1","1","469","469","469","0.9785947203636169","0.9785947203636169","0.9785947203636169","0.00020253215916454792","0.00020253215916454792","0.00020253215916454792","1.1308333214653238e-16","1.1308333214653238e-16","1.1308333214653238e-16","1","1","1","1","1","1"
"1.1538461538461537","2162","2162","2162","0.5552731156349182","0.5552731156349182","0.5552731156349182","0.16787132620811462","0.16787132620811462","0.16787132620811462","0.04069081321358681","0.04069081321358681","0.04069081321358681","0.8997794389724731","0.8997794389724731","0.8997794389724731","0.9751976132392883","0.9751976132392883","0.9751976132392883","2162","2162","2162","0.5583285093307495","0.5583285093307495","0.5583285093307495","0.24324294924736023","0.24324294924736023","0.24324294924736023","0.060805004090070724","0.060805004090070724","0.060805004090070724","0.8518815636634827","0.8518815636634827","0.8518815636634827","0.9511865377426147","0.9511865377426147","0.9511865377426147","","","","","","","","","","","","","","","","","","","","","","","","","","","","","","","","","","","","","","","","","","","","","","","","","","","","","","","","","","","","","","","","","","","","","","","",""
"1.164778578784758","","","","","","","","","","","","","","","","","","","","","","","","","","","","","","","","","","","","","622","622","622","0.6658227443695068","0.6658227443695068","0.6658227443695068","0.02506960742175579","0.02506960742175579","0.02506960742175579","0.003958536311984062","0.003958536311984062","0.003958536311984062","0.9966714382171631","0.9966714382171631","0.9966714382171631","0.9999549388885498","0.9999549388885498","0.9999549388885498","","","","","","","","","","","","","","","","","","","","","","","","","","","","","","","","","","","","","","","","","","","","","","","","","","","","","",""
"1.1647997940002575","","","","","","","","","","","","","","","","","","","","","","","","","","","","","","","","","","","","","","","","","","","","","","","","","","","","","","","622","622","622","0.8907399773597717","0.8907399773597717","0.8907399773597717","0.0008398788631893694","0.0008398788631893694","0.0008398788631893694","0.000003887001639668597","0.000003887001639668597","0.000003887001639668597","0.9999963641166687","0.9999963641166687","0.9999963641166687","1","1","1","","","","","","","","","","","","","","","","","","","","","","","","","","","","","","","","","","","",""
"1.1679835108210237","","","","","","","","","","","","","","","","","","","","","","","","","","","","","","","","","","","","","","","","","","","","","","","","","","","","","","","","","","","","","","","","","","","","","","","","","478","478","478","0.9757340550422668","0.9757340550422668","0.9757340550422668","0.000003857452611555345","0.000003857452611555345","0.000003857452611555345","1.5605774724882632e-17","1.5605774724882632e-17","1.5605774724882632e-17","1","1","1","1","1","1","476","476","476","0.9757340550422668","0.9757340550422668","0.9757340550422668","0.0004686308675445616","0.0004686308675445616","0.0004686308675445616","1.3158799772405405e-15","1.3158799772405405e-15","1.3158799772405405e-15","1","1","1","1","1","1"
"1.1851597389213329","","","","","","","","","","","","","","","","","","","","","","","","","","","","","","","","","","","","","","","","","","","","","","","","","","","","","","","","","","","","","","","","","","","","","","","","","485","485","485","0.9828534722328186","0.9828534722328186","0.9828534722328186","0.0000037486202018044423","0.0000037486202018044423","0.0000037486202018044423","2.954347026138063e-17","2.954347026138063e-17","2.954347026138063e-17","1","1","1","1","1","1","483","483","483","0.9828534722328186","0.9828534722328186","0.9828534722328186","0.00046140613267198205","0.00046140613267198205","0.00046140613267198205","2.4163897574221768e-15","2.4163897574221768e-15","2.4163897574221768e-15","1","1","1","1","1","1"
"1.202335967021642","","","","","","","","","","","","","","","","","","","","","","","","","","","","","","","","","","","","","","","","","","","","","","","","","","","","","","","","","","","","","","","","","","","","","","","","","492","492","492","0.9813597202301025","0.9813597202301025","0.9813597202301025","0.0000021184187062317505","0.0000021184187062317505","0.0000021184187062317505","1.2294702874935718e-18","1.2294702874935718e-18","1.2294702874935718e-18","1","1","1","1","1","1","490","490","490","0.9813597202301025","0.9813597202301025","0.9813597202301025","0.0002636658609844744","0.0002636658609844744","0.0002636658609844744","9.683309108024233e-17","9.683309108024233e-17","9.683309108024233e-17","1","1","1","1","1","1"
"1.2049433573635429","","","","","","","","","","","","","","","","","","","","","","","","","","","","","","","","","","","","","644","644","644","0.7059698104858398","0.7059698104858398","0.7059698104858398","0.040464408695697784","0.040464408695697784","0.040464408695697784","0.0016765217296779156","0.0016765217296779156","0.0016765217296779156","0.99647057056427","0.99647057056427","0.99647057056427","0.9999524354934692","0.9999524354934692","0.9999524354934692","","","","","","","","","","","","","","","","","","","","","","","","","","","","","","","","","","","","","","","","","","","","","","","","","","","","","",""
"1.2049697437878202","","","","","","","","","","","","","","","","","","","","","","","","","","","","","","","","","","","","","","","","","","","","","","","","","","","","","","","644","644","644","0.8836522698402405","0.8836522698402405","0.8836522698402405","0.0018312055617570877","0.0018312055617570877","0.0018312055617570877","0.000002871772721846355","0.000002871772721846355","0.000002871772721846355","0.9999976754188538","0.9999976754188538","0.9999976754188538","1","1","1","","","","","","","","","","","","","","","","","","","","","","","","","","","","","","","","","","","",""
"1.2087912087912087","2265","2265","2265","0.5550312995910645","0.5550312995910645","0.5550312995910645","0.16865146160125732","0.16865146160125732","0.16865146160125732","0.04063066095113754","0.04063066095113754","0.04063066095113754","0.9055881500244141","0.9055881500244141","0.9055881500244141","0.980401337146759","0.980401337146759","0.980401337146759","2265","2265","2265","0.5568544268608093","0.5568544268608093","0.5568544268608093","0.23908866941928864","0.23908866941928864","0.23908866941928864","0.05904681235551834","0.05904681235551834","0.05904681235551834","0.8561460971832275","0.8561460971832275","0.8561460971832275","0.9575080275535583","0.9575080275535583","0.9575080275535583","","","","","","","","","","","","","","","","","","","","","","","","","","","","","","","","","","","","","","","","","","","","","","","","","","","","","","","","","","","","","","","","","","","","","","","",""
"1.2195121951219512","","","","","","","","","","","","","","","","","","","","","","","","","","","","","","","","","","","","","","","","","","","","","","","","","","","","","","","","","","","","","","","","","","","","","","","","","499","499","499","0.9765609502792358","0.9765609502792358","0.9765609502792358","0.000003045102857868187","0.000003045102857868187","0.000003045102857868187","1.632922424164355e-16","1.632922424164355e-16","1.632922424164355e-16","1","1","1","1","1","1","497","497","497","0.9765609502792358","0.9765609502792358","0.9765609502792358","0.00038998754462227225","0.00038998754462227225","0.00038998754462227225","1.2611039023767336e-14","1.2611039023767336e-14","1.2611039023767336e-14","1","1","1","1","1","1"
"1.2366884232222604","","","","","","","","","","","","","","","","","","","","","","","","","","","","","","","","","","","","","","","","","","","","","","","","","","","","","","","","","","","","","","","","","","","","","","","","","506","506","506","0.9792070388793945","0.9792070388793945","0.9792070388793945","0.00000391341700378689","0.00000391341700378689","0.00000391341700378689","2.9590518971133665e-16","2.9590518971133665e-16","2.9590518971133665e-16","1","1","1","1","1","1","504","504","504","0.9792070388793945","0.9792070388793945","0.9792070388793945","0.00037952681304886937","0.00037952681304886937","0.00037952681304886937","2.5837804931618663e-14","2.5837804931618663e-14","2.5837804931618663e-14","1","1","1","1","1","1"
"1.2451081359423275","","","","","","","","","","","","","","","","","","","","","","","","","","","","","","","","","","","","","665","665","665","0.7441943883895874","0.7441943883895874","0.7441943883895874","0.04281789809465408","0.04281789809465408","0.04281789809465408","0.0011611434165388346","0.0011611434165388346","0.0011611434165388346","0.9967703819274902","0.9967703819274902","0.9967703819274902","0.9999953508377075","0.9999953508377075","0.9999953508377075","","","","","","","","","","","","","","","","","","","","","","","","","","","","","","","","","","","","","","","","","","","","","","","","","","","","","",""
"1.2451396935753831","","","","","","","","","","","","","","","","","","","","","","","","","","","","","","","","","","","","","","","","","","","","","","","","","","","","","","","665","665","665","0.9232314825057983","0.9232314825057983","0.9232314825057983","0.000855032354593277","0.000855032354593277","0.000855032354593277","0.0000013005214896111283","0.0000013005214896111283","0.0000013005214896111283","0.9999964237213135","0.9999964237213135","0.9999964237213135","1","1","1","","","","","","","","","","","","","","","","","","","","","","","","","","","","","","","","","","","",""
"1.2538646513225695","","","","","","","","","","","","","","","","","","","","","","","","","","","","","","","","","","","","","","","","","","","","","","","","","","","","","","","","","","","","","","","","","","","","","","","","","513","513","513","0.9785308241844177","0.9785308241844177","0.9785308241844177","0.000004598015038936865","0.000004598015038936865","0.000004598015038936865","4.797228800894262e-16","4.797228800894262e-16","4.797228800894262e-16","1","1","1","1","1","1","511","511","511","0.9785308241844177","0.9785308241844177","0.9785308241844177","0.0005588537896983325","0.0005588537896983325","0.0005588537896983325","4.705478763794915e-14","4.705478763794915e-14","4.705478763794915e-14","1","1","1","1","1","1"
"1.2637362637362637","2368","2368","2368","0.555899441242218","0.555899441242218","0.555899441242218","0.16713806986808777","0.16713806986808777","0.16713806986808777","0.03849261254072189","0.03849261254072189","0.03849261254072189","0.9061604738235474","0.9061604738235474","0.9061604738235474","0.9768027067184448","0.9768027067184448","0.9768027067184448","2368","2368","2368","0.5585029125213623","0.5585029125213623","0.5585029125213623","0.23540577292442322","0.23540577292442322","0.23540577292442322","0.056189291179180145","0.056189291179180145","0.056189291179180145","0.8620072603225708","0.8620072603225708","0.8620072603225708","0.9568199515342712","0.9568199515342712","0.9568199515342712","","","","","","","","","","","","","","","","","","","","","","","","","","","","","","","","","","","","","","","","","","","","","","","","","","","","","","","","","","","","","","","","","","","","","","","",""
"1.2710408794228787","","","","","","","","","","","","","","","","","","","","","","","","","","","","","","","","","","","","","","","","","","","","","","","","","","","","","","","","","","","","","","","","","","","","","","","","","520","520","520","0.9800556302070618","0.9800556302070618","0.9800556302070618","0.000004684183295466937","0.000004684183295466937","0.000004684183295466937","7.760068523468631e-17","7.760068523468631e-17","7.760068523468631e-17","1","1","1","1","1","1","518","518","518","0.9800556302070618","0.9800556302070618","0.9800556302070618","0.0005853945622220635","0.0005853945622220635","0.0005853945622220635","5.54020915041341e-15","5.54020915041341e-15","5.54020915041341e-15","1","1","1","1","1","1"
"1.2852729145211121","","","","","","","","","","","","","","","","","","","","","","","","","","","","","","","","","","","","","687","687","687","0.7001577019691467","0.7001577019691467","0.7001577019691467","0.03444612771272659","0.03444612771272659","0.03444612771272659","0.0006069170194678009","0.0006069170194678009","0.0006069170194678009","0.9970079660415649","0.9970079660415649","0.9970079660415649","0.99998939037323","0.99998939037323","0.99998939037323","","","","","","","","","","","","","","","","","","","","","","","","","","","","","","","","","","","","","","","","","","","","","","","","","","","","","",""
"1.2853096433629458","","","","","","","","","","","","","","","","","","","","","","","","","","","","","","","","","","","","","","","","","","","","","","","","","","","","","","","687","687","687","0.870746374130249","0.870746374130249","0.870746374130249","0.0012774417409673333","0.0012774417409673333","0.0012774417409673333","0.000003958920842705993","0.000003958920842705993","0.000003958920842705993","0.9999907612800598","0.9999907612800598","0.9999907612800598","1","1","1","","","","","","","","","","","","","","","","","","","","","","","","","","","","","","","","","","","",""
"1.2882171075231879","","","","","","","","","","","","","","","","","","","","","","","","","","","","","","","","","","","","","","","","","","","","","","","","","","","","","","","","","","","","","","","","","","","","","","","","","527","527","527","0.9810381531715393","0.9810381531715393","0.9810381531715393","0.0000073598866947577335","0.0000073598866947577335","0.0000073598866947577335","2.1197464049670876e-16","2.1197464049670876e-16","2.1197464049670876e-16","1","1","1","1","1","1","525","525","525","0.9810381531715393","0.9810381531715393","0.9810381531715393","0.0006625402020290494","0.0006625402020290494","0.0006625402020290494","3.1816339656192544e-14","3.1816339656192544e-14","3.1816339656192544e-14","1","1","1","1","1","1"
"1.305393335623497","","","","","","","","","","","","","","","","","","","","","","","","","","","","","","","","","","","","","","","","","","","","","","","","","","","","","","","","","","","","","","","","","","","","","","","","","534","534","534","0.9819374084472656","0.9819374084472656","0.9819374084472656","0.000004374878244561842","0.000004374878244561842","0.000004374878244561842","2.0025830871671986e-17","2.0025830871671986e-17","2.0025830871671986e-17","1","1","1","1","1","1","532","532","532","0.9819374084472656","0.9819374084472656","0.9819374084472656","0.0005445175338536501","0.0005445175338536501","0.0005445175338536501","1.303092214956724e-15","1.303092214956724e-15","1.303092214956724e-15","1","1","1","1","1","1"
"1.3186813186813187","2471","2471","2471","0.5584186911582947","0.5584186911582947","0.5584186911582947","0.1709655076265335","0.1709655076265335","0.1709655076265335","0.0422072634100914","0.0422072634100914","0.0422072634100914","0.9056187868118286","0.9056187868118286","0.9056187868118286","0.9761531352996826","0.9761531352996826","0.9761531352996826","2471","2471","2471","0.559000551700592","0.559000551700592","0.559000551700592","0.23591046035289764","0.23591046035289764","0.23591046035289764","0.05783979967236519","0.05783979967236519","0.05783979967236519","0.859449028968811","0.859449028968811","0.859449028968811","0.960017740726471","0.960017740726471","0.960017740726471","","","","","","","","","","","","","","","","","","","","","","","","","","","","","","","","","","","","","","","","","","","","","","","","","","","","","","","","","","","","","","","","","","","","","","","",""
"1.3225695637238062","","","","","","","","","","","","","","","","","","","","","","","","","","","","","","","","","","","","","","","","","","","","","","","","","","","","","","","","","","","","","","","","","","","","","","","","","541","541","541","0.9806720614433289","0.9806720614433289","0.9806720614433289","0.0000029341849767661188","0.0000029341849767661188","0.0000029341849767661188","6.450862098789464e-19","6.450862098789464e-19","6.450862098789464e-19","1","1","1","1","1","1","539","539","539","0.9806720614433289","0.9806720614433289","0.9806720614433289","0.0002517602115403861","0.0002517602115403861","0.0002517602115403861","4.090267177498343e-17","4.090267177498343e-17","4.090267177498343e-17","1","1","1","1","1","1"
"1.325437693099897","","","","","","","","","","","","","","","","","","","","","","","","","","","","","","","","","","","","","708","708","708","0.6874488592147827","0.6874488592147827","0.6874488592147827","0.038803838193416595","0.038803838193416595","0.038803838193416595","0.0012225110549479723","0.0012225110549479723","0.0012225110549479723","0.9967566132545471","0.9967566132545471","0.9967566132545471","0.9999901056289673","0.9999901056289673","0.9999901056289673","","","","","","","","","","","","","","","","","","","","","","","","","","","","","","","","","","","","","","","","","","","","","","","","","","","","","",""
"1.3254795931505086","","","","","","","","","","","","","","","","","","","","","","","","","","","","","","","","","","","","","","","","","","","","","","","","","","","","","","","708","708","708","0.8960499167442322","0.8960499167442322","0.8960499167442322","0.0023124017752707005","0.0023124017752707005","0.0023124017752707005","0.0000027846738248626934","0.0000027846738248626934","0.0000027846738248626934","0.999994695186615","0.999994695186615","0.999994695186615","1","1","1","","","","","","","","","","","","","","","","","","","","","","","","","","","","","","","","","","","",""
"1.3397457918241154","","","","","","","","","","","","","","","","","","","","","","","","","","","","","","","","","","","","","","","","","","","","","","","","","","","","","","","","","","","","","","","","","","","","","","","","","548","548","548","0.9817625284194946","0.9817625284194946","0.9817625284194946","0.000002128971118509071","0.000002128971118509071","0.000002128971118509071","9.32926348086041e-19","9.32926348086041e-19","9.32926348086041e-19","1","1","1","1","1","1","546","546","546","0.9817625284194946","0.9817625284194946","0.9817625284194946","0.0002421101089566946","0.0002421101089566946","0.0002421101089566946","5.811933772942123e-17","5.811933772942123e-17","5.811933772942123e-17","1","1","1","1","1","1"
"1.3569220199244245","","","","","","","","","","","","","","","","","","","","","","","","","","","","","","","","","","","","","","","","","","","","","","","","","","","","","","","","","","","","","","","","","","","","","","","","","555","555","555","0.9805073142051697","0.9805073142051697","0.9805073142051697","0.000004011378223367501","0.000004011378223367501","0.000004011378223367501","2.1292679486492875e-17","2.1292679486492875e-17","2.1292679486492875e-17","1","1","1","1","1","1","553","553","553","0.9805073142051697","0.9805073142051697","0.9805073142051697","0.0004757723363582045","0.0004757723363582045","0.0004757723363582045","2.6283849517027462e-15","2.6283849517027462e-15","2.6283849517027462e-15","1","1","1","1","1","1"
"1.3656024716786819","","","","","","","","","","","","","","","","","","","","","","","","","","","","","","","","","","","","","730","730","730","0.694246768951416","0.694246768951416","0.694246768951416","0.043237242847681046","0.043237242847681046","0.043237242847681046","0.0021958285942673683","0.0021958285942673683","0.0021958285942673683","0.9976532459259033","0.9976532459259033","0.9976532459259033","0.9999953508377075","0.9999953508377075","0.9999953508377075","","","","","","","","","","","","","","","","","","","","","","","","","","","","","","","","","","","","","","","","","","","","","","","","","","","","","",""
"1.3656495429380713","","","","","","","","","","","","","","","","","","","","","","","","","","","","","","","","","","","","","","","","","","","","","","","","","","","","","","","730","730","730","0.9144573211669922","0.9144573211669922","0.9144573211669922","0.0007754213875159621","0.0007754213875159621","0.0007754213875159621","5.729635290663282e-7","5.729635290663282e-7","5.729635290663282e-7","0.9999958276748657","0.9999958276748657","0.9999958276748657","1","1","1","","","","","","","","","","","","","","","","","","","","","","","","","","","","","","","","","","","",""
"1.3736263736263736","2574","2574","2574","0.5576026439666748","0.5576026439666748","0.5576026439666748","0.1729455143213272","0.1729455143213272","0.1729455143213272","0.03738463670015335","0.03738463670015335","0.03738463670015335","0.9010686874389648","0.9010686874389648","0.9010686874389648","0.9733626842498779","0.9733626842498779","0.9733626842498779","2574","2574","2574","0.5614990592002869","0.5614990592002869","0.5614990592002869","0.23861323297023773","0.23861323297023773","0.23861323297023773","0.062431469559669495","0.062431469559669495","0.062431469559669495","0.8568488955497742","0.8568488955497742","0.8568488955497742","0.9498236775398254","0.9498236775398254","0.9498236775398254","","","","","","","","","","","","","","","","","","","","","","","","","","","","","","","","","","","","","","","","","","","","","","","","","","","","","","","","","","","","","","","","","","","","","","","",""
"1.3740982480247337","","","","","","","","","","","","","","","","","","","","","","","","","","","","","","","","","","","","","","","","","","","","","","","","","","","","","","","","","","","","","","","","","","","","","","","","","562","562","562","0.9875561594963074","0.9875561594963074","0.9875561594963074","0.0000026903312573267613","0.0000026903312573267613","0.0000026903312573267613","2.717873335724924e-18","2.717873335724924e-18","2.717873335724924e-18","1","1","1","1","1","1","560","560","560","0.9875561594963074","0.9875561594963074","0.9875561594963074","0.00022307553444989026","0.00022307553444989026","0.00022307553444989026","3.248234239261905e-16","3.248234239261905e-16","3.248234239261905e-16","1","1","1","1","1","1"
"1.391274476125043","","","","","","","","","","","","","","","","","","","","","","","","","","","","","","","","","","","","","","","","","","","","","","","","","","","","","","","","","","","","","","","","","","","","","","","","","569","569","569","0.98359215259552","0.98359215259552","0.98359215259552","0.00000287081593342009","0.00000287081593342009","0.00000287081593342009","1.3708626063824912e-17","1.3708626063824912e-17","1.3708626063824912e-17","1","1","1","1","1","1","567","567","567","0.98359215259552","0.98359215259552","0.98359215259552","0.00027312320889905095","0.00027312320889905095","0.00027312320889905095","7.978019629917819e-16","7.978019629917819e-16","7.978019629917819e-16","1","1","1","1","1","1"
"1.4057672502574665","","","","","","","","","","","","","","","","","","","","","","","","","","","","","","","","","","","","","751","751","751","0.742358386516571","0.742358386516571","0.742358386516571","0.0550575777888298","0.0550575777888298","0.0550575777888298","0.0018253886373713613","0.0018253886373713613","0.0018253886373713613","0.9969497323036194","0.9969497323036194","0.9969497323036194","0.9999961853027344","0.9999961853027344","0.9999961853027344","","","","","","","","","","","","","","","","","","","","","","","","","","","","","","","","","","","","","","","","","","","","","","","","","","","","","",""
"1.4058194927256342","","","","","","","","","","","","","","","","","","","","","","","","","","","","","","","","","","","","","","","","","","","","","","","","","","","","","","","751","751","751","0.9062747955322266","0.9062747955322266","0.9062747955322266","0.00047474863822571933","0.00047474863822571933","0.00047474863822571933","0.000003865089183818782","0.000003865089183818782","0.000003865089183818782","0.9999934434890747","0.9999934434890747","0.9999934434890747","1","1","1","","","","","","","","","","","","","","","","","","","","","","","","","","","","","","","","","","","",""
"1.408450704225352","","","","","","","","","","","","","","","","","","","","","","","","","","","","","","","","","","","","","","","","","","","","","","","","","","","","","","","","","","","","","","","","","","","","","","","","","576","576","576","0.9849169850349426","0.9849169850349426","0.9849169850349426","0.000003509535417833831","0.000003509535417833831","0.000003509535417833831","5.02501261982848e-18","5.02501261982848e-18","5.02501261982848e-18","1","1","1","1","1","1","574","574","574","0.9849169850349426","0.9849169850349426","0.9849169850349426","0.0002761038485914469","0.0002761038485914469","0.0002761038485914469","4.697412320807447e-16","4.697412320807447e-16","4.697412320807447e-16","1","1","1","1","1","1"
"1.4256269323256614","","","","","","","","","","","","","","","","","","","","","","","","","","","","","","","","","","","","","","","","","","","","","","","","","","","","","","","","","","","","","","","","","","","","","","","","","583","583","583","0.9849833846092224","0.9849833846092224","0.9849833846092224","0.0000034104900805687066","0.0000034104900805687066","0.0000034104900805687066","1.5000419964378562e-18","1.5000419964378562e-18","1.5000419964378562e-18","1","1","1","1","1","1","581","581","581","0.9849833846092224","0.9849833846092224","0.9849833846092224","0.00024432435748167336","0.00024432435748167336","0.00024432435748167336","1.3055343962321153e-16","1.3055343962321153e-16","1.3055343962321153e-16","1","1","1","1","1","1"
"1.4285714285714286","2677","2677","2677","0.5593322515487671","0.5593322515487671","0.5593322515487671","0.1715012937784195","0.1715012937784195","0.1715012937784195","0.03751162439584732","0.03751162439584732","0.03751162439584732","0.9039852023124695","0.9039852023124695","0.9039852023124695","0.9741581082344055","0.9741581082344055","0.9741581082344055","2677","2677","2677","0.5625028014183044","0.5625028014183044","0.5625028014183044","0.2350732982158661","0.2350732982158661","0.2350732982158661","0.053276367485523224","0.053276367485523224","0.053276367485523224","0.8584851026535034","0.8584851026535034","0.8584851026535034","0.9544311761856079","0.9544311761856079","0.9544311761856079","","","","","","","","","","","","","","","","","","","","","","","","","","","","","","","","","","","","","","","","","","","","","","","","","","","","","","","","","","","","","","","","","","","","","","","",""
"1.4428031604259703","","","","","","","","","","","","","","","","","","","","","","","","","","","","","","","","","","","","","","","","","","","","","","","","","","","","","","","","","","","","","","","","","","","","","","","","","590","590","590","0.9831521511077881","0.9831521511077881","0.9831521511077881","0.0000047489675125689246","0.0000047489675125689246","0.0000047489675125689246","7.442940711505601e-17","7.442940711505601e-17","7.442940711505601e-17","1","1","1","1","1","1","588","588","588","0.9831521511077881","0.9831521511077881","0.9831521511077881","0.00036984990583732724","0.00036984990583732724","0.00036984990583732724","8.134940847847032e-15","8.134940847847032e-15","8.134940847847032e-15","1","1","1","1","1","1"
"1.4459320288362512","","","","","","","","","","","","","","","","","","","","","","","","","","","","","","","","","","","","","773","773","773","0.7442950010299683","0.7442950010299683","0.7442950010299683","0.04524288326501846","0.04524288326501846","0.04524288326501846","0.003408025251701474","0.003408025251701474","0.003408025251701474","0.9973195791244507","0.9973195791244507","0.9973195791244507","0.999994158744812","0.999994158744812","0.999994158744812","","","","","","","","","","","","","","","","","","","","","","","","","","","","","","","","","","","","","","","","","","","","","","","","","","","","","",""
"1.4459894425131967","","","","","","","","","","","","","","","","","","","","","","","","","","","","","","","","","","","","","","","","","","","","","","","","","","","","","","","773","773","773","0.8611751198768616","0.8611751198768616","0.8611751198768616","0.0002998768468387425","0.0002998768468387425","0.0002998768468387425","3.9766456438883324e-7","3.9766456438883324e-7","3.9766456438883324e-7","0.9999970197677612","0.9999970197677612","0.9999970197677612","1","1","1","","","","","","","","","","","","","","","","","","","","","","","","","","","","","","","","","","","",""
"1.4599793885262797","","","","","","","","","","","","","","","","","","","","","","","","","","","","","","","","","","","","","","","","","","","","","","","","","","","","","","","","","","","","","","","","","","","","","","","","","597","597","597","0.987534761428833","0.987534761428833","0.987534761428833","0.000003457739694567863","0.000003457739694567863","0.000003457739694567863","5.627878807459684e-17","5.627878807459684e-17","5.627878807459684e-17","1","1","1","1","1","1","595","595","595","0.987534761428833","0.987534761428833","0.987534761428833","0.000284787907730788","0.000284787907730788","0.000284787907730788","4.731476915451581e-15","4.731476915451581e-15","4.731476915451581e-15","1","1","1","1","1","1"
"1.4771556166265887","","","","","","","","","","","","","","","","","","","","","","","","","","","","","","","","","","","","","","","","","","","","","","","","","","","","","","","","","","","","","","","","","","","","","","","","","604","604","604","0.9850030541419983","0.9850030541419983","0.9850030541419983","0.0000058682057897385675","0.0000058682057897385675","0.0000058682057897385675","4.1580384159570574e-18","4.1580384159570574e-18","4.1580384159570574e-18","1","1","1","1","1","1","602","602","602","0.9850030541419983","0.9850030541419983","0.9850030541419983","0.0004874297883361578","0.0004874297883361578","0.0004874297883361578","4.228165597149221e-16","4.228165597149221e-16","4.228165597149221e-16","1","1","1","1","1","1"
"1.4835164835164836","2780","2780","2780","0.554940938949585","0.554940938949585","0.554940938949585","0.1723347306251526","0.1723347306251526","0.1723347306251526","0.04302290081977844","0.04302290081977844","0.04302290081977844","0.9022443890571594","0.9022443890571594","0.9022443890571594","0.975736677646637","0.975736677646637","0.975736677646637","2780","2780","2780","0.5591383576393127","0.5591383576393127","0.5591383576393127","0.24044698476791382","0.24044698476791382","0.24044698476791382","0.05645132437348366","0.05645132437348366","0.05645132437348366","0.8609436750411987","0.8609436750411987","0.8609436750411987","0.956799328327179","0.956799328327179","0.956799328327179","","","","","","","","","","","","","","","","","","","","","","","","","","","","","","","","","","","","","","","","","","","","","","","","","","","","","","","","","","","","","","","","","","","","","","","",""
"1.486096807415036","","","","","","","","","","","","","","","","","","","","","","","","","","","","","","","","","","","","","794","794","794","0.7486987113952637","0.7486987113952637","0.7486987113952637","0.03986138105392456","0.03986138105392456","0.03986138105392456","0.001006020000204444","0.001006020000204444","0.001006020000204444","0.9968510866165161","0.9968510866165161","0.9968510866165161","0.9999774694442749","0.9999774694442749","0.9999774694442749","","","","","","","","","","","","","","","","","","","","","","","","","","","","","","","","","","","","","","","","","","","","","","","","","","","","","",""
"1.4861593923007597","","","","","","","","","","","","","","","","","","","","","","","","","","","","","","","","","","","","","","","","","","","","","","","","","","","","","","","794","794","794","0.8858797550201416","0.8858797550201416","0.8858797550201416","0.0008264741627499461","0.0008264741627499461","0.0008264741627499461","0.000003104184315816383","0.000003104184315816383","0.000003104184315816383","0.9999959468841553","0.9999959468841553","0.9999959468841553","1","1","1","","","","","","","","","","","","","","","","","","","","","","","","","","","","","","","","","","","",""
"1.494331844726898","","","","","","","","","","","","","","","","","","","","","","","","","","","","","","","","","","","","","","","","","","","","","","","","","","","","","","","","","","","","","","","","","","","","","","","","","611","611","611","0.986229419708252","0.986229419708252","0.986229419708252","0.000004618287221092032","0.000004618287221092032","0.000004618287221092032","9.972860662239185e-19","9.972860662239185e-19","9.972860662239185e-19","1","1","1","1","1","1","609","609","609","0.986229419708252","0.986229419708252","0.986229419708252","0.0003882825840264559","0.0003882825840264559","0.0003882825840264559","8.612711078765021e-17","8.612711078765021e-17","8.612711078765021e-17","1","1","1","1","1","1"
"1.511508072827207","","","","","","","","","","","","","","","","","","","","","","","","","","","","","","","","","","","","","","","","","","","","","","","","","","","","","","","","","","","","","","","","","","","","","","","","","618","618","618","0.9864004850387573","0.9864004850387573","0.9864004850387573","0.0000034438887723808875","0.0000034438887723808875","0.0000034438887723808875","7.35652870978882e-19","7.35652870978882e-19","7.35652870978882e-19","1","1","1","1","1","1","616","616","616","0.9864004850387573","0.9864004850387573","0.9864004850387573","0.00029582466231659055","0.00029582466231659055","0.00029582466231659055","7.144111458181224e-17","7.144111458181224e-17","7.144111458181224e-17","1","1","1","1","1","1"
"1.526261585993821","","","","","","","","","","","","","","","","","","","","","","","","","","","","","","","","","","","","","816","816","816","0.7337625026702881","0.7337625026702881","0.7337625026702881","0.0400371327996254","0.0400371327996254","0.0400371327996254","0.0013572674943134189","0.0013572674943134189","0.0013572674943134189","0.9972079992294312","0.9972079992294312","0.9972079992294312","0.9999918937683105","0.9999918937683105","0.9999918937683105","","","","","","","","","","","","","","","","","","","","","","","","","","","","","","","","","","","","","","","","","","","","","","","","","","","","","",""
"1.5263293420883224","","","","","","","","","","","","","","","","","","","","","","","","","","","","","","","","","","","","","","","","","","","","","","","","","","","","","","","816","816","816","0.8814454674720764","0.8814454674720764","0.8814454674720764","0.0010978692444041371","0.0010978692444041371","0.0010978692444041371","0.000001709479647615808","0.000001709479647615808","0.000001709479647615808","0.9999961256980896","0.9999961256980896","0.9999961256980896","1","1","1","","","","","","","","","","","","","","","","","","","","","","","","","","","","","","","","","","","",""
"1.5286843009275164","","","","","","","","","","","","","","","","","","","","","","","","","","","","","","","","","","","","","","","","","","","","","","","","","","","","","","","","","","","","","","","","","","","","","","","","","625","625","625","0.9810487031936646","0.9810487031936646","0.9810487031936646","0.0000030152486942824908","0.0000030152486942824908","0.0000030152486942824908","1.0944070169845099e-17","1.0944070169845099e-17","1.0944070169845099e-17","1","1","1","1","1","1","623","623","623","0.9810487031936646","0.9810487031936646","0.9810487031936646","0.0002254485007142648","0.0002254485007142648","0.0002254485007142648","8.665940614403951e-16","8.665940614403951e-16","8.665940614403951e-16","1","1","1","1","1","1"
"1.5384615384615383","2883","2883","2883","0.5555469393730164","0.5555469393730164","0.5555469393730164","0.1729145646095276","0.1729145646095276","0.1729145646095276","0.0437333881855011","0.0437333881855011","0.0437333881855011","0.9024631977081299","0.9024631977081299","0.9024631977081299","0.976743221282959","0.976743221282959","0.976743221282959","2883","2883","2883","0.5585566163063049","0.5585566163063049","0.5585566163063049","0.24283817410469055","0.24283817410469055","0.24283817410469055","0.05239233374595642","0.05239233374595642","0.05239233374595642","0.8579516410827637","0.8579516410827637","0.8579516410827637","0.9562196731567383","0.9562196731567383","0.9562196731567383","","","","","","","","","","","","","","","","","","","","","","","","","","","","","","","","","","","","","","","","","","","","","","","","","","","","","","","","","","","","","","","","","","","","","","","",""
"1.5458605290278253","","","","","","","","","","","","","","","","","","","","","","","","","","","","","","","","","","","","","","","","","","","","","","","","","","","","","","","","","","","","","","","","","","","","","","","","","632","632","632","0.9837930798530579","0.9837930798530579","0.9837930798530579","0.000004289700882509351","0.000004289700882509351","0.000004289700882509351","2.1425967234496607e-18","2.1425967234496607e-18","2.1425967234496607e-18","1","1","1","1","1","1","630","630","630","0.9837930798530579","0.9837930798530579","0.9837930798530579","0.00030078671989031136","0.00030078671989031136","0.00030078671989031136","2.0056575520679357e-16","2.0056575520679357e-16","2.0056575520679357e-16","1","1","1","1","1","1"
"1.5630367571281347","","","","","","","","","","","","","","","","","","","","","","","","","","","","","","","","","","","","","","","","","","","","","","","","","","","","","","","","","","","","","","","","","","","","","","","","","639","639","639","0.9790897369384766","0.9790897369384766","0.9790897369384766","0.000007853490387788042","0.000007853490387788042","0.000007853490387788042","1.84747183306248e-17","1.84747183306248e-17","1.84747183306248e-17","1","1","1","1","1","1","637","637","637","0.9790897369384766","0.9790897369384766","0.9790897369384766","0.00047094194451346993","0.00047094194451346993","0.00047094194451346993","1.6986645422583627e-15","1.6986645422583627e-15","1.6986645422583627e-15","1","1","1","1","1","1"
"1.5664263645726055","","","","","","","","","","","","","","","","","","","","","","","","","","","","","","","","","","","","","837","837","837","0.767604649066925","0.767604649066925","0.767604649066925","0.05005435273051262","0.05005435273051262","0.05005435273051262","0.000613376556430012","0.000613376556430012","0.000613376556430012","0.9981745481491089","0.9981745481491089","0.9981745481491089","0.9999918937683105","0.9999918937683105","0.9999918937683105","","","","","","","","","","","","","","","","","","","","","","","","","","","","","","","","","","","","","","","","","","","","","","","","","","","","","",""
"1.566499291875885","","","","","","","","","","","","","","","","","","","","","","","","","","","","","","","","","","","","","","","","","","","","","","","","","","","","","","","837","837","837","0.8674299716949463","0.8674299716949463","0.8674299716949463","0.0017344345105811954","0.0017344345105811954","0.0017344345105811954","0.000004225040811434155","0.000004225040811434155","0.000004225040811434155","0.9999884963035583","0.9999884963035583","0.9999884963035583","1","1","1","","","","","","","","","","","","","","","","","","","","","","","","","","","","","","","","","","","",""
"1.5802129852284437","","","","","","","","","","","","","","","","","","","","","","","","","","","","","","","","","","","","","","","","","","","","","","","","","","","","","","","","","","","","","","","","","","","","","","","","","646","646","646","0.9778780937194824","0.9778780937194824","0.9778780937194824","0.0000065702179199433886","0.0000065702179199433886","0.0000065702179199433886","2.0888969025452694e-17","2.0888969025452694e-17","2.0888969025452694e-17","1","1","1","1","1","1","644","644","644","0.9778780937194824","0.9778780937194824","0.9778780937194824","0.00039055332308635116","0.00039055332308635116","0.00039055332308635116","1.8534313318862346e-15","1.8534313318862346e-15","1.8534313318862346e-15","1","1","1","1","1","1"
"1.5934065934065935","2986","2986","2986","0.5555455088615417","0.5555455088615417","0.5555455088615417","0.17635664343833923","0.17635664343833923","0.17635664343833923","0.03674918785691261","0.03674918785691261","0.03674918785691261","0.902086615562439","0.902086615562439","0.902086615562439","0.973617672920227","0.973617672920227","0.973617672920227","2986","2986","2986","0.5589819550514221","0.5589819550514221","0.5589819550514221","0.24212485551834106","0.24212485551834106","0.24212485551834106","0.05701686814427376","0.05701686814427376","0.05701686814427376","0.8556334376335144","0.8556334376335144","0.8556334376335144","0.9550427198410034","0.9550427198410034","0.9550427198410034","","","","","","","","","","","","","","","","","","","","","","","","","","","","","","","","","","","","","","","","","","","","","","","","","","","","","","","","","","","","","","","","","","","","","","","",""
"1.597389213328753","","","","","","","","","","","","","","","","","","","","","","","","","","","","","","","","","","","","","","","","","","","","","","","","","","","","","","","","","","","","","","","","","","","","","","","","","653","653","653","0.9761073589324951","0.9761073589324951","0.9761073589324951","0.000007268507033586502","0.000007268507033586502","0.000007268507033586502","4.7015867373995324e-17","4.7015867373995324e-17","4.7015867373995324e-17","1","1","1","1","1","1","651","651","651","0.9761073589324951","0.9761073589324951","0.9761073589324951","0.0005385756376199424","0.0005385756376199424","0.0005385756376199424","4.098393055728929e-15","4.098393055728929e-15","4.098393055728929e-15","1","1","1","1","1","1"
"1.6065911431513902","","","","","","","","","","","","","","","","","","","","","","","","","","","","","","","","","","","","","859","859","859","0.7587475776672363","0.7587475776672363","0.7587475776672363","0.036254242062568665","0.036254242062568665","0.036254242062568665","0.002409136388450861","0.002409136388450861","0.002409136388450861","0.9971469640731812","0.9971469640731812","0.9971469640731812","0.9999943971633911","0.9999943971633911","0.9999943971633911","","","","","","","","","","","","","","","","","","","","","","","","","","","","","","","","","","","","","","","","","","","","","","","","","","","","","",""
"1.606669241663448","","","","","","","","","","","","","","","","","","","","","","","","","","","","","","","","","","","","","","","","","","","","","","","","","","","","","","","859","859","859","0.8762286305427551","0.8762286305427551","0.8762286305427551","0.001712258206680417","0.001712258206680417","0.001712258206680417","0.000006429864242818439","0.000006429864242818439","0.000006429864242818439","0.9999938011169434","0.9999938011169434","0.9999938011169434","1","1","1","","","","","","","","","","","","","","","","","","","","","","","","","","","","","","","","","","","",""
"1.6145654414290622","","","","","","","","","","","","","","","","","","","","","","","","","","","","","","","","","","","","","","","","","","","","","","","","","","","","","","","","","","","","","","","","","","","","","","","","","660","660","660","0.9801726937294006","0.9801726937294006","0.9801726937294006","0.000006582607966265641","0.000006582607966265641","0.000006582607966265641","3.712911021646347e-17","3.712911021646347e-17","3.712911021646347e-17","1","1","1","1","1","1","658","658","658","0.9801726937294006","0.9801726937294006","0.9801726937294006","0.0005707233212888241","0.0005707233212888241","0.0005707233212888241","3.157535115940217e-15","3.157535115940217e-15","3.157535115940217e-15","1","1","1","1","1","1"
"1.6317416695293714","","","","","","","","","","","","","","","","","","","","","","","","","","","","","","","","","","","","","","","","","","","","","","","","","","","","","","","","","","","","","","","","","","","","","","","","","667","667","667","0.9787852764129639","0.9787852764129639","0.9787852764129639","0.000010587742508505471","0.000010587742508505471","0.000010587742508505471","2.3040449255090868e-17","2.3040449255090868e-17","2.3040449255090868e-17","1","1","1","1","1","1","665","665","665","0.9787852764129639","0.9787852764129639","0.9787852764129639","0.0007352079264819622","0.0007352079264819622","0.0007352079264819622","1.9312084382019663e-15","1.9312084382019663e-15","1.9312084382019663e-15","1","1","1","1","1","1"
"1.646755921730175","","","","","","","","","","","","","","","","","","","","","","","","","","","","","","","","","","","","","880","880","880","0.7567101120948792","0.7567101120948792","0.7567101120948792","0.040867455303668976","0.040867455303668976","0.040867455303668976","0.00220557046122849","0.00220557046122849","0.00220557046122849","0.9972072839736938","0.9972072839736938","0.9972072839736938","0.9999957084655762","0.9999957084655762","0.9999957084655762","","","","","","","","","","","","","","","","","","","","","","","","","","","","","","","","","","","","","","","","","","","","","","","","","","","","","",""
"1.6468391914510105","","","","","","","","","","","","","","","","","","","","","","","","","","","","","","","","","","","","","","","","","","","","","","","","","","","","","","","880","880","880","0.9022935628890991","0.9022935628890991","0.9022935628890991","0.0003815752570517361","0.0003815752570517361","0.0003815752570517361","0.000003840647423203336","0.000003840647423203336","0.000003840647423203336","0.9999971389770508","0.9999971389770508","0.9999971389770508","1","1","1","","","","","","","","","","","","","","","","","","","","","","","","","","","","","","","","","","","",""
"1.6483516483516483","3089","3089","3089","0.5581881403923035","0.5581881403923035","0.5581881403923035","0.17265190184116364","0.17265190184116364","0.17265190184116364","0.03596201539039612","0.03596201539039612","0.03596201539039612","0.9032247066497803","0.9032247066497803","0.9032247066497803","0.9778103828430176","0.9778103828430176","0.9778103828430176","3089","3089","3089","0.5601711869239807","0.5601711869239807","0.5601711869239807","0.23879031836986542","0.23879031836986542","0.23879031836986542","0.04990900307893753","0.04990900307893753","0.04990900307893753","0.8586164712905884","0.8586164712905884","0.8586164712905884","0.964148223400116","0.964148223400116","0.964148223400116","","","","","","","","","","","","","","","","","","","","","","","","","","","","","","","","","","","","","","","","","","","","","","","","","","","","","","","","","","","","","","","","","","","","","","","",""
"1.6489178976296806","","","","","","","","","","","","","","","","","","","","","","","","","","","","","","","","","","","","","","","","","","","","","","","","","","","","","","","","","","","","","","","","","","","","","","","","","674","674","674","0.9798112511634827","0.9798112511634827","0.9798112511634827","0.000012666709153563716","0.000012666709153563716","0.000012666709153563716","6.6013748490738475e-18","6.6013748490738475e-18","6.6013748490738475e-18","1","1","1","1","1","1","672","672","672","0.9798112511634827","0.9798112511634827","0.9798112511634827","0.0008021206595003605","0.0008021206595003605","0.0008021206595003605","5.414345771923815e-16","5.414345771923815e-16","5.414345771923815e-16","1","1","1","1","1","1"
"1.6660941257299897","","","","","","","","","","","","","","","","","","","","","","","","","","","","","","","","","","","","","","","","","","","","","","","","","","","","","","","","","","","","","","","","","","","","","","","","","681","681","681","0.978766143321991","0.978766143321991","0.978766143321991","0.00000877706133906031","0.00000877706133906031","0.00000877706133906031","4.158593867738387e-18","4.158593867738387e-18","4.158593867738387e-18","1","1","1","1","1","1","679","679","679","0.978766143321991","0.978766143321991","0.978766143321991","0.0006350066978484392","0.0006350066978484392","0.0006350066978484392","3.348532734035267e-16","3.348532734035267e-16","3.348532734035267e-16","1","1","1","1","1","1"
"1.6832703538302989","","","","","","","","","","","","","","","","","","","","","","","","","","","","","","","","","","","","","","","","","","","","","","","","","","","","","","","","","","","","","","","","","","","","","","","","","688","688","688","0.9788385033607483","0.9788385033607483","0.9788385033607483","0.000012113110642530955","0.000012113110642530955","0.000012113110642530955","4.398774774861835e-17","4.398774774861835e-17","4.398774774861835e-17","1","1","1","1","1","1","686","686","686","0.9788385033607483","0.9788385033607483","0.9788385033607483","0.0006901049055159092","0.0006901049055159092","0.0006901049055159092","3.4010069015737035e-15","3.4010069015737035e-15","3.4010069015737035e-15","1","1","1","1","1","1"
"1.68692070030896","","","","","","","","","","","","","","","","","","","","","","","","","","","","","","","","","","","","","902","902","902","0.7496110200881958","0.7496110200881958","0.7496110200881958","0.03681660071015358","0.03681660071015358","0.03681660071015358","0.0035694779362529516","0.0035694779362529516","0.0035694779362529516","0.9977436065673828","0.9977436065673828","0.9977436065673828","0.9999946355819702","0.9999946355819702","0.9999946355819702","","","","","","","","","","","","","","","","","","","","","","","","","","","","","","","","","","","","","","","","","","","","","","","","","","","","","",""
"1.6870091412385735","","","","","","","","","","","","","","","","","","","","","","","","","","","","","","","","","","","","","","","","","","","","","","","","","","","","","","","902","902","902","0.9047573804855347","0.9047573804855347","0.9047573804855347","0.000602331361733377","0.000602331361733377","0.000602331361733377","0.000003962157734349603","0.000003962157734349603","0.000003962157734349603","0.9999960660934448","0.9999960660934448","0.9999960660934448","1","1","1","","","","","","","","","","","","","","","","","","","","","","","","","","","","","","","","","","","",""
"1.700446581930608","","","","","","","","","","","","","","","","","","","","","","","","","","","","","","","","","","","","","","","","","","","","","","","","","","","","","","","","","","","","","","","","","","","","","","","","","695","695","695","0.9826661348342896","0.9826661348342896","0.9826661348342896","0.000010726936125138309","0.000010726936125138309","0.000010726936125138309","2.905527819001918e-17","2.905527819001918e-17","2.905527819001918e-17","1","1","1","1","1","1","693","693","693","0.9826661348342896","0.9826661348342896","0.9826661348342896","0.0007238840917125344","0.0007238840917125344","0.0007238840917125344","2.2117605734091675e-15","2.2117605734091675e-15","2.2117605734091675e-15","1","1","1","1","1","1"
"1.7032967032967035","3192","3192","3192","0.5569277405738831","0.5569277405738831","0.5569277405738831","0.17171621322631836","0.17171621322631836","0.17171621322631836","0.031808964908123016","0.031808964908123016","0.031808964908123016","0.9042375087738037","0.9042375087738037","0.9042375087738037","0.9725783467292786","0.9725783467292786","0.9725783467292786","3192","3192","3192","0.5604351162910461","0.5604351162910461","0.5604351162910461","0.24438971281051636","0.24438971281051636","0.24438971281051636","0.053518813103437424","0.053518813103437424","0.053518813103437424","0.8610419034957886","0.8610419034957886","0.8610419034957886","0.95216965675354","0.95216965675354","0.95216965675354","","","","","","","","","","","","","","","","","","","","","","","","","","","","","","","","","","","","","","","","","","","","","","","","","","","","","","","","","","","","","","","","","","","","","","","",""
"1.7176228100309172","","","","","","","","","","","","","","","","","","","","","","","","","","","","","","","","","","","","","","","","","","","","","","","","","","","","","","","","","","","","","","","","","","","","","","","","","702","702","702","0.9822553396224976","0.9822553396224976","0.9822553396224976","0.000009083268196263816","0.000009083268196263816","0.000009083268196263816","2.8202193589403445e-17","2.8202193589403445e-17","2.8202193589403445e-17","1","1","1","1","1","1","700","700","700","0.9822553396224976","0.9822553396224976","0.9822553396224976","0.0006459487485699356","0.0006459487485699356","0.0006459487485699356","2.106744581575632e-15","2.106744581575632e-15","2.106744581575632e-15","1","1","1","1","1","1"
"1.7270854788877446","","","","","","","","","","","","","","","","","","","","","","","","","","","","","","","","","","","","","923","923","923","0.731173038482666","0.731173038482666","0.731173038482666","0.03558362275362015","0.03558362275362015","0.03558362275362015","0.0007657821988686919","0.0007657821988686919","0.0007657821988686919","0.9968874454498291","0.9968874454498291","0.9968874454498291","0.9999663829803467","0.9999663829803467","0.9999663829803467","","","","","","","","","","","","","","","","","","","","","","","","","","","","","","","","","","","","","","","","","","","","","","","","","","","","","",""
"1.7271790910261362","","","","","","","","","","","","","","","","","","","","","","","","","","","","","","","","","","","","","","","","","","","","","","","","","","","","","","","923","923","923","0.9061137437820435","0.9061137437820435","0.9061137437820435","0.0012076215352863073","0.0012076215352863073","0.0012076215352863073","0.000006616322025365662","0.000006616322025365662","0.000006616322025365662","0.9999884366989136","0.9999884366989136","0.9999884366989136","1","1","1","","","","","","","","","","","","","","","","","","","","","","","","","","","","","","","","","","","",""
"1.7347990381312264","","","","","","","","","","","","","","","","","","","","","","","","","","","","","","","","","","","","","","","","","","","","","","","","","","","","","","","","","","","","","","","","","","","","","","","","","709","709","709","0.9838002324104309","0.9838002324104309","0.9838002324104309","0.000010063313311547972","0.000010063313311547972","0.000010063313311547972","1.201948106678039e-17","1.201948106678039e-17","1.201948106678039e-17","1","1","1","1","1","1","707","707","707","0.9838002324104309","0.9838002324104309","0.9838002324104309","0.0005528494948521256","0.0005528494948521256","0.0005528494948521256","8.778869164514263e-16","8.778869164514263e-16","8.778869164514263e-16","1","1","1","1","1","1"
"1.7519752662315355","","","","","","","","","","","","","","","","","","","","","","","","","","","","","","","","","","","","","","","","","","","","","","","","","","","","","","","","","","","","","","","","","","","","","","","","","716","716","716","0.9826448559761047","0.9826448559761047","0.9826448559761047","0.0000072829643613658845","0.0000072829643613658845","0.0000072829643613658845","1.748745047627418e-16","1.748745047627418e-16","1.748745047627418e-16","1","1","1","1","1","1","714","714","714","0.9826448559761047","0.9826448559761047","0.9826448559761047","0.0005739905755035579","0.0005739905755035579","0.0005739905755035579","1.2562544693471133e-14","1.2562544693471133e-14","1.2562544693471133e-14","1","1","1","1","1","1"
"1.7582417582417582","3295","3295","3295","0.5568380951881409","0.5568380951881409","0.5568380951881409","0.17591184377670288","0.17591184377670288","0.17591184377670288","0.031958118081092834","0.031958118081092834","0.031958118081092834","0.9056988954544067","0.9056988954544067","0.9056988954544067","0.9752261638641357","0.9752261638641357","0.9752261638641357","3295","3295","3295","0.5599523186683655","0.5599523186683655","0.5599523186683655","0.2406298816204071","0.2406298816204071","0.2406298816204071","0.04466938227415085","0.04466938227415085","0.04466938227415085","0.8618223667144775","0.8618223667144775","0.8618223667144775","0.9571914076805115","0.9571914076805115","0.9571914076805115","","","","","","","","","","","","","","","","","","","","","","","","","","","","","","","","","","","","","","","","","","","","","","","","","","","","","","","","","","","","","","","","","","","","","","","",""
"1.7672502574665292","","","","","","","","","","","","","","","","","","","","","","","","","","","","","","","","","","","","","945","945","945","0.719348132610321","0.719348132610321","0.719348132610321","0.046368084847927094","0.046368084847927094","0.046368084847927094","0.001355501706711948","0.001355501706711948","0.001355501706711948","0.9976226687431335","0.9976226687431335","0.9976226687431335","0.9999901056289673","0.9999901056289673","0.9999901056289673","","","","","","","","","","","","","","","","","","","","","","","","","","","","","","","","","","","","","","","","","","","","","","","","","","","","","",""
"1.767349040813699","","","","","","","","","","","","","","","","","","","","","","","","","","","","","","","","","","","","","","","","","","","","","","","","","","","","","","","945","945","945","0.8841128945350647","0.8841128945350647","0.8841128945350647","0.0013832550030201674","0.0013832550030201674","0.0013832550030201674","0.00000117800880161667","0.00000117800880161667","0.00000117800880161667","0.9999883770942688","0.9999883770942688","0.9999883770942688","1","1","1","","","","","","","","","","","","","","","","","","","","","","","","","","","","","","","","","","","",""
"1.7691514943318447","","","","","","","","","","","","","","","","","","","","","","","","","","","","","","","","","","","","","","","","","","","","","","","","","","","","","","","","","","","","","","","","","","","","","","","","","723","723","723","0.9829185009002686","0.9829185009002686","0.9829185009002686","0.0000063748948377906345","0.0000063748948377906345","0.0000063748948377906345","1.4678750633067596e-15","1.4678750633067596e-15","1.4678750633067596e-15","1","1","1","1","1","1","721","721","721","0.9829185009002686","0.9829185009002686","0.9829185009002686","0.0003563956415746361","0.0003563956415746361","0.0003563956415746361","1.0361184837621301e-13","1.0361184837621301e-13","1.0361184837621301e-13","1","1","1","1","1","1"
"1.7863277224321539","","","","","","","","","","","","","","","","","","","","","","","","","","","","","","","","","","","","","","","","","","","","","","","","","","","","","","","","","","","","","","","","","","","","","","","","","730","730","730","0.9840434193611145","0.9840434193611145","0.9840434193611145","0.000005178259016247466","0.000005178259016247466","0.000005178259016247466","7.829323525422919e-16","7.829323525422919e-16","7.829323525422919e-16","1","1","1","1","1","1","728","728","728","0.9840434193611145","0.9840434193611145","0.9840434193611145","0.00023964126012288034","0.00023964126012288034","0.00023964126012288034","3.4005872390999864e-14","3.4005872390999864e-14","3.4005872390999864e-14","1","1","1","1","1","1"
"1.803503950532463","","","","","","","","","","","","","","","","","","","","","","","","","","","","","","","","","","","","","","","","","","","","","","","","","","","","","","","","","","","","","","","","","","","","","","","","","737","737","737","0.983983039855957","0.983983039855957","0.983983039855957","0.000006033991667209193","0.000006033991667209193","0.000006033991667209193","5.164237589027709e-16","5.164237589027709e-16","5.164237589027709e-16","1","1","1","1","1","1","735","735","735","0.983983039855957","0.983983039855957","0.983983039855957","0.00030608620727434754","0.00030608620727434754","0.00030608620727434754","1.8879271721796397e-14","1.8879271721796397e-14","1.8879271721796397e-14","1","1","1","1","1","1"
"1.807415036045314","","","","","","","","","","","","","","","","","","","","","","","","","","","","","","","","","","","","","966","966","966","0.725062906742096","0.725062906742096","0.725062906742096","0.045383669435977936","0.045383669435977936","0.045383669435977936","0.0021670504938811064","0.0021670504938811064","0.0021670504938811064","0.9975874423980713","0.9975874423980713","0.9975874423980713","0.9999910593032837","0.9999910593032837","0.9999910593032837","","","","","","","","","","","","","","","","","","","","","","","","","","","","","","","","","","","","","","","","","","","","","","","","","","","","","",""
"1.8075189906012619","","","","","","","","","","","","","","","","","","","","","","","","","","","","","","","","","","","","","","","","","","","","","","","","","","","","","","","966","966","966","0.9066594243049622","0.9066594243049622","0.9066594243049622","0.0006612502038478851","0.0006612502038478851","0.0006612502038478851","6.292082730396942e-7","6.292082730396942e-7","6.292082730396942e-7","0.999997079372406","0.999997079372406","0.999997079372406","1","1","1","","","","","","","","","","","","","","","","","","","","","","","","","","","","","","","","","","","",""
"1.8131868131868132","3398","3398","3398","0.5597178339958191","0.5597178339958191","0.5597178339958191","0.17426005005836487","0.17426005005836487","0.17426005005836487","0.03816384822130203","0.03816384822130203","0.03816384822130203","0.9057169556617737","0.9057169556617737","0.9057169556617737","0.9811790585517883","0.9811790585517883","0.9811790585517883","3398","3398","3398","0.5597290396690369","0.5597290396690369","0.5597290396690369","0.24132871627807617","0.24132871627807617","0.24132871627807617","0.055777840316295624","0.055777840316295624","0.055777840316295624","0.8623675107955933","0.8623675107955933","0.8623675107955933","0.9643552303314209","0.9643552303314209","0.9643552303314209","","","","","","","","","","","","","","","","","","","","","","","","","","","","","","","","","","","","","","","","","","","","","","","","","","","","","","","","","","","","","","","","","","","","","","","",""
"1.8206801786327722","","","","","","","","","","","","","","","","","","","","","","","","","","","","","","","","","","","","","","","","","","","","","","","","","","","","","","","","","","","","","","","","","","","","","","","","","744","744","744","0.9851704239845276","0.9851704239845276","0.9851704239845276","0.000007917142283986323","0.000007917142283986323","0.000007917142283986323","1.5189602556303769e-15","1.5189602556303769e-15","1.5189602556303769e-15","1","1","1","1","1","1","742","742","742","0.9851704239845276","0.9851704239845276","0.9851704239845276","0.0005202940665185452","0.0005202940665185452","0.0005202940665185452","8.392407184780112e-14","8.392407184780112e-14","8.392407184780112e-14","1","1","1","1","1","1"
"1.8378564067330814","","","","","","","","","","","","","","","","","","","","","","","","","","","","","","","","","","","","","","","","","","","","","","","","","","","","","","","","","","","","","","","","","","","","","","","","","751","751","751","0.9832260012626648","0.9832260012626648","0.9832260012626648","0.000008981176506495103","0.000008981176506495103","0.000008981176506495103","6.22809508891135e-16","6.22809508891135e-16","6.22809508891135e-16","1","1","1","1","1","1","749","749","749","0.9832260012626648","0.9832260012626648","0.9832260012626648","0.0005572236841544509","0.0005572236841544509","0.0005572236841544509","4.0658960437844546e-14","4.0658960437844546e-14","4.0658960437844546e-14","1","1","1","1","1","1"
"1.847579814624099","","","","","","","","","","","","","","","","","","","","","","","","","","","","","","","","","","","","","988","988","988","0.7121570706367493","0.7121570706367493","0.7121570706367493","0.041819121688604355","0.041819121688604355","0.041819121688604355","0.0035759301390498877","0.0035759301390498877","0.0035759301390498877","0.9971555471420288","0.9971555471420288","0.9971555471420288","0.999990701675415","0.999990701675415","0.999990701675415","","","","","","","","","","","","","","","","","","","","","","","","","","","","","","","","","","","","","","","","","","","","","","","","","","","","","",""
"1.8476889403888244","","","","","","","","","","","","","","","","","","","","","","","","","","","","","","","","","","","","","","","","","","","","","","","","","","","","","","","988","988","988","0.8715390563011169","0.8715390563011169","0.8715390563011169","0.000392459100112319","0.000392459100112319","0.000392459100112319","3.3860129633467295e-7","3.3860129633467295e-7","3.3860129633467295e-7","0.9999973773956299","0.9999973773956299","0.9999973773956299","1","1","1","","","","","","","","","","","","","","","","","","","","","","","","","","","","","","","","","","","",""
"1.8550326348333905","","","","","","","","","","","","","","","","","","","","","","","","","","","","","","","","","","","","","","","","","","","","","","","","","","","","","","","","","","","","","","","","","","","","","","","","","758","758","758","0.9826922416687012","0.9826922416687012","0.9826922416687012","0.000009747952390171122","0.000009747952390171122","0.000009747952390171122","1.400388189690306e-16","1.400388189690306e-16","1.400388189690306e-16","1","1","1","1","1","1","756","756","756","0.9826922416687012","0.9826922416687012","0.9826922416687012","0.00044154730858281255","0.00044154730858281255","0.00044154730858281255","9.012496627355641e-15","9.012496627355641e-15","9.012496627355641e-15","1","1","1","1","1","1"
"1.8681318681318682","3501","3501","3501","0.561263382434845","0.561263382434845","0.561263382434845","0.17573484778404236","0.17573484778404236","0.17573484778404236","0.03812376782298088","0.03812376782298088","0.03812376782298088","0.9012984037399292","0.9012984037399292","0.9012984037399292","0.9798172116279602","0.9798172116279602","0.9798172116279602","3501","3501","3501","0.5589487552642822","0.5589487552642822","0.5589487552642822","0.2448272407054901","0.2448272407054901","0.2448272407054901","0.05958234518766403","0.05958234518766403","0.05958234518766403","0.8557397127151489","0.8557397127151489","0.8557397127151489","0.9632336497306824","0.9632336497306824","0.9632336497306824","","","","","","","","","","","","","","","","","","","","","","","","","","","","","","","","","","","","","","","","","","","","","","","","","","","","","","","","","","","","","","","","","","","","","","","",""
"1.8722088629336997","","","","","","","","","","","","","","","","","","","","","","","","","","","","","","","","","","","","","","","","","","","","","","","","","","","","","","","","","","","","","","","","","","","","","","","","","765","765","765","0.9834747910499573","0.9834747910499573","0.9834747910499573","0.000010563163414190058","0.000010563163414190058","0.000010563163414190058","4.00685865204213e-16","4.00685865204213e-16","4.00685865204213e-16","1","1","1","1","1","1","763","763","763","0.9834747910499573","0.9834747910499573","0.9834747910499573","0.0005835385527461767","0.0005835385527461767","0.0005835385527461767","2.5348204641512627e-14","2.5348204641512627e-14","2.5348204641512627e-14","1","1","1","1","1","1"
"1.8877445932028838","","","","","","","","","","","","","","","","","","","","","","","","","","","","","","","","","","","","","1009","1009","1009","0.7925348877906799","0.7925348877906799","0.7925348877906799","0.040666721761226654","0.040666721761226654","0.040666721761226654","0.0012221122160553932","0.0012221122160553932","0.0012221122160553932","0.9981589317321777","0.9981589317321777","0.9981589317321777","0.9999972581863403","0.9999972581863403","0.9999972581863403","","","","","","","","","","","","","","","","","","","","","","","","","","","","","","","","","","","","","","","","","","","","","","","","","","","","","",""
"1.8878588901763873","","","","","","","","","","","","","","","","","","","","","","","","","","","","","","","","","","","","","","","","","","","","","","","","","","","","","","","1009","1009","1009","0.8800355792045593","0.8800355792045593","0.8800355792045593","0.0006261393427848816","0.0006261393427848816","0.0006261393427848816","6.990379688431858e-7","6.990379688431858e-7","6.990379688431858e-7","0.9999943971633911","0.9999943971633911","0.9999943971633911","1","1","1","","","","","","","","","","","","","","","","","","","","","","","","","","","","","","","","","","","",""
"1.889385091034009","","","","","","","","","","","","","","","","","","","","","","","","","","","","","","","","","","","","","","","","","","","","","","","","","","","","","","","","","","","","","","","","","","","","","","","","","772","772","772","0.9841775894165039","0.9841775894165039","0.9841775894165039","0.000006905869668116793","0.000006905869668116793","0.000006905869668116793","4.756302815860894e-16","4.756302815860894e-16","4.756302815860894e-16","1","1","1","1","1","1","770","770","770","0.9841775894165039","0.9841775894165039","0.9841775894165039","0.0005487919552251697","0.0005487919552251697","0.0005487919552251697","2.3148756539024748e-14","2.3148756539024748e-14","2.3148756539024748e-14","1","1","1","1","1","1"
"1.906561319134318","","","","","","","","","","","","","","","","","","","","","","","","","","","","","","","","","","","","","","","","","","","","","","","","","","","","","","","","","","","","","","","","","","","","","","","","","779","779","779","0.9843553304672241","0.9843553304672241","0.9843553304672241","0.000008355402314919047","0.000008355402314919047","0.000008355402314919047","4.998729468716587e-16","4.998729468716587e-16","4.998729468716587e-16","1","1","1","1","1","1","777","777","777","0.9843553304672241","0.9843553304672241","0.9843553304672241","0.0005706753581762314","0.0005706753581762314","0.0005706753581762314","3.115124599787668e-14","3.115124599787668e-14","3.115124599787668e-14","1","1","1","1","1","1"
"1.9230769230769231","3604","3604","3604","0.5635862350463867","0.5635862350463867","0.5635862350463867","0.1797063648700714","0.1797063648700714","0.1797063648700714","0.03717151656746864","0.03717151656746864","0.03717151656746864","0.904585599899292","0.904585599899292","0.904585599899292","0.9796621799468994","0.9796621799468994","0.9796621799468994","3604","3604","3604","0.5581751465797424","0.5581751465797424","0.5581751465797424","0.24093852937221527","0.24093852937221527","0.24093852937221527","0.05631997063755989","0.05631997063755989","0.05631997063755989","0.8611065149307251","0.8611065149307251","0.8611065149307251","0.9660971760749817","0.9660971760749817","0.9660971760749817","","","","","","","","","","","","","","","","","","","","","","","","","","","","","","","","","","","","","","","","","","","","","","","","","","","","","","","","","","","","","","","","","","","","","","","",""
"1.9237375472346274","","","","","","","","","","","","","","","","","","","","","","","","","","","","","","","","","","","","","","","","","","","","","","","","","","","","","","","","","","","","","","","","","","","","","","","","","786","786","786","0.9855620265007019","0.9855620265007019","0.9855620265007019","0.000008510594852850772","0.000008510594852850772","0.000008510594852850772","5.668453009122145e-16","5.668453009122145e-16","5.668453009122145e-16","1","1","1","1","1","1","784","784","784","0.9855620265007019","0.9855620265007019","0.9855620265007019","0.0005424788105301559","0.0005424788105301559","0.0005424788105301559","2.7185683378386748e-14","2.7185683378386748e-14","2.7185683378386748e-14","1","1","1","1","1","1"
"1.9279093717816684","","","","","","","","","","","","","","","","","","","","","","","","","","","","","","","","","","","","","1031","1031","1031","0.7481653094291687","0.7481653094291687","0.7481653094291687","0.03648993745446205","0.03648993745446205","0.03648993745446205","0.002168671926483512","0.002168671926483512","0.002168671926483512","0.9977144002914429","0.9977144002914429","0.9977144002914429","0.9999980926513672","0.9999980926513672","0.9999980926513672","","","","","","","","","","","","","","","","","","","","","","","","","","","","","","","","","","","","","","","","","","","","","","","","","","","","","",""
"1.92802883996395","","","","","","","","","","","","","","","","","","","","","","","","","","","","","","","","","","","","","","","","","","","","","","","","","","","","","","","1031","1031","1031","0.8679531812667847","0.8679531812667847","0.8679531812667847","0.0009305650601163507","0.0009305650601163507","0.0009305650601163507","0.0000035123648558510467","0.0000035123648558510467","0.0000035123648558510467","0.999996542930603","0.999996542930603","0.999996542930603","1","1","1","","","","","","","","","","","","","","","","","","","","","","","","","","","","","","","","","","","",""
"1.9409137753349364","","","","","","","","","","","","","","","","","","","","","","","","","","","","","","","","","","","","","","","","","","","","","","","","","","","","","","","","","","","","","","","","","","","","","","","","","793","793","793","0.9838539958000183","0.9838539958000183","0.9838539958000183","0.00000973418809735449","0.00000973418809735449","0.00000973418809735449","2.263544938491184e-16","2.263544938491184e-16","2.263544938491184e-16","1","1","1","1","1","1","791","791","791","0.9838539958000183","0.9838539958000183","0.9838539958000183","0.0005670000100508332","0.0005670000100508332","0.0005670000100508332","1.3669792938385533e-14","1.3669792938385533e-14","1.3669792938385533e-14","1","1","1","1","1","1"
"1.9580900034352458","","","","","","","","","","","","","","","","","","","","","","","","","","","","","","","","","","","","","","","","","","","","","","","","","","","","","","","","","","","","","","","","","","","","","","","","","800","800","800","0.9832118153572083","0.9832118153572083","0.9832118153572083","0.000010296882464899682","0.000010296882464899682","0.000010296882464899682","1.379250614840473e-16","1.379250614840473e-16","1.379250614840473e-16","1","1","1","1","1","1","798","798","798","0.9832118153572083","0.9832118153572083","0.9832118153572083","0.0005316759925335646","0.0005316759925335646","0.0005316759925335646","8.12507884324215e-15","8.12507884324215e-15","8.12507884324215e-15","1","1","1","1","1","1"
"1.968074150360453","","","","","","","","","","","","","","","","","","","","","","","","","","","","","","","","","","","","","1052","1052","1052","0.7692426443099976","0.7692426443099976","0.7692426443099976","0.03992993012070656","0.03992993012070656","0.03992993012070656","0.00038874964229762554","0.00038874964229762554","0.00038874964229762554","0.9982081055641174","0.9982081055641174","0.9982081055641174","0.9999877214431763","0.9999877214431763","0.9999877214431763","","","","","","","","","","","","","","","","","","","","","","","","","","","","","","","","","","","","","","","","","","","","","","","","","","","","","",""
"1.9681987897515127","","","","","","","","","","","","","","","","","","","","","","","","","","","","","","","","","","","","","","","","","","","","","","","","","","","","","","","1052","1052","1052","0.8971624374389648","0.8971624374389648","0.8971624374389648","0.0010513849556446075","0.0010513849556446075","0.0010513849556446075","0.000003559737479008618","0.000003559737479008618","0.000003559737479008618","0.9999912977218628","0.9999912977218628","0.9999912977218628","1","1","1","","","","","","","","","","","","","","","","","","","","","","","","","","","","","","","","","","","",""
"1.9752662315355547","","","","","","","","","","","","","","","","","","","","","","","","","","","","","","","","","","","","","","","","","","","","","","","","","","","","","","","","","","","","","","","","","","","","","","","","","807","807","807","0.983669102191925","0.983669102191925","0.983669102191925","0.00001084042560250964","0.00001084042560250964","0.00001084042560250964","1.411931660574606e-16","1.411931660574606e-16","1.411931660574606e-16","1","1","1","1","1","1","805","805","805","0.983669102191925","0.983669102191925","0.983669102191925","0.0005525472806766629","0.0005525472806766629","0.0005525472806766629","8.193179445168449e-15","8.193179445168449e-15","8.193179445168449e-15","1","1","1","1","1","1"
"1.978021978021978","3707","3707","3707","0.5606481432914734","0.5606481432914734","0.5606481432914734","0.17967787384986877","0.17967787384986877","0.17967787384986877","0.042890556156635284","0.042890556156635284","0.042890556156635284","0.9002422094345093","0.9002422094345093","0.9002422094345093","0.9772212505340576","0.9772212505340576","0.9772212505340576","3707","3707","3707","0.5595724582672119","0.5595724582672119","0.5595724582672119","0.24288588762283325","0.24288588762283325","0.24288588762283325","0.06508727371692657","0.06508727371692657","0.06508727371692657","0.8541486859321594","0.8541486859321594","0.8541486859321594","0.964015781879425","0.964015781879425","0.964015781879425","","","","","","","","","","","","","","","","","","","","","","","","","","","","","","","","","","","","","","","","","","","","","","","","","","","","","","","","","","","","","","","","","","","","","","","",""
"1.992442459635864","","","","","","","","","","","","","","","","","","","","","","","","","","","","","","","","","","","","","","","","","","","","","","","","","","","","","","","","","","","","","","","","","","","","","","","","","814","814","814","0.9833877086639404","0.9833877086639404","0.9833877086639404","0.000011721944247256033","0.000011721944247256033","0.000011721944247256033","1.2306257140527011e-16","1.2306257140527011e-16","1.2306257140527011e-16","1","1","1","1","1","1","812","812","812","0.9833877086639404","0.9833877086639404","0.9833877086639404","0.0005756839527748525","0.0005756839527748525","0.0005756839527748525","7.048669797387859e-15","7.048669797387859e-15","7.048669797387859e-15","1","1","1","1","1","1"
