"train/epoch","confused-sweep-23 - _step","confused-sweep-23 - _step__MIN","confused-sweep-23 - _step__MAX","confused-sweep-23 - eval/prefs/pred_mean","confused-sweep-23 - eval/prefs/pred_mean__MIN","confused-sweep-23 - eval/prefs/pred_mean__MAX","confused-sweep-23 - eval/prefs/lower_mean","confused-sweep-23 - eval/prefs/lower_mean__MIN","confused-sweep-23 - eval/prefs/lower_mean__MAX","confused-sweep-23 - eval/prefs/upper_mean","confused-sweep-23 - eval/prefs/upper_mean__MIN","confused-sweep-23 - eval/prefs/upper_mean__MAX","polished-sweep-14 - _step","polished-sweep-14 - _step__MIN","polished-sweep-14 - _step__MAX","polished-sweep-14 - eval/prefs/pred_mean","polished-sweep-14 - eval/prefs/pred_mean__MIN","polished-sweep-14 - eval/prefs/pred_mean__MAX","polished-sweep-14 - eval/prefs/lower_mean","polished-sweep-14 - eval/prefs/lower_mean__MIN","polished-sweep-14 - eval/prefs/lower_mean__MAX","polished-sweep-14 - eval/prefs/upper_mean","polished-sweep-14 - eval/prefs/upper_mean__MIN","polished-sweep-14 - eval/prefs/upper_mean__MAX","20250525-165710-unequaled-lark-148 - _step","20250525-165710-unequaled-lark-148 - _step__MIN","20250525-165710-unequaled-lark-148 - _step__MAX","20250525-165710-unequaled-lark-148 - eval/prefs/pred_mean","20250525-165710-unequaled-lark-148 - eval/prefs/pred_mean__MIN","20250525-165710-unequaled-lark-148 - eval/prefs/pred_mean__MAX","20250525-165710-unequaled-lark-148 - eval/prefs/lower_mean","20250525-165710-unequaled-lark-148 - eval/prefs/lower_mean__MIN","20250525-165710-unequaled-lark-148 - eval/prefs/lower_mean__MAX","20250525-165710-unequaled-lark-148 - eval/prefs/upper_mean","20250525-165710-unequaled-lark-148 - eval/prefs/upper_mean__MIN","20250525-165710-unequaled-lark-148 - eval/prefs/upper_mean__MAX","20250525-165417-intelligent-colt-835 - _step","20250525-165417-intelligent-colt-835 - _step__MIN","20250525-165417-intelligent-colt-835 - _step__MAX","20250525-165417-intelligent-colt-835 - eval/prefs/pred_mean","20250525-165417-intelligent-colt-835 - eval/prefs/pred_mean__MIN","20250525-165417-intelligent-colt-835 - eval/prefs/pred_mean__MAX","20250525-165417-intelligent-colt-835 - eval/prefs/lower_mean","20250525-165417-intelligent-colt-835 - eval/prefs/lower_mean__MIN","20250525-165417-intelligent-colt-835 - eval/prefs/lower_mean__MAX","20250525-165417-intelligent-colt-835 - eval/prefs/upper_mean","20250525-165417-intelligent-colt-835 - eval/prefs/upper_mean__MIN","20250525-165417-intelligent-colt-835 - eval/prefs/upper_mean__MAX","stellar-cherry-61 - _step","stellar-cherry-61 - _step__MIN","stellar-cherry-61 - _step__MAX","stellar-cherry-61 - eval/prefs/pred_mean","stellar-cherry-61 - eval/prefs/pred_mean__MIN","stellar-cherry-61 - eval/prefs/pred_mean__MAX","stellar-cherry-61 - eval/prefs/lower_mean","stellar-cherry-61 - eval/prefs/lower_mean__MIN","stellar-cherry-61 - eval/prefs/lower_mean__MAX","stellar-cherry-61 - eval/prefs/upper_mean","stellar-cherry-61 - eval/prefs/upper_mean__MIN","stellar-cherry-61 - eval/prefs/upper_mean__MAX","morning-violet-3 - _step","morning-violet-3 - _step__MIN","morning-violet-3 - _step__MAX","morning-violet-3 - eval/prefs/pred_mean","morning-violet-3 - eval/prefs/pred_mean__MIN","morning-violet-3 - eval/prefs/pred_mean__MAX","morning-violet-3 - eval/prefs/lower_mean","morning-violet-3 - eval/prefs/lower_mean__MIN","morning-violet-3 - eval/prefs/lower_mean__MAX","morning-violet-3 - eval/prefs/upper_mean","morning-violet-3 - eval/prefs/upper_mean__MIN","morning-violet-3 - eval/prefs/upper_mean__MAX"
"0.017176228100309172","","","","","","","","","","","","","","","","","","","","","","","","","","","","","","","","","","","","","","","","","","","","","","","","","9","9","9","0.6542820930480957","0.6542820930480957","0.6542820930480957","0.007883455604314804","0.007883455604314804","0.007883455604314804","0.9986280798912048","0.9986280798912048","0.9986280798912048","7","7","7","0.6542820930480957","0.6542820930480957","0.6542820930480957","0.32800260186195374","0.32800260186195374","0.32800260186195374","0.8969687223434448","0.8969687223434448","0.8969687223434448"
"0.034352456200618345","","","","","","","","","","","","","","","","","","","","","","","","","","","","","","","","","","","","","","","","","","","","","","","","","16","16","16","0.6545860767364502","0.6545860767364502","0.6545860767364502","0.011279422789812088","0.011279422789812088","0.011279422789812088","0.9976614117622375","0.9976614117622375","0.9976614117622375","14","14","14","0.6545860767364502","0.6545860767364502","0.6545860767364502","0.3866826295852661","0.3866826295852661","0.3866826295852661","0.877207338809967","0.877207338809967","0.877207338809967"
"0.04016477857878476","","","","","","","","","","","","","","","","","","","","","","","","","20","20","20","0.5115571618080139","0.5115571618080139","0.5115571618080139","0.15723393857479095","0.15723393857479095","0.15723393857479095","0.848041296005249","0.848041296005249","0.848041296005249","","","","","","","","","","","","","","","","","","","","","","","","","","","","","","","","","","","",""
"0.04016994978756277","","","","","","","","","","","","","","","","","","","","","","","","","","","","","","","","","","","","","20","20","20","0.5831704139709473","0.5831704139709473","0.5831704139709473","0.15465319156646729","0.15465319156646729","0.15465319156646729","0.9123721718788147","0.9123721718788147","0.9123721718788147","","","","","","","","","","","","","","","","","","","","","","","",""
"0.05152868430092752","","","","","","","","","","","","","","","","","","","","","","","","","","","","","","","","","","","","","","","","","","","","","","","","","23","23","23","0.6586180925369263","0.6586180925369263","0.6586180925369263","0.0423220694065094","0.0423220694065094","0.0423220694065094","0.9947194457054138","0.9947194457054138","0.9947194457054138","21","21","21","0.6586180925369263","0.6586180925369263","0.6586180925369263","0.4244154095649719","0.4244154095649719","0.4244154095649719","0.8473120927810669","0.8473120927810669","0.8473120927810669"
"0.054945054945054944","102","102","102","0.5153883695602417","0.5153883695602417","0.5153883695602417","0.12245174497365952","0.12245174497365952","0.12245174497365952","0.8902114629745483","0.8902114629745483","0.8902114629745483","102","102","102","0.5245753526687622","0.5245753526687622","0.5245753526687622","0.27748072147369385","0.27748072147369385","0.27748072147369385","0.7612560391426086","0.7612560391426086","0.7612560391426086","","","","","","","","","","","","","","","","","","","","","","","","","","","","","","","","","","","","","","","","","","","","","","","",""
"0.06870491240123669","","","","","","","","","","","","","","","","","","","","","","","","","","","","","","","","","","","","","","","","","","","","","","","","","30","30","30","0.6528220772743225","0.6528220772743225","0.6528220772743225","0.09272763133049011","0.09272763133049011","0.09272763133049011","0.9862219095230103","0.9862219095230103","0.9862219095230103","28","28","28","0.6528220772743225","0.6528220772743225","0.6528220772743225","0.469584584236145","0.469584584236145","0.469584584236145","0.8138895630836487","0.8138895630836487","0.8138895630836487"
"0.08032955715756952","","","","","","","","","","","","","","","","","","","","","","","","","42","42","42","0.5323026776313782","0.5323026776313782","0.5323026776313782","0.1749979555606842","0.1749979555606842","0.1749979555606842","0.8544044494628906","0.8544044494628906","0.8544044494628906","","","","","","","","","","","","","","","","","","","","","","","","","","","","","","","","","","","",""
"0.08033989957512554","","","","","","","","","","","","","","","","","","","","","","","","","","","","","","","","","","","","","42","42","42","0.6204169988632202","0.6204169988632202","0.6204169988632202","0.22720353305339813","0.22720353305339813","0.22720353305339813","0.8937585353851318","0.8937585353851318","0.8937585353851318","","","","","","","","","","","","","","","","","","","","","","","",""
"0.08588114050154586","","","","","","","","","","","","","","","","","","","","","","","","","","","","","","","","","","","","","","","","","","","","","","","","","37","37","37","0.6622458100318909","0.6622458100318909","0.6622458100318909","0.09306145459413528","0.09306145459413528","0.09306145459413528","0.9873641729354858","0.9873641729354858","0.9873641729354858","35","35","35","0.6622458100318909","0.6622458100318909","0.6622458100318909","0.47783488035202026","0.47783488035202026","0.47783488035202026","0.8152087330818176","0.8152087330818176","0.8152087330818176"
"0.10305736860185503","","","","","","","","","","","","","","","","","","","","","","","","","","","","","","","","","","","","","","","","","","","","","","","","","44","44","44","0.6587843298912048","0.6587843298912048","0.6587843298912048","0.10337068140506744","0.10337068140506744","0.10337068140506744","0.9869482517242432","0.9869482517242432","0.9869482517242432","42","42","42","0.6587843298912048","0.6587843298912048","0.6587843298912048","0.48901885747909546","0.48901885747909546","0.48901885747909546","0.8052445650100708","0.8052445650100708","0.8052445650100708"
"0.10989010989010989","205","205","205","0.5300750732421875","0.5300750732421875","0.5300750732421875","0.1908327341079712","0.1908327341079712","0.1908327341079712","0.844173014163971","0.844173014163971","0.844173014163971","205","205","205","0.5360433459281921","0.5360433459281921","0.5360433459281921","0.32780590653419495","0.32780590653419495","0.32780590653419495","0.7334534525871277","0.7334534525871277","0.7334534525871277","","","","","","","","","","","","","","","","","","","","","","","","","","","","","","","","","","","","","","","","","","","","","","","",""
"0.1202335967021642","","","","","","","","","","","","","","","","","","","","","","","","","","","","","","","","","","","","","","","","","","","","","","","","","51","51","51","0.6552870869636536","0.6552870869636536","0.6552870869636536","0.1347801238298416","0.1347801238298416","0.1347801238298416","0.9804063439369202","0.9804063439369202","0.9804063439369202","49","49","49","0.6552870869636536","0.6552870869636536","0.6552870869636536","0.5054410696029663","0.5054410696029663","0.5054410696029663","0.7853990793228149","0.7853990793228149","0.7853990793228149"
"0.12049433573635428","","","","","","","","","","","","","","","","","","","","","","","","","63","63","63","0.5541521310806274","0.5541521310806274","0.5541521310806274","0.19306357204914093","0.19306357204914093","0.19306357204914093","0.8561585545539856","0.8561585545539856","0.8561585545539856","","","","","","","","","","","","","","","","","","","","","","","","","","","","","","","","","","","",""
"0.1205098493626883","","","","","","","","","","","","","","","","","","","","","","","","","","","","","","","","","","","","","63","63","63","0.6115238666534424","0.6115238666534424","0.6115238666534424","0.18881696462631226","0.18881696462631226","0.18881696462631226","0.9181869029998779","0.9181869029998779","0.9181869029998779","","","","","","","","","","","","","","","","","","","","","","","",""
"0.13740982480247338","","","","","","","","","","","","","","","","","","","","","","","","","","","","","","","","","","","","","","","","","","","","","","","","","58","58","58","0.6718618869781494","0.6718618869781494","0.6718618869781494","0.1480439007282257","0.1480439007282257","0.1480439007282257","0.9822584986686707","0.9822584986686707","0.9822584986686707","56","56","56","0.6718618869781494","0.6718618869781494","0.6718618869781494","0.5239537358283997","0.5239537358283997","0.5239537358283997","0.7996608018875122","0.7996608018875122","0.7996608018875122"
"0.15458605290278254","","","","","","","","","","","","","","","","","","","","","","","","","","","","","","","","","","","","","","","","","","","","","","","","","65","65","65","0.6754968166351318","0.6754968166351318","0.6754968166351318","0.17954476177692413","0.17954476177692413","0.17954476177692413","0.9710580110549927","0.9710580110549927","0.9710580110549927","63","63","63","0.6754968166351318","0.6754968166351318","0.6754968166351318","0.5403885245323181","0.5403885245323181","0.5403885245323181","0.7883225679397583","0.7883225679397583","0.7883225679397583"
"0.16065911431513905","","","","","","","","","","","","","","","","","","","","","","","","","85","85","85","0.570976197719574","0.570976197719574","0.570976197719574","0.20480942726135254","0.20480942726135254","0.20480942726135254","0.8607715964317322","0.8607715964317322","0.8607715964317322","","","","","","","","","","","","","","","","","","","","","","","","","","","","","","","","","","","",""
"0.16067979915025107","","","","","","","","","","","","","","","","","","","","","","","","","","","","","","","","","","","","","85","85","85","0.619713544845581","0.619713544845581","0.619713544845581","0.22912876307964325","0.22912876307964325","0.22912876307964325","0.8934586048126221","0.8934586048126221","0.8934586048126221","","","","","","","","","","","","","","","","","","","","","","","",""
"0.16483516483516483","308","308","308","0.5366323590278625","0.5366323590278625","0.5366323590278625","0.21776822209358215","0.21776822209358215","0.21776822209358215","0.8276607990264893","0.8276607990264893","0.8276607990264893","308","308","308","0.5408395528793335","0.5408395528793335","0.5408395528793335","0.3480790853500366","0.3480790853500366","0.3480790853500366","0.7230294346809387","0.7230294346809387","0.7230294346809387","","","","","","","","","","","","","","","","","","","","","","","","","","","","","","","","","","","","","","","","","","","","","","","",""
"0.1717622810030917","","","","","","","","","","","","","","","","","","","","","","","","","","","","","","","","","","","","","","","","","","","","","","","","","72","72","72","0.6686524152755737","0.6686524152755737","0.6686524152755737","0.2050919085741043","0.2050919085741043","0.2050919085741043","0.964460551738739","0.964460551738739","0.964460551738739","70","70","70","0.6686524152755737","0.6686524152755737","0.6686524152755737","0.5511994957923889","0.5511994957923889","0.5511994957923889","0.774289071559906","0.774289071559906","0.774289071559906"
"0.1889385091034009","","","","","","","","","","","","","","","","","","","","","","","","","","","","","","","","","","","","","","","","","","","","","","","","","79","79","79","0.6735119819641113","0.6735119819641113","0.6735119819641113","0.18567103147506714","0.18567103147506714","0.18567103147506714","0.9672328233718872","0.9672328233718872","0.9672328233718872","77","77","77","0.6735119819641113","0.6735119819641113","0.6735119819641113","0.5508458614349365","0.5508458614349365","0.5508458614349365","0.7818717956542969","0.7818717956542969","0.7818717956542969"
"0.2008238928939238","","","","","","","","","","","","","","","","","","","","","","","","","106","106","106","0.5802400708198547","0.5802400708198547","0.5802400708198547","0.215165376663208","0.215165376663208","0.215165376663208","0.8636300563812256","0.8636300563812256","0.8636300563812256","","","","","","","","","","","","","","","","","","","","","","","","","","","","","","","","","","","",""
"0.20084974893781382","","","","","","","","","","","","","","","","","","","","","","","","","","","","","","","","","","","","","106","106","106","0.6091655492782593","0.6091655492782593","0.6091655492782593","0.24804486334323883","0.24804486334323883","0.24804486334323883","0.8781213164329529","0.8781213164329529","0.8781213164329529","","","","","","","","","","","","","","","","","","","","","","","",""
"0.20611473720371007","","","","","","","","","","","","","","","","","","","","","","","","","","","","","","","","","","","","","","","","","","","","","","","","","86","86","86","0.6794136762619019","0.6794136762619019","0.6794136762619019","0.25794026255607605","0.25794026255607605","0.25794026255607605","0.9469707608222961","0.9469707608222961","0.9469707608222961","84","84","84","0.6794136762619019","0.6794136762619019","0.6794136762619019","0.5744118690490723","0.5744118690490723","0.5744118690490723","0.7702955603599548","0.7702955603599548","0.7702955603599548"
"0.21978021978021978","411","411","411","0.5424278378486633","0.5424278378486633","0.5424278378486633","0.23802372813224792","0.23802372813224792","0.23802372813224792","0.8182567358016968","0.8182567358016968","0.8182567358016968","411","411","411","0.5461743474006653","0.5461743474006653","0.5461743474006653","0.3633333742618561","0.3633333742618561","0.3633333742618561","0.7184757590293884","0.7184757590293884","0.7184757590293884","","","","","","","","","","","","","","","","","","","","","","","","","","","","","","","","","","","","","","","","","","","","","","","",""
"0.22329096530401923","","","","","","","","","","","","","","","","","","","","","","","","","","","","","","","","","","","","","","","","","","","","","","","","","93","93","93","0.6856019496917725","0.6856019496917725","0.6856019496917725","0.2444480061531067","0.2444480061531067","0.2444480061531067","0.9540939331054688","0.9540939331054688","0.9540939331054688","91","91","91","0.6856019496917725","0.6856019496917725","0.6856019496917725","0.5771448612213135","0.5771448612213135","0.5771448612213135","0.7814582586288452","0.7814582586288452","0.7814582586288452"
"0.2404671934043284","","","","","","","","","","","","","","","","","","","","","","","","","","","","","","","","","","","","","","","","","","","","","","","","","100","100","100","0.6916126608848572","0.6916126608848572","0.6916126608848572","0.26646187901496887","0.26646187901496887","0.26646187901496887","0.9495295882225037","0.9495295882225037","0.9495295882225037","98","98","98","0.6916126608848572","0.6916126608848572","0.6916126608848572","0.5908172130584717","0.5908172130584717","0.5908172130584717","0.7774547934532166","0.7774547934532166","0.7774547934532166"
"0.24098867147270855","","","","","","","","","","","","","","","","","","","","","","","","","128","128","128","0.6031607985496521","0.6031607985496521","0.6031607985496521","0.24473050236701965","0.24473050236701965","0.24473050236701965","0.866357684135437","0.866357684135437","0.866357684135437","","","","","","","","","","","","","","","","","","","","","","","","","","","","","","","","","","","",""
"0.2410196987253766","","","","","","","","","","","","","","","","","","","","","","","","","","","","","","","","","","","","","128","128","128","0.614067554473877","0.614067554473877","0.614067554473877","0.2244858294725418","0.2244858294725418","0.2244858294725418","0.8951044678688049","0.8951044678688049","0.8951044678688049","","","","","","","","","","","","","","","","","","","","","","","",""
"0.2576434215046376","","","","","","","","","","","","","","","","","","","","","","","","","","","","","","","","","","","","","","","","","","","","","","","","","107","107","107","0.6833261251449585","0.6833261251449585","0.6833261251449585","0.2619626820087433","0.2619626820087433","0.2619626820087433","0.950509250164032","0.950509250164032","0.950509250164032","105","105","105","0.6833261251449585","0.6833261251449585","0.6833261251449585","0.5881723165512085","0.5881723165512085","0.5881723165512085","0.7660033106803894","0.7660033106803894","0.7660033106803894"
"0.27472527472527475","514","514","514","0.5451132655143738","0.5451132655143738","0.5451132655143738","0.2524421513080597","0.2524421513080597","0.2524421513080597","0.8099718689918518","0.8099718689918518","0.8099718689918518","514","514","514","0.5479844808578491","0.5479844808578491","0.5479844808578491","0.37330925464630127","0.37330925464630127","0.37330925464630127","0.7126931548118591","0.7126931548118591","0.7126931548118591","","","","","","","","","","","","","","","","","","","","","","","","","","","","","","","","","","","","","","","","","","","","","","","",""
"0.27481964960494676","","","","","","","","","","","","","","","","","","","","","","","","","","","","","","","","","","","","","","","","","","","","","","","","","114","114","114","0.6895797848701477","0.6895797848701477","0.6895797848701477","0.24593105912208557","0.24593105912208557","0.24593105912208557","0.953056275844574","0.953056275844574","0.953056275844574","112","112","112","0.6895797848701477","0.6895797848701477","0.6895797848701477","0.586872398853302","0.586872398853302","0.586872398853302","0.7815531492233276","0.7815531492233276","0.7815531492233276"
"0.2811534500514933","","","","","","","","","","","","","","","","","","","","","","","","","149","149","149","0.6228514313697815","0.6228514313697815","0.6228514313697815","0.26203006505966187","0.26203006505966187","0.26203006505966187","0.8724391460418701","0.8724391460418701","0.8724391460418701","","","","","","","","","","","","","","","","","","","","","","","","","","","","","","","","","","","",""
"0.28118964851293937","","","","","","","","","","","","","","","","","","","","","","","","","","","","","","","","","","","","","149","149","149","0.6487210988998413","0.6487210988998413","0.6487210988998413","0.27852848172187805","0.27852848172187805","0.27852848172187805","0.8862431645393372","0.8862431645393372","0.8862431645393372","","","","","","","","","","","","","","","","","","","","","","","",""
"0.2919958777052559","","","","","","","","","","","","","","","","","","","","","","","","","","","","","","","","","","","","","","","","","","","","","","","","","121","121","121","0.6894419193267822","0.6894419193267822","0.6894419193267822","0.26617780327796936","0.26617780327796936","0.26617780327796936","0.953664243221283","0.953664243221283","0.953664243221283","119","119","119","0.6894419193267822","0.6894419193267822","0.6894419193267822","0.5934666395187378","0.5934666395187378","0.5934666395187378","0.7746103405952454","0.7746103405952454","0.7746103405952454"
"0.3091721058055651","","","","","","","","","","","","","","","","","","","","","","","","","","","","","","","","","","","","","","","","","","","","","","","","","128","128","128","0.6808857917785645","0.6808857917785645","0.6808857917785645","0.25204014778137207","0.25204014778137207","0.25204014778137207","0.9505453109741211","0.9505453109741211","0.9505453109741211","126","126","126","0.6808857917785645","0.6808857917785645","0.6808857917785645","0.5828325152397156","0.5828325152397156","0.5828325152397156","0.7641348242759705","0.7641348242759705","0.7641348242759705"
"0.3213182286302781","","","","","","","","","","","","","","","","","","","","","","","","","171","171","171","0.6043922901153564","0.6043922901153564","0.6043922901153564","0.25474390387535095","0.25474390387535095","0.25474390387535095","0.8668411374092102","0.8668411374092102","0.8668411374092102","","","","","","","","","","","","","","","","","","","","","","","","","","","","","","","","","","","",""
"0.32135959830050215","","","","","","","","","","","","","","","","","","","","","","","","","","","","","","","","","","","","","171","171","171","0.6424934267997742","0.6424934267997742","0.6424934267997742","0.2888405919075012","0.2888405919075012","0.2888405919075012","0.8791933059692383","0.8791933059692383","0.8791933059692383","","","","","","","","","","","","","","","","","","","","","","","",""
"0.32634833390587425","","","","","","","","","","","","","","","","","","","","","","","","","","","","","","","","","","","","","","","","","","","","","","","","","135","135","135","0.6886515021324158","0.6886515021324158","0.6886515021324158","0.29075881838798523","0.29075881838798523","0.29075881838798523","0.9357038736343384","0.9357038736343384","0.9357038736343384","133","133","133","0.6886515021324158","0.6886515021324158","0.6886515021324158","0.600739061832428","0.600739061832428","0.600739061832428","0.7622252106666565","0.7622252106666565","0.7622252106666565"
"0.32967032967032966","617","617","617","0.5447035431861877","0.5447035431861877","0.5447035431861877","0.2603943347930908","0.2603943347930908","0.2603943347930908","0.8028181791305542","0.8028181791305542","0.8028181791305542","617","617","617","0.5466177463531494","0.5466177463531494","0.5466177463531494","0.3774559497833252","0.3774559497833252","0.3774559497833252","0.706780195236206","0.706780195236206","0.706780195236206","","","","","","","","","","","","","","","","","","","","","","","","","","","","","","","","","","","","","","","","","","","","","","","",""
"0.3435245620061834","","","","","","","","","","","","","","","","","","","","","","","","","","","","","","","","","","","","","","","","","","","","","","","","","142","142","142","0.6828397512435913","0.6828397512435913","0.6828397512435913","0.3014140725135803","0.3014140725135803","0.3014140725135803","0.9339979887008667","0.9339979887008667","0.9339979887008667","140","140","140","0.6828397512435913","0.6828397512435913","0.6828397512435913","0.6038215756416321","0.6038215756416321","0.6038215756416321","0.7512980103492737","0.7512980103492737","0.7512980103492737"
"0.36070079010649264","","","","","","","","","","","","","","","","","","","","","","","","","","","","","","","","","","","","","","","","","","","","","","","","","149","149","149","0.6772661209106445","0.6772661209106445","0.6772661209106445","0.2716608941555023","0.2716608941555023","0.2716608941555023","0.9485315084457397","0.9485315084457397","0.9485315084457397","147","147","147","0.6772661209106445","0.6772661209106445","0.6772661209106445","0.588909924030304","0.588909924030304","0.588909924030304","0.7586185932159424","0.7586185932159424","0.7586185932159424"
"0.36148300720906285","","","","","","","","","","","","","","","","","","","","","","","","","192","192","192","0.6119131445884705","0.6119131445884705","0.6119131445884705","0.26033157110214233","0.26033157110214233","0.26033157110214233","0.8633198738098145","0.8633198738098145","0.8633198738098145","","","","","","","","","","","","","","","","","","","","","","","","","","","","","","","","","","","",""
"0.36152954808806487","","","","","","","","","","","","","","","","","","","","","","","","","","","","","","","","","","","","","192","192","192","0.6403311491012573","0.6403311491012573","0.6403311491012573","0.2403409332036972","0.2403409332036972","0.2403409332036972","0.912521243095398","0.912521243095398","0.912521243095398","","","","","","","","","","","","","","","","","","","","","","","",""
"0.3778770182068018","","","","","","","","","","","","","","","","","","","","","","","","","","","","","","","","","","","","","","","","","","","","","","","","","156","156","156","0.6737319827079773","0.6737319827079773","0.6737319827079773","0.2891875207424164","0.2891875207424164","0.2891875207424164","0.9328812956809998","0.9328812956809998","0.9328812956809998","154","154","154","0.6737319827079773","0.6737319827079773","0.6737319827079773","0.5903431177139282","0.5903431177139282","0.5903431177139282","0.7526347637176514","0.7526347637176514","0.7526347637176514"
"0.38461538461538464","720","720","720","0.5485066175460815","0.5485066175460815","0.5485066175460815","0.26964688301086426","0.26964688301086426","0.26964688301086426","0.8000743985176086","0.8000743985176086","0.8000743985176086","720","720","720","0.5507933497428894","0.5507933497428894","0.5507933497428894","0.3863426744937897","0.3863426744937897","0.3863426744937897","0.7060267329216003","0.7060267329216003","0.7060267329216003","","","","","","","","","","","","","","","","","","","","","","","","","","","","","","","","","","","","","","","","","","","","","","","",""
"0.395053246307111","","","","","","","","","","","","","","","","","","","","","","","","","","","","","","","","","","","","","","","","","","","","","","","","","163","163","163","0.6807337999343872","0.6807337999343872","0.6807337999343872","0.3140144646167755","0.3140144646167755","0.3140144646167755","0.9336486458778381","0.9336486458778381","0.9336486458778381","161","161","161","0.6807337999343872","0.6807337999343872","0.6807337999343872","0.5993194580078125","0.5993194580078125","0.5993194580078125","0.7545910477638245","0.7545910477638245","0.7545910477638245"
"0.4016477857878476","","","","","","","","","","","","","","","","","","","","","","","","","214","214","214","0.6337215900421143","0.6337215900421143","0.6337215900421143","0.28155913949012756","0.28155913949012756","0.28155913949012756","0.8702590465545654","0.8702590465545654","0.8702590465545654","","","","","","","","","","","","","","","","","","","","","","","","","","","","","","","","","","","",""
"0.40169949787562764","","","","","","","","","","","","","","","","","","","","","","","","","","","","","","","","","","","","","214","214","214","0.6588648557662964","0.6588648557662964","0.6588648557662964","0.3157808780670166","0.3157808780670166","0.3157808780670166","0.8901703357696533","0.8901703357696533","0.8901703357696533","","","","","","","","","","","","","","","","","","","","","","","",""
"0.41222947440742014","","","","","","","","","","","","","","","","","","","","","","","","","","","","","","","","","","","","","","","","","","","","","","","","","170","170","170","0.6764536499977112","0.6764536499977112","0.6764536499977112","0.2921281158924103","0.2921281158924103","0.2921281158924103","0.9300060868263245","0.9300060868263245","0.9300060868263245","168","168","168","0.6764536499977112","0.6764536499977112","0.6764536499977112","0.5943347811698914","0.5943347811698914","0.5943347811698914","0.7503095865249634","0.7503095865249634","0.7503095865249634"
"0.4294057025077293","","","","","","","","","","","","","","","","","","","","","","","","","","","","","","","","","","","","","","","","","","","","","","","","","177","177","177","0.677484393119812","0.677484393119812","0.677484393119812","0.30936866998672485","0.30936866998672485","0.30936866998672485","0.9261831045150757","0.9261831045150757","0.9261831045150757","175","175","175","0.677484393119812","0.677484393119812","0.677484393119812","0.5982624292373657","0.5982624292373657","0.5982624292373657","0.7514107823371887","0.7514107823371887","0.7514107823371887"
"0.43956043956043955","823","823","823","0.5501763820648193","0.5501763820648193","0.5501763820648193","0.27897903323173523","0.27897903323173523","0.27897903323173523","0.7945662140846252","0.7945662140846252","0.7945662140846252","823","823","823","0.5524765253067017","0.5524765253067017","0.5524765253067017","0.3924007713794708","0.3924007713794708","0.3924007713794708","0.7033973336219788","0.7033973336219788","0.7033973336219788","","","","","","","","","","","","","","","","","","","","","","","","","","","","","","","","","","","","","","","","","","","","","","","",""
"0.44181256436663235","","","","","","","","","","","","","","","","","","","","","","","","","235","235","235","0.6262614130973816","0.6262614130973816","0.6262614130973816","0.27492937445640564","0.27492937445640564","0.27492937445640564","0.8653983473777771","0.8653983473777771","0.8653983473777771","","","","","","","","","","","","","","","","","","","","","","","","","","","","","","","","","","","",""
"0.4418694476631904","","","","","","","","","","","","","","","","","","","","","","","","","","","","","","","","","","","","","235","235","235","0.6402885317802429","0.6402885317802429","0.6402885317802429","0.30507799983024597","0.30507799983024597","0.30507799983024597","0.8793609738349915","0.8793609738349915","0.8793609738349915","","","","","","","","","","","","","","","","","","","","","","","",""
"0.44658193060803847","","","","","","","","","","","","","","","","","","","","","","","","","","","","","","","","","","","","","","","","","","","","","","","","","184","184","184","0.682874321937561","0.682874321937561","0.682874321937561","0.3225789964199066","0.3225789964199066","0.3225789964199066","0.9281296730041504","0.9281296730041504","0.9281296730041504","182","182","182","0.682874321937561","0.682874321937561","0.682874321937561","0.6066426634788513","0.6066426634788513","0.6066426634788513","0.7529919743537903","0.7529919743537903","0.7529919743537903"
"0.46375815870834763","","","","","","","","","","","","","","","","","","","","","","","","","","","","","","","","","","","","","","","","","","","","","","","","","191","191","191","0.6820539236068726","0.6820539236068726","0.6820539236068726","0.346762478351593","0.346762478351593","0.346762478351593","0.9205547571182251","0.9205547571182251","0.9205547571182251","189","189","189","0.6820539236068726","0.6820539236068726","0.6820539236068726","0.6078060269355774","0.6078060269355774","0.6078060269355774","0.7507429718971252","0.7507429718971252","0.7507429718971252"
"0.4809343868086568","","","","","","","","","","","","","","","","","","","","","","","","","","","","","","","","","","","","","","","","","","","","","","","","","198","198","198","0.6839258074760437","0.6839258074760437","0.6839258074760437","0.3636471927165985","0.3636471927165985","0.3636471927165985","0.9166471362113953","0.9166471362113953","0.9166471362113953","196","196","196","0.6839258074760437","0.6839258074760437","0.6839258074760437","0.6149287819862366","0.6149287819862366","0.6149287819862366","0.744951605796814","0.744951605796814","0.744951605796814"
"0.4819773429454171","","","","","","","","","","","","","","","","","","","","","","","","","257","257","257","0.6394413709640503","0.6394413709640503","0.6394413709640503","0.2916839122772217","0.2916839122772217","0.2916839122772217","0.8677647113800049","0.8677647113800049","0.8677647113800049","","","","","","","","","","","","","","","","","","","","","","","","","","","","","","","","","","","",""
"0.4820393974507532","","","","","","","","","","","","","","","","","","","","","","","","","","","","","","","","","","","","","257","257","257","0.6475067138671875","0.6475067138671875","0.6475067138671875","0.2988207936286926","0.2988207936286926","0.2988207936286926","0.8867830038070679","0.8867830038070679","0.8867830038070679","","","","","","","","","","","","","","","","","","","","","","","",""
"0.4945054945054945","926","926","926","0.5511347055435181","0.5511347055435181","0.5511347055435181","0.28645873069763184","0.28645873069763184","0.28645873069763184","0.7900543212890625","0.7900543212890625","0.7900543212890625","926","926","926","0.5533158183097839","0.5533158183097839","0.5533158183097839","0.3974319398403168","0.3974319398403168","0.3974319398403168","0.700587272644043","0.700587272644043","0.700587272644043","","","","","","","","","","","","","","","","","","","","","","","","","","","","","","","","","","","","","","","","","","","","","","","",""
"0.49811061490896597","","","","","","","","","","","","","","","","","","","","","","","","","","","","","","","","","","","","","","","","","","","","","","","","","205","205","205","0.6853353381156921","0.6853353381156921","0.6853353381156921","0.3144317865371704","0.3144317865371704","0.3144317865371704","0.9296256303787231","0.9296256303787231","0.9296256303787231","203","203","203","0.6853353381156921","0.6853353381156921","0.6853353381156921","0.6083425283432007","0.6083425283432007","0.6083425283432007","0.7520747780799866","0.7520747780799866","0.7520747780799866"
"0.5152868430092752","","","","","","","","","","","","","","","","","","","","","","","","","","","","","","","","","","","","","","","","","","","","","","","","","212","212","212","0.6886663436889648","0.6886663436889648","0.6886663436889648","0.338595986366272","0.338595986366272","0.338595986366272","0.9221927523612976","0.9221927523612976","0.9221927523612976","210","210","210","0.6886663436889648","0.6886663436889648","0.6886663436889648","0.6179264783859253","0.6179264783859253","0.6179264783859253","0.7522544860839844","0.7522544860839844","0.7522544860839844"
"0.5221421215242018","","","","","","","","","","","","","","","","","","","","","","","","","278","278","278","0.6465018391609192","0.6465018391609192","0.6465018391609192","0.30273497104644775","0.30273497104644775","0.30273497104644775","0.8719908595085144","0.8719908595085144","0.8719908595085144","","","","","","","","","","","","","","","","","","","","","","","","","","","","","","","","","","","",""
"0.5222093472383159","","","","","","","","","","","","","","","","","","","","","","","","","","","","","","","","","","","","","278","278","278","0.6591958999633789","0.6591958999633789","0.6591958999633789","0.3160146176815033","0.3160146176815033","0.3160146176815033","0.8955485820770264","0.8955485820770264","0.8955485820770264","","","","","","","","","","","","","","","","","","","","","","","",""
"0.5324630711095844","","","","","","","","","","","","","","","","","","","","","","","","","","","","","","","","","","","","","","","","","","","","","","","","","219","219","219","0.6879795789718628","0.6879795789718628","0.6879795789718628","0.33766797184944153","0.33766797184944153","0.33766797184944153","0.9229282140731812","0.9229282140731812","0.9229282140731812","217","217","217","0.6879795789718628","0.6879795789718628","0.6879795789718628","0.6163188815116882","0.6163188815116882","0.6163188815116882","0.7524757385253906","0.7524757385253906","0.7524757385253906"
"0.5494505494505495","1029","1029","1029","0.5516237020492554","0.5516237020492554","0.5516237020492554","0.2925090789794922","0.2925090789794922","0.2925090789794922","0.785742461681366","0.785742461681366","0.785742461681366","1029","1029","1029","0.5536714792251587","0.5536714792251587","0.5536714792251587","0.4016023576259613","0.4016023576259613","0.4016023576259613","0.6973724961280823","0.6973724961280823","0.6973724961280823","","","","","","","","","","","","","","","","","","","","","","","","","","","","","","","","","","","","","","","","","","","","","","","",""
"0.5496392992098935","","","","","","","","","","","","","","","","","","","","","","","","","","","","","","","","","","","","","","","","","","","","","","","","","226","226","226","0.6845263242721558","0.6845263242721558","0.6845263242721558","0.3427603840827942","0.3427603840827942","0.3427603840827942","0.9205079078674316","0.9205079078674316","0.9205079078674316","224","224","224","0.6845263242721558","0.6845263242721558","0.6845263242721558","0.6160520911216736","0.6160520911216736","0.6160520911216736","0.7458227872848511","0.7458227872848511","0.7458227872848511"
"0.5623069001029866","","","","","","","","","","","","","","","","","","","","","","","","","300","300","300","0.6497352123260498","0.6497352123260498","0.6497352123260498","0.31073176860809326","0.31073176860809326","0.31073176860809326","0.8682782649993896","0.8682782649993896","0.8682782649993896","","","","","","","","","","","","","","","","","","","","","","","","","","","","","","","","","","","",""
"0.5623792970258787","","","","","","","","","","","","","","","","","","","","","","","","","","","","","","","","","","","","","300","300","300","0.6603294610977173","0.6603294610977173","0.6603294610977173","0.3234066665172577","0.3234066665172577","0.3234066665172577","0.8944649696350098","0.8944649696350098","0.8944649696350098","","","","","","","","","","","","","","","","","","","","","","","",""
"0.5668155273102027","","","","","","","","","","","","","","","","","","","","","","","","","","","","","","","","","","","","","","","","","","","","","","","","","233","233","233","0.6831402778625488","0.6831402778625488","0.6831402778625488","0.36645737290382385","0.36645737290382385","0.36645737290382385","0.9055435061454773","0.9055435061454773","0.9055435061454773","231","231","231","0.6831402778625488","0.6831402778625488","0.6831402778625488","0.6216976046562195","0.6216976046562195","0.6216976046562195","0.7402726411819458","0.7402726411819458","0.7402726411819458"
"0.5839917554105118","","","","","","","","","","","","","","","","","","","","","","","","","","","","","","","","","","","","","","","","","","","","","","","","","240","240","240","0.6893824338912964","0.6893824338912964","0.6893824338912964","0.3330713212490082","0.3330713212490082","0.3330713212490082","0.9256334900856018","0.9256334900856018","0.9256334900856018","238","238","238","0.6893824338912964","0.6893824338912964","0.6893824338912964","0.6179319620132446","0.6179319620132446","0.6179319620132446","0.7526494264602661","0.7526494264602661","0.7526494264602661"
"0.601167983510821","","","","","","","","","","","","","","","","","","","","","","","","","","","","","","","","","","","","","","","","","","","","","","","","","247","247","247","0.6750338077545166","0.6750338077545166","0.6750338077545166","0.3511894941329956","0.3511894941329956","0.3511894941329956","0.9131019115447998","0.9131019115447998","0.9131019115447998","245","245","245","0.6750338077545166","0.6750338077545166","0.6750338077545166","0.6106059551239014","0.6106059551239014","0.6106059551239014","0.7339583039283752","0.7339583039283752","0.7339583039283752"
"0.6024716786817713","","","","","","","","","","","","","","","","","","","","","","","","","321","321","321","0.6402084231376648","0.6402084231376648","0.6402084231376648","0.3030855357646942","0.3030855357646942","0.3030855357646942","0.8650432825088501","0.8650432825088501","0.8650432825088501","","","","","","","","","","","","","","","","","","","","","","","","","","","","","","","","","","","",""
"0.6025492468134415","","","","","","","","","","","","","","","","","","","","","","","","","","","","","","","","","","","","","321","321","321","0.6630638241767883","0.6630638241767883","0.6630638241767883","0.31805628538131714","0.31805628538131714","0.31805628538131714","0.8794152736663818","0.8794152736663818","0.8794152736663818","","","","","","","","","","","","","","","","","","","","","","","",""
"0.6043956043956044","1132","1132","1132","0.5534934997558594","0.5534934997558594","0.5534934997558594","0.2960812747478485","0.2960812747478485","0.2960812747478485","0.7851484417915344","0.7851484417915344","0.7851484417915344","1132","1132","1132","0.5560858845710754","0.5560858845710754","0.5560858845710754","0.4061017632484436","0.4061017632484436","0.4061017632484436","0.6975442171096802","0.6975442171096802","0.6975442171096802","","","","","","","","","","","","","","","","","","","","","","","","","","","","","","","","","","","","","","","","","","","","","","","",""
"0.6183442116111302","","","","","","","","","","","","","","","","","","","","","","","","","","","","","","","","","","","","","","","","","","","","","","","","","254","254","254","0.6808428168296814","0.6808428168296814","0.6808428168296814","0.34615007042884827","0.34615007042884827","0.34615007042884827","0.9241970777511597","0.9241970777511597","0.9241970777511597","252","252","252","0.6808428168296814","0.6808428168296814","0.6808428168296814","0.6110387444496155","0.6110387444496155","0.6110387444496155","0.7443395256996155","0.7443395256996155","0.7443395256996155"
"0.6355204397114393","","","","","","","","","","","","","","","","","","","","","","","","","","","","","","","","","","","","","","","","","","","","","","","","","261","261","261","0.6816312670707703","0.6816312670707703","0.6816312670707703","0.36653056740760803","0.36653056740760803","0.36653056740760803","0.908505380153656","0.908505380153656","0.908505380153656","259","259","259","0.6816312670707703","0.6816312670707703","0.6816312670707703","0.6203877329826355","0.6203877329826355","0.6203877329826355","0.7390038371086121","0.7390038371086121","0.7390038371086121"
"0.6426364572605562","","","","","","","","","","","","","","","","","","","","","","","","","343","343","343","0.6619172692298889","0.6619172692298889","0.6619172692298889","0.32751142978668213","0.32751142978668213","0.32751142978668213","0.875963032245636","0.875963032245636","0.875963032245636","","","","","","","","","","","","","","","","","","","","","","","","","","","","","","","","","","","",""
"0.6427191966010043","","","","","","","","","","","","","","","","","","","","","","","","","","","","","","","","","","","","","343","343","343","0.6486529111862183","0.6486529111862183","0.6486529111862183","0.3207588195800781","0.3207588195800781","0.3207588195800781","0.8563059568405151","0.8563059568405151","0.8563059568405151","","","","","","","","","","","","","","","","","","","","","","","",""
"0.6526966678117485","","","","","","","","","","","","","","","","","","","","","","","","","","","","","","","","","","","","","","","","","","","","","","","","","268","268","268","0.6811038851737976","0.6811038851737976","0.6811038851737976","0.3598581850528717","0.3598581850528717","0.3598581850528717","0.9111525416374207","0.9111525416374207","0.9111525416374207","266","266","266","0.6811038851737976","0.6811038851737976","0.6811038851737976","0.6180160641670227","0.6180160641670227","0.6180160641670227","0.7384159564971924","0.7384159564971924","0.7384159564971924"
"0.6593406593406593","1235","1235","1235","0.5549443960189819","0.5549443960189819","0.5549443960189819","0.3031938672065735","0.3031938672065735","0.3031938672065735","0.781441867351532","0.781441867351532","0.781441867351532","1235","1235","1235","0.5572064518928528","0.5572064518928528","0.5572064518928528","0.40885281562805176","0.40885281562805176","0.40885281562805176","0.6970118880271912","0.6970118880271912","0.6970118880271912","","","","","","","","","","","","","","","","","","","","","","","","","","","","","","","","","","","","","","","","","","","","","","","",""
"0.6698728959120577","","","","","","","","","","","","","","","","","","","","","","","","","","","","","","","","","","","","","","","","","","","","","","","","","275","275","275","0.6731867790222168","0.6731867790222168","0.6731867790222168","0.3520808517932892","0.3520808517932892","0.3520808517932892","0.9040030241012573","0.9040030241012573","0.9040030241012573","273","273","273","0.6731867790222168","0.6731867790222168","0.6731867790222168","0.6141341924667358","0.6141341924667358","0.6141341924667358","0.728386402130127","0.728386402130127","0.728386402130127"
"0.6828012358393409","","","","","","","","","","","","","","","","","","","","","","","","","364","364","364","0.6733989119529724","0.6733989119529724","0.6733989119529724","0.3383903205394745","0.3383903205394745","0.3383903205394745","0.8745676875114441","0.8745676875114441","0.8745676875114441","","","","","","","","","","","","","","","","","","","","","","","","","","","","","","","","","","","",""
"0.682889146388567","","","","","","","","","","","","","","","","","","","","","","","","","","","","","","","","","","","","","364","364","364","0.662371814250946","0.662371814250946","0.662371814250946","0.3601341247558594","0.3601341247558594","0.3601341247558594","0.8611032962799072","0.8611032962799072","0.8611032962799072","","","","","","","","","","","","","","","","","","","","","","","",""
"0.6870491240123668","","","","","","","","","","","","","","","","","","","","","","","","","","","","","","","","","","","","","","","","","","","","","","","","","282","282","282","0.6862148642539978","0.6862148642539978","0.6862148642539978","0.3520160913467407","0.3520160913467407","0.3520160913467407","0.9164513945579529","0.9164513945579529","0.9164513945579529","280","280","280","0.6862148642539978","0.6862148642539978","0.6862148642539978","0.6212501525878906","0.6212501525878906","0.6212501525878906","0.7457794547080994","0.7457794547080994","0.7457794547080994"
"0.704225352112676","","","","","","","","","","","","","","","","","","","","","","","","","","","","","","","","","","","","","","","","","","","","","","","","","289","289","289","0.6872643232345581","0.6872643232345581","0.6872643232345581","0.3808964192867279","0.3808964192867279","0.3808964192867279","0.8983985781669617","0.8983985781669617","0.8983985781669617","287","287","287","0.6872643232345581","0.6872643232345581","0.6872643232345581","0.6309182047843933","0.6309182047843933","0.6309182047843933","0.7385915517807007","0.7385915517807007","0.7385915517807007"
"0.7142857142857143","1338","1338","1338","0.5567873120307922","0.5567873120307922","0.5567873120307922","0.30784928798675537","0.30784928798675537","0.30784928798675537","0.7810145020484924","0.7810145020484924","0.7810145020484924","1338","1338","1338","0.5590836405754089","0.5590836405754089","0.5590836405754089","0.4140564203262329","0.4140564203262329","0.4140564203262329","0.6959524154663086","0.6959524154663086","0.6959524154663086","","","","","","","","","","","","","","","","","","","","","","","","","","","","","","","","","","","","","","","","","","","","","","","",""
"0.7214015802129853","","","","","","","","","","","","","","","","","","","","","","","","","","","","","","","","","","","","","","","","","","","","","","","","","296","296","296","0.6923626661300659","0.6923626661300659","0.6923626661300659","0.39028260111808777","0.39028260111808777","0.39028260111808777","0.8993377089500427","0.8993377089500427","0.8993377089500427","294","294","294","0.6923626661300659","0.6923626661300659","0.6923626661300659","0.6358559727668762","0.6358559727668762","0.6358559727668762","0.7419330477714539","0.7419330477714539","0.7419330477714539"
"0.7229660144181257","","","","","","","","","","","","","","","","","","","","","","","","","386","386","386","0.6728274822235107","0.6728274822235107","0.6728274822235107","0.34872710704803467","0.34872710704803467","0.34872710704803467","0.8723892569541931","0.8723892569541931","0.8723892569541931","","","","","","","","","","","","","","","","","","","","","","","","","","","","","","","","","","","",""
"0.7230590961761297","","","","","","","","","","","","","","","","","","","","","","","","","","","","","","","","","","","","","386","386","386","0.6499806642532349","0.6499806642532349","0.6499806642532349","0.31874793767929077","0.31874793767929077","0.31874793767929077","0.8679070472717285","0.8679070472717285","0.8679070472717285","","","","","","","","","","","","","","","","","","","","","","","",""
"0.7385778083132944","","","","","","","","","","","","","","","","","","","","","","","","","","","","","","","","","","","","","","","","","","","","","","","","","303","303","303","0.6842270493507385","0.6842270493507385","0.6842270493507385","0.38608232140541077","0.38608232140541077","0.38608232140541077","0.9060670137405396","0.9060670137405396","0.9060670137405396","301","301","301","0.6842270493507385","0.6842270493507385","0.6842270493507385","0.6266348361968994","0.6266348361968994","0.6266348361968994","0.7387840151786804","0.7387840151786804","0.7387840151786804"
"0.7557540364136036","","","","","","","","","","","","","","","","","","","","","","","","","","","","","","","","","","","","","","","","","","","","","","","","","310","310","310","0.6824477314949036","0.6824477314949036","0.6824477314949036","0.4062940180301666","0.4062940180301666","0.4062940180301666","0.890525758266449","0.890525758266449","0.890525758266449","308","308","308","0.6824477314949036","0.6824477314949036","0.6824477314949036","0.6296443343162537","0.6296443343162537","0.6296443343162537","0.7307851314544678","0.7307851314544678","0.7307851314544678"
"0.7631307929969104","","","","","","","","","","","","","","","","","","","","","","","","","407","407","407","0.6532658934593201","0.6532658934593201","0.6532658934593201","0.3245101273059845","0.3245101273059845","0.3245101273059845","0.8662962317466736","0.8662962317466736","0.8662962317466736","","","","","","","","","","","","","","","","","","","","","","","","","","","","","","","","","","","",""
"0.7632290459636926","","","","","","","","","","","","","","","","","","","","","","","","","","","","","","","","","","","","","407","407","407","0.6556433439254761","0.6556433439254761","0.6556433439254761","0.34256744384765625","0.34256744384765625","0.34256744384765625","0.8735595941543579","0.8735595941543579","0.8735595941543579","","","","","","","","","","","","","","","","","","","","","","","",""
"0.7692307692307693","1441","1441","1441","0.556171715259552","0.556171715259552","0.556171715259552","0.311795711517334","0.311795711517334","0.311795711517334","0.7765177488327026","0.7765177488327026","0.7765177488327026","1441","1441","1441","0.5585612654685974","0.5585612654685974","0.5585612654685974","0.41550180315971375","0.41550180315971375","0.41550180315971375","0.693477213382721","0.693477213382721","0.693477213382721","","","","","","","","","","","","","","","","","","","","","","","","","","","","","","","","","","","","","","","","","","","","","","","",""
"0.7729302645139128","","","","","","","","","","","","","","","","","","","","","","","","","","","","","","","","","","","","","","","","","","","","","","","","","317","317","317","0.6776731610298157","0.6776731610298157","0.6776731610298157","0.37554264068603516","0.37554264068603516","0.37554264068603516","0.8964356780052185","0.8964356780052185","0.8964356780052185","315","315","315","0.6776731610298157","0.6776731610298157","0.6776731610298157","0.6200113296508789","0.6200113296508789","0.6200113296508789","0.7299631834030151","0.7299631834030151","0.7299631834030151"
"0.790106492614222","","","","","","","","","","","","","","","","","","","","","","","","","","","","","","","","","","","","","","","","","","","","","","","","","324","324","324","0.6795505285263062","0.6795505285263062","0.6795505285263062","0.39482027292251587","0.39482027292251587","0.39482027292251587","0.8925186395645142","0.8925186395645142","0.8925186395645142","322","322","322","0.6795505285263062","0.6795505285263062","0.6795505285263062","0.6241753101348877","0.6241753101348877","0.6241753101348877","0.730396032333374","0.730396032333374","0.730396032333374"
"0.8032955715756952","","","","","","","","","","","","","","","","","","","","","","","","","429","429","429","0.68170166015625","0.68170166015625","0.68170166015625","0.361458957195282","0.361458957195282","0.361458957195282","0.8717465996742249","0.8717465996742249","0.8717465996742249","","","","","","","","","","","","","","","","","","","","","","","","","","","","","","","","","","","",""
"0.8033989957512553","","","","","","","","","","","","","","","","","","","","","","","","","","","","","","","","","","","","","429","429","429","0.6361287236213684","0.6361287236213684","0.6361287236213684","0.32304611802101135","0.32304611802101135","0.32304611802101135","0.8715614676475525","0.8715614676475525","0.8715614676475525","","","","","","","","","","","","","","","","","","","","","","","",""
"0.8072827207145311","","","","","","","","","","","","","","","","","","","","","","","","","","","","","","","","","","","","","","","","","","","","","","","","","331","331","331","0.6762198805809021","0.6762198805809021","0.6762198805809021","0.40080776810646057","0.40080776810646057","0.40080776810646057","0.8937777876853943","0.8937777876853943","0.8937777876853943","329","329","329","0.6762198805809021","0.6762198805809021","0.6762198805809021","0.6232339143753052","0.6232339143753052","0.6232339143753052","0.7271373867988586","0.7271373867988586","0.7271373867988586"
"0.8241758241758241","1544","1544","1544","0.5563010573387146","0.5563010573387146","0.5563010573387146","0.31464120745658875","0.31464120745658875","0.31464120745658875","0.7743308544158936","0.7743308544158936","0.7743308544158936","1544","1544","1544","0.5586725473403931","0.5586725473403931","0.5586725473403931","0.4163709580898285","0.4163709580898285","0.4163709580898285","0.6930014491081238","0.6930014491081238","0.6930014491081238","","","","","","","","","","","","","","","","","","","","","","","","","","","","","","","","","","","","","","","","","","","","","","","",""
"0.8244589488148403","","","","","","","","","","","","","","","","","","","","","","","","","","","","","","","","","","","","","","","","","","","","","","","","","338","338","338","0.6782882809638977","0.6782882809638977","0.6782882809638977","0.3902129828929901","0.3902129828929901","0.3902129828929901","0.8959860801696777","0.8959860801696777","0.8959860801696777","336","336","336","0.6782882809638977","0.6782882809638977","0.6782882809638977","0.6256940364837646","0.6256940364837646","0.6256940364837646","0.7275301814079285","0.7275301814079285","0.7275301814079285"
"0.8416351769151494","","","","","","","","","","","","","","","","","","","","","","","","","","","","","","","","","","","","","","","","","","","","","","","","","345","345","345","0.6811126470565796","0.6811126470565796","0.6811126470565796","0.4135996699333191","0.4135996699333191","0.4135996699333191","0.8866117596626282","0.8866117596626282","0.8866117596626282","343","343","343","0.6811126470565796","0.6811126470565796","0.6811126470565796","0.6313580274581909","0.6313580274581909","0.6313580274581909","0.7281544804573059","0.7281544804573059","0.7281544804573059"
"0.84346035015448","","","","","","","","","","","","","","","","","","","","","","","","","450","450","450","0.6590455174446106","0.6590455174446106","0.6590455174446106","0.33186912536621094","0.33186912536621094","0.33186912536621094","0.8652875423431396","0.8652875423431396","0.8652875423431396","","","","","","","","","","","","","","","","","","","","","","","","","","","","","","","","","","","",""
"0.8435689455388181","","","","","","","","","","","","","","","","","","","","","","","","","","","","","","","","","","","","","450","450","450","0.6525817513465881","0.6525817513465881","0.6525817513465881","0.3597169518470764","0.3597169518470764","0.3597169518470764","0.8628445863723755","0.8628445863723755","0.8628445863723755","","","","","","","","","","","","","","","","","","","","","","","",""
"0.8588114050154586","","","","","","","","","","","","","","","","","","","","","","","","","","","","","","","","","","","","","","","","","","","","","","","","","352","352","352","0.6802448034286499","0.6802448034286499","0.6802448034286499","0.4215223789215088","0.4215223789215088","0.4215223789215088","0.8836080431938171","0.8836080431938171","0.8836080431938171","350","350","350","0.6802448034286499","0.6802448034286499","0.6802448034286499","0.6314849853515625","0.6314849853515625","0.6314849853515625","0.7271956205368042","0.7271956205368042","0.7271956205368042"
"0.8759876331157678","","","","","","","","","","","","","","","","","","","","","","","","","","","","","","","","","","","","","","","","","","","","","","","","","359","359","359","0.6816802620887756","0.6816802620887756","0.6816802620887756","0.38725757598876953","0.38725757598876953","0.38725757598876953","0.8858495950698853","0.8858495950698853","0.8858495950698853","357","357","357","0.6816802620887756","0.6816802620887756","0.6816802620887756","0.6278571486473083","0.6278571486473083","0.6278571486473083","0.730524480342865","0.730524480342865","0.730524480342865"
"0.8791208791208791","1647","1647","1647","0.5564484000205994","0.5564484000205994","0.5564484000205994","0.31829437613487244","0.31829437613487244","0.31829437613487244","0.7717905640602112","0.7717905640602112","0.7717905640602112","1647","1647","1647","0.5587876439094543","0.5587876439094543","0.5587876439094543","0.41984859108924866","0.41984859108924866","0.41984859108924866","0.6902754902839661","0.6902754902839661","0.6902754902839661","","","","","","","","","","","","","","","","","","","","","","","","","","","","","","","","","","","","","","","","","","","","","","","",""
"0.8836251287332647","","","","","","","","","","","","","","","","","","","","","","","","","472","472","472","0.6584725379943848","0.6584725379943848","0.6584725379943848","0.3310225009918213","0.3310225009918213","0.3310225009918213","0.8623244762420654","0.8623244762420654","0.8623244762420654","","","","","","","","","","","","","","","","","","","","","","","","","","","","","","","","","","","",""
"0.8837388953263808","","","","","","","","","","","","","","","","","","","","","","","","","","","","","","","","","","","","","472","472","472","0.6591665744781494","0.6591665744781494","0.6591665744781494","0.34416377544403076","0.34416377544403076","0.34416377544403076","0.8747571110725403","0.8747571110725403","0.8747571110725403","","","","","","","","","","","","","","","","","","","","","","","",""
"0.8931638612160769","","","","","","","","","","","","","","","","","","","","","","","","","","","","","","","","","","","","","","","","","","","","","","","","","366","366","366","0.6849926710128784","0.6849926710128784","0.6849926710128784","0.4078173041343689","0.4078173041343689","0.4078173041343689","0.8835514187812805","0.8835514187812805","0.8835514187812805","364","364","364","0.6849926710128784","0.6849926710128784","0.6849926710128784","0.6355805397033691","0.6355805397033691","0.6355805397033691","0.7307060956954956","0.7307060956954956","0.7307060956954956"
"0.9103400893163861","","","","","","","","","","","","","","","","","","","","","","","","","","","","","","","","","","","","","","","","","","","","","","","","","373","373","373","0.6679646372795105","0.6679646372795105","0.6679646372795105","0.38304513692855835","0.38304513692855835","0.38304513692855835","0.877051830291748","0.877051830291748","0.877051830291748","371","371","371","0.6679646372795105","0.6679646372795105","0.6679646372795105","0.6187240481376648","0.6187240481376648","0.6187240481376648","0.714497447013855","0.714497447013855","0.714497447013855"
"0.9237899073120495","","","","","","","","","","","","","","","","","","","","","","","","","493","493","493","0.6501827239990234","0.6501827239990234","0.6501827239990234","0.3206252455711365","0.3206252455711365","0.3206252455711365","0.8618736863136292","0.8618736863136292","0.8618736863136292","","","","","","","","","","","","","","","","","","","","","","","","","","","","","","","","","","","",""
"0.9239088451139436","","","","","","","","","","","","","","","","","","","","","","","","","","","","","","","","","","","","","493","493","493","0.6490625143051147","0.6490625143051147","0.6490625143051147","0.33261626958847046","0.33261626958847046","0.33261626958847046","0.8685054779052734","0.8685054779052734","0.8685054779052734","","","","","","","","","","","","","","","","","","","","","","","",""
"0.9275163174166953","","","","","","","","","","","","","","","","","","","","","","","","","","","","","","","","","","","","","","","","","","","","","","","","","380","380","380","0.6755660772323608","0.6755660772323608","0.6755660772323608","0.4047858715057373","0.4047858715057373","0.4047858715057373","0.8809951543807983","0.8809951543807983","0.8809951543807983","378","378","378","0.6755660772323608","0.6755660772323608","0.6755660772323608","0.6259532570838928","0.6259532570838928","0.6259532570838928","0.7219646573066711","0.7219646573066711","0.7219646573066711"
"0.9340659340659341","1750","1750","1750","0.556367814540863","0.556367814540863","0.556367814540863","0.32167214155197144","0.32167214155197144","0.32167214155197144","0.7688676118850708","0.7688676118850708","0.7688676118850708","1750","1750","1750","0.5584553480148315","0.5584553480148315","0.5584553480148315","0.4204176366329193","0.4204176366329193","0.4204176366329193","0.6892251372337341","0.6892251372337341","0.6892251372337341","","","","","","","","","","","","","","","","","","","","","","","","","","","","","","","","","","","","","","","","","","","","","","","",""
"0.9446925455170044","","","","","","","","","","","","","","","","","","","","","","","","","","","","","","","","","","","","","","","","","","","","","","","","","387","387","387","0.6794226169586182","0.6794226169586182","0.6794226169586182","0.4187917113304138","0.4187917113304138","0.4187917113304138","0.874652087688446","0.874652087688446","0.874652087688446","385","385","385","0.6794226169586182","0.6794226169586182","0.6794226169586182","0.6325328350067139","0.6325328350067139","0.6325328350067139","0.7227708101272583","0.7227708101272583","0.7227708101272583"
"0.9618687736173136","","","","","","","","","","","","","","","","","","","","","","","","","","","","","","","","","","","","","","","","","","","","","","","","","394","394","394","0.6780092120170593","0.6780092120170593","0.6780092120170593","0.4035419523715973","0.4035419523715973","0.4035419523715973","0.8852120041847229","0.8852120041847229","0.8852120041847229","392","392","392","0.6780092120170593","0.6780092120170593","0.6780092120170593","0.628115713596344","0.628115713596344","0.628115713596344","0.7244208455085754","0.7244208455085754","0.7244208455085754"
"0.9639546858908342","","","","","","","","","","","","","","","","","","","","","","","","","515","515","515","0.6430392265319824","0.6430392265319824","0.6430392265319824","0.320068895816803","0.320068895816803","0.320068895816803","0.8620731234550476","0.8620731234550476","0.8620731234550476","","","","","","","","","","","","","","","","","","","","","","","","","","","","","","","","","","","",""
"0.9640787949015064","","","","","","","","","","","","","","","","","","","","","","","","","","","","","","","","","","","","","515","515","515","0.6447204351425171","0.6447204351425171","0.6447204351425171","0.34324777126312256","0.34324777126312256","0.34324777126312256","0.8539949059486389","0.8539949059486389","0.8539949059486389","","","","","","","","","","","","","","","","","","","","","","","",""
"0.9790450017176228","","","","","","","","","","","","","","","","","","","","","","","","","","","","","","","","","","","","","","","","","","","","","","","","","401","401","401","0.6779090762138367","0.6779090762138367","0.6779090762138367","0.3999272286891937","0.3999272286891937","0.3999272286891937","0.8804824352264404","0.8804824352264404","0.8804824352264404","399","399","399","0.6779090762138367","0.6779090762138367","0.6779090762138367","0.629353404045105","0.629353404045105","0.629353404045105","0.7222245931625366","0.7222245931625366","0.7222245931625366"
"0.989010989010989","1853","1853","1853","0.5582126379013062","0.5582126379013062","0.5582126379013062","0.32446977496147156","0.32446977496147156","0.32446977496147156","0.7694764733314514","0.7694764733314514","0.7694764733314514","1853","1853","1853","0.5601780414581299","0.5601780414581299","0.5601780414581299","0.42301514744758606","0.42301514744758606","0.42301514744758606","0.6898834705352783","0.6898834705352783","0.6898834705352783","","","","","","","","","","","","","","","","","","","","","","","","","","","","","","","","","","","","","","","","","","","","","","","",""
"0.9962212298179319","","","","","","","","","","","","","","","","","","","","","","","","","","","","","","","","","","","","","","","","","","","","","","","","","408","408","408","0.6783431172370911","0.6783431172370911","0.6783431172370911","0.41172924637794495","0.41172924637794495","0.41172924637794495","0.8826904892921448","0.8826904892921448","0.8826904892921448","406","406","406","0.6783431172370911","0.6783431172370911","0.6783431172370911","0.62999027967453","0.62999027967453","0.62999027967453","0.7225784659385681","0.7225784659385681","0.7225784659385681"
"1.004119464469619","","","","","","","","","","","","","","","","","","","","","","","","","536","536","536","0.6329999566078186","0.6329999566078186","0.6329999566078186","0.30375221371650696","0.30375221371650696","0.30375221371650696","0.8566585779190063","0.8566585779190063","0.8566585779190063","","","","","","","","","","","","","","","","","","","","","","","","","","","","","","","","","","","",""
"1.0041199948500064","","","","","","","","","","","","","","","","","","","","","","","","","","","","","","","","","","","","","536","536","536","0.6582629680633545","0.6582629680633545","0.6582629680633545","0.34736502170562744","0.34736502170562744","0.34736502170562744","0.8600919246673584","0.8600919246673584","0.8600919246673584","","","","","","","","","","","","","","","","","","","","","","","",""
"1.0133974579182412","","","","","","","","","","","","","","","","","","","","","","","","","","","","","","","","","","","","","","","","","","","","","","","","","415","415","415","0.6780780553817749","0.6780780553817749","0.6780780553817749","0.40812253952026367","0.40812253952026367","0.40812253952026367","0.8833988308906555","0.8833988308906555","0.8833988308906555","413","413","413","0.6780780553817749","0.6780780553817749","0.6780780553817749","0.6280981302261353","0.6280981302261353","0.6280981302261353","0.7242416739463806","0.7242416739463806","0.7242416739463806"
"1.0305736860185504","","","","","","","","","","","","","","","","","","","","","","","","","","","","","","","","","","","","","","","","","","","","","","","","","422","422","422","0.6817082762718201","0.6817082762718201","0.6817082762718201","0.4211322069168091","0.4211322069168091","0.4211322069168091","0.8790470361709595","0.8790470361709595","0.8790470361709595","420","420","420","0.6817082762718201","0.6817082762718201","0.6817082762718201","0.6344032287597656","0.6344032287597656","0.6344032287597656","0.725237250328064","0.725237250328064","0.725237250328064"
"1.043956043956044","1956","1956","1956","0.5581666231155396","0.5581666231155396","0.5581666231155396","0.32719099521636963","0.32719099521636963","0.32719099521636963","0.7671030163764954","0.7671030163764954","0.7671030163764954","1956","1956","1956","0.5606334805488586","0.5606334805488586","0.5606334805488586","0.4242120683193207","0.4242120683193207","0.4242120683193207","0.6895979642868042","0.6895979642868042","0.6895979642868042","","","","","","","","","","","","","","","","","","","","","","","","","","","","","","","","","","","","","","","","","","","","","","","",""
"1.0442842430484036","","","","","","","","","","","","","","","","","","","","","","","","","558","558","558","0.6603317260742188","0.6603317260742188","0.6603317260742188","0.3480086028575897","0.3480086028575897","0.3480086028575897","0.8681893348693848","0.8681893348693848","0.8681893348693848","","","","","","","","","","","","","","","","","","","","","","","","","","","","","","","","","","","",""
"1.0442899446375693","","","","","","","","","","","","","","","","","","","","","","","","","","","","","","","","","","","","","558","558","558","0.6808419227600098","0.6808419227600098","0.6808419227600098","0.4257214665412903","0.4257214665412903","0.4257214665412903","0.8540716767311096","0.8540716767311096","0.8540716767311096","","","","","","","","","","","","","","","","","","","","","","","",""
"1.0477499141188595","","","","","","","","","","","","","","","","","","","","","","","","","","","","","","","","","","","","","","","","","","","","","","","","","429","429","429","0.6806364059448242","0.6806364059448242","0.6806364059448242","0.4184941351413727","0.4184941351413727","0.4184941351413727","0.8777628540992737","0.8777628540992737","0.8777628540992737","427","427","427","0.6806364059448242","0.6806364059448242","0.6806364059448242","0.6327179670333862","0.6327179670333862","0.6327179670333862","0.7249982357025146","0.7249982357025146","0.7249982357025146"
"1.0649261422191687","","","","","","","","","","","","","","","","","","","","","","","","","","","","","","","","","","","","","","","","","","","","","","","","","436","436","436","0.6761427521705627","0.6761427521705627","0.6761427521705627","0.4230182468891144","0.4230182468891144","0.4230182468891144","0.8783460259437561","0.8783460259437561","0.8783460259437561","434","434","434","0.6761427521705627","0.6761427521705627","0.6761427521705627","0.6301788091659546","0.6301788091659546","0.6301788091659546","0.7195854187011719","0.7195854187011719","0.7195854187011719"
"1.0821023703194779","","","","","","","","","","","","","","","","","","","","","","","","","","","","","","","","","","","","","","","","","","","","","","","","","443","443","443","0.6803950667381287","0.6803950667381287","0.6803950667381287","0.4150429368019104","0.4150429368019104","0.4150429368019104","0.880110502243042","0.880110502243042","0.880110502243042","441","441","441","0.6803950667381287","0.6803950667381287","0.6803950667381287","0.6343277096748352","0.6343277096748352","0.6343277096748352","0.7230308651924133","0.7230308651924133","0.7230308651924133"
"1.0844490216271885","","","","","","","","","","","","","","","","","","","","","","","","","579","579","579","0.6412040591239929","0.6412040591239929","0.6412040591239929","0.3255625367164612","0.3255625367164612","0.3255625367164612","0.8559705018997192","0.8559705018997192","0.8559705018997192","","","","","","","","","","","","","","","","","","","","","","","","","","","","","","","","","","","",""
"1.084459894425132","","","","","","","","","","","","","","","","","","","","","","","","","","","","","","","","","","","","","579","579","579","0.6670387983322144","0.6670387983322144","0.6670387983322144","0.4021705389022827","0.4021705389022827","0.4021705389022827","0.8580666184425354","0.8580666184425354","0.8580666184425354","","","","","","","","","","","","","","","","","","","","","","","",""
"1.098901098901099","2059","2059","2059","0.5595422983169556","0.5595422983169556","0.5595422983169556","0.33046671748161316","0.33046671748161316","0.33046671748161316","0.7663935422897339","0.7663935422897339","0.7663935422897339","2059","2059","2059","0.5618038177490234","0.5618038177490234","0.5618038177490234","0.42654240131378174","0.42654240131378174","0.42654240131378174","0.6896108388900757","0.6896108388900757","0.6896108388900757","","","","","","","","","","","","","","","","","","","","","","","","","","","","","","","","","","","","","","","","","","","","","","","",""
"1.099278598419787","","","","","","","","","","","","","","","","","","","","","","","","","","","","","","","","","","","","","","","","","","","","","","","","","450","450","450","0.6804386377334595","0.6804386377334595","0.6804386377334595","0.4253997504711151","0.4253997504711151","0.4253997504711151","0.878250002861023","0.878250002861023","0.878250002861023","448","448","448","0.6804386377334595","0.6804386377334595","0.6804386377334595","0.6335752010345459","0.6335752010345459","0.6335752010345459","0.7238155007362366","0.7238155007362366","0.7238155007362366"
"1.1164548265200962","","","","","","","","","","","","","","","","","","","","","","","","","","","","","","","","","","","","","","","","","","","","","","","","","457","457","457","0.6797254085540771","0.6797254085540771","0.6797254085540771","0.44898152351379395","0.44898152351379395","0.44898152351379395","0.8667822480201721","0.8667822480201721","0.8667822480201721","455","455","455","0.6797254085540771","0.6797254085540771","0.6797254085540771","0.6367866396903992","0.6367866396903992","0.6367866396903992","0.7199974656105042","0.7199974656105042","0.7199974656105042"
"1.1246138002059731","","","","","","","","","","","","","","","","","","","","","","","","","601","601","601","0.6705893278121948","0.6705893278121948","0.6705893278121948","0.36180955171585083","0.36180955171585083","0.36180955171585083","0.8700116276741028","0.8700116276741028","0.8700116276741028","","","","","","","","","","","","","","","","","","","","","","","","","","","","","","","","","","","",""
"1.1246298442126947","","","","","","","","","","","","","","","","","","","","","","","","","","","","","","","","","","","","","601","601","601","0.682032585144043","0.682032585144043","0.682032585144043","0.43374860286712646","0.43374860286712646","0.43374860286712646","0.8435285091400146","0.8435285091400146","0.8435285091400146","","","","","","","","","","","","","","","","","","","","","","","",""
"1.1336310546204054","","","","","","","","","","","","","","","","","","","","","","","","","","","","","","","","","","","","","","","","","","","","","","","","","464","464","464","0.6833379864692688","0.6833379864692688","0.6833379864692688","0.4414658844470978","0.4414658844470978","0.4414658844470978","0.8670997023582458","0.8670997023582458","0.8670997023582458","462","462","462","0.6833379864692688","0.6833379864692688","0.6833379864692688","0.6420000791549683","0.6420000791549683","0.6420000791549683","0.722277820110321","0.722277820110321","0.722277820110321"
"1.1508072827207145","","","","","","","","","","","","","","","","","","","","","","","","","","","","","","","","","","","","","","","","","","","","","","","","","471","471","471","0.6851167678833008","0.6851167678833008","0.6851167678833008","0.43299224972724915","0.43299224972724915","0.43299224972724915","0.8644712567329407","0.8644712567329407","0.8644712567329407","469","469","469","0.6851167678833008","0.6851167678833008","0.6851167678833008","0.6418601274490356","0.6418601274490356","0.6418601274490356","0.7247537970542908","0.7247537970542908","0.7247537970542908"
"1.1538461538461537","2162","2162","2162","0.5585972666740417","0.5585972666740417","0.5585972666740417","0.332722932100296","0.332722932100296","0.332722932100296","0.7632190585136414","0.7632190585136414","0.7632190585136414","2162","2162","2162","0.5604514479637146","0.5604514479637146","0.5604514479637146","0.42610102891921997","0.42610102891921997","0.42610102891921997","0.687541127204895","0.687541127204895","0.687541127204895","","","","","","","","","","","","","","","","","","","","","","","","","","","","","","","","","","","","","","","","","","","","","","","",""
"1.164778578784758","","","","","","","","","","","","","","","","","","","","","","","","","622","622","622","0.6316344738006592","0.6316344738006592","0.6316344738006592","0.3198869526386261","0.3198869526386261","0.3198869526386261","0.8516495823860168","0.8516495823860168","0.8516495823860168","","","","","","","","","","","","","","","","","","","","","","","","","","","","","","","","","","","",""
"1.1647997940002575","","","","","","","","","","","","","","","","","","","","","","","","","","","","","","","","","","","","","622","622","622","0.6940293312072754","0.6940293312072754","0.6940293312072754","0.4383107125759125","0.4383107125759125","0.4383107125759125","0.851753830909729","0.851753830909729","0.851753830909729","","","","","","","","","","","","","","","","","","","","","","","",""
"1.1679835108210237","","","","","","","","","","","","","","","","","","","","","","","","","","","","","","","","","","","","","","","","","","","","","","","","","478","478","478","0.6770021915435791","0.6770021915435791","0.6770021915435791","0.43137815594673157","0.43137815594673157","0.43137815594673157","0.8725200891494751","0.8725200891494751","0.8725200891494751","476","476","476","0.6770021915435791","0.6770021915435791","0.6770021915435791","0.6314643025398254","0.6314643025398254","0.6314643025398254","0.7204617261886597","0.7204617261886597","0.7204617261886597"
"1.1851597389213329","","","","","","","","","","","","","","","","","","","","","","","","","","","","","","","","","","","","","","","","","","","","","","","","","485","485","485","0.68062424659729","0.68062424659729","0.68062424659729","0.4391930103302002","0.4391930103302002","0.4391930103302002","0.8683884739875793","0.8683884739875793","0.8683884739875793","483","483","483","0.68062424659729","0.68062424659729","0.68062424659729","0.6372665762901306","0.6372665762901306","0.6372665762901306","0.7210076451301575","0.7210076451301575","0.7210076451301575"
"1.202335967021642","","","","","","","","","","","","","","","","","","","","","","","","","","","","","","","","","","","","","","","","","","","","","","","","","492","492","492","0.6791377663612366","0.6791377663612366","0.6791377663612366","0.4420454502105713","0.4420454502105713","0.4420454502105713","0.8623905777931213","0.8623905777931213","0.8623905777931213","490","490","490","0.6791377663612366","0.6791377663612366","0.6791377663612366","0.636860191822052","0.636860191822052","0.636860191822052","0.7182966470718384","0.7182966470718384","0.7182966470718384"
"1.2049433573635429","","","","","","","","","","","","","","","","","","","","","","","","","644","644","644","0.6650859117507935","0.6650859117507935","0.6650859117507935","0.3567374646663666","0.3567374646663666","0.3567374646663666","0.8641548156738281","0.8641548156738281","0.8641548156738281","","","","","","","","","","","","","","","","","","","","","","","","","","","","","","","","","","","",""
"1.2049697437878202","","","","","","","","","","","","","","","","","","","","","","","","","","","","","","","","","","","","","644","644","644","0.6894466876983643","0.6894466876983643","0.6894466876983643","0.4395797550678253","0.4395797550678253","0.4395797550678253","0.850178599357605","0.850178599357605","0.850178599357605","","","","","","","","","","","","","","","","","","","","","","","",""
"1.2087912087912087","2265","2265","2265","0.5603315234184265","0.5603315234184265","0.5603315234184265","0.3366614878177643","0.3366614878177643","0.3366614878177643","0.7624964714050293","0.7624964714050293","0.7624964714050293","2265","2265","2265","0.5621857047080994","0.5621857047080994","0.5621857047080994","0.43001672625541687","0.43001672625541687","0.43001672625541687","0.6870514750480652","0.6870514750480652","0.6870514750480652","","","","","","","","","","","","","","","","","","","","","","","","","","","","","","","","","","","","","","","","","","","","","","","",""
"1.2195121951219512","","","","","","","","","","","","","","","","","","","","","","","","","","","","","","","","","","","","","","","","","","","","","","","","","499","499","499","0.6786415576934814","0.6786415576934814","0.6786415576934814","0.43543553352355957","0.43543553352355957","0.43543553352355957","0.8662011027336121","0.8662011027336121","0.8662011027336121","497","497","497","0.6786415576934814","0.6786415576934814","0.6786415576934814","0.6347159147262573","0.6347159147262573","0.6347159147262573","0.7194104790687561","0.7194104790687561","0.7194104790687561"
"1.2366884232222604","","","","","","","","","","","","","","","","","","","","","","","","","","","","","","","","","","","","","","","","","","","","","","","","","506","506","506","0.6816350817680359","0.6816350817680359","0.6816350817680359","0.442461222410202","0.442461222410202","0.442461222410202","0.8683174848556519","0.8683174848556519","0.8683174848556519","504","504","504","0.6816350817680359","0.6816350817680359","0.6816350817680359","0.6379951238632202","0.6379951238632202","0.6379951238632202","0.722444474697113","0.722444474697113","0.722444474697113"
"1.2451081359423275","","","","","","","","","","","","","","","","","","","","","","","","","665","665","665","0.6690943241119385","0.6690943241119385","0.6690943241119385","0.36680588126182556","0.36680588126182556","0.36680588126182556","0.8619911074638367","0.8619911074638367","0.8619911074638367","","","","","","","","","","","","","","","","","","","","","","","","","","","","","","","","","","","",""
"1.2451396935753831","","","","","","","","","","","","","","","","","","","","","","","","","","","","","","","","","","","","","665","665","665","0.7006911635398865","0.7006911635398865","0.7006911635398865","0.45902663469314575","0.45902663469314575","0.45902663469314575","0.8509228825569153","0.8509228825569153","0.8509228825569153","","","","","","","","","","","","","","","","","","","","","","","",""
"1.2538646513225695","","","","","","","","","","","","","","","","","","","","","","","","","","","","","","","","","","","","","","","","","","","","","","","","","513","513","513","0.6790760159492493","0.6790760159492493","0.6790760159492493","0.4366477429866791","0.4366477429866791","0.4366477429866791","0.8697025179862976","0.8697025179862976","0.8697025179862976","511","511","511","0.6790760159492493","0.6790760159492493","0.6790760159492493","0.6353241801261902","0.6353241801261902","0.6353241801261902","0.7208511829376221","0.7208511829376221","0.7208511829376221"
"1.2637362637362637","2368","2368","2368","0.561490535736084","0.561490535736084","0.561490535736084","0.3391590416431427","0.3391590416431427","0.3391590416431427","0.7624115943908691","0.7624115943908691","0.7624115943908691","2368","2368","2368","0.5636325478553772","0.5636325478553772","0.5636325478553772","0.4327421486377716","0.4327421486377716","0.4327421486377716","0.6872947812080383","0.6872947812080383","0.6872947812080383","","","","","","","","","","","","","","","","","","","","","","","","","","","","","","","","","","","","","","","","","","","","","","","",""
"1.2710408794228787","","","","","","","","","","","","","","","","","","","","","","","","","","","","","","","","","","","","","","","","","","","","","","","","","520","520","520","0.6805634498596191","0.6805634498596191","0.6805634498596191","0.4373892843723297","0.4373892843723297","0.4373892843723297","0.8708403706550598","0.8708403706550598","0.8708403706550598","518","518","518","0.6805634498596191","0.6805634498596191","0.6805634498596191","0.6357437372207642","0.6357437372207642","0.6357437372207642","0.7234513759613037","0.7234513759613037","0.7234513759613037"
"1.2852729145211121","","","","","","","","","","","","","","","","","","","","","","","","","687","687","687","0.6631039977073669","0.6631039977073669","0.6631039977073669","0.35853859782218933","0.35853859782218933","0.35853859782218933","0.8654074668884277","0.8654074668884277","0.8654074668884277","","","","","","","","","","","","","","","","","","","","","","","","","","","","","","","","","","","",""
"1.2853096433629458","","","","","","","","","","","","","","","","","","","","","","","","","","","","","","","","","","","","","687","687","687","0.6818109750747681","0.6818109750747681","0.6818109750747681","0.423397034406662","0.423397034406662","0.423397034406662","0.8605062961578369","0.8605062961578369","0.8605062961578369","","","","","","","","","","","","","","","","","","","","","","","",""
"1.2882171075231879","","","","","","","","","","","","","","","","","","","","","","","","","","","","","","","","","","","","","","","","","","","","","","","","","527","527","527","0.6813980340957642","0.6813980340957642","0.6813980340957642","0.44027024507522583","0.44027024507522583","0.44027024507522583","0.8688860535621643","0.8688860535621643","0.8688860535621643","525","525","525","0.6813980340957642","0.6813980340957642","0.6813980340957642","0.6384557485580444","0.6384557485580444","0.6384557485580444","0.7215620875358582","0.7215620875358582","0.7215620875358582"
"1.305393335623497","","","","","","","","","","","","","","","","","","","","","","","","","","","","","","","","","","","","","","","","","","","","","","","","","534","534","534","0.682160496711731","0.682160496711731","0.682160496711731","0.4438668191432953","0.4438668191432953","0.4438668191432953","0.8667881488800049","0.8667881488800049","0.8667881488800049","532","532","532","0.682160496711731","0.682160496711731","0.682160496711731","0.6399115324020386","0.6399115324020386","0.6399115324020386","0.7218681573867798","0.7218681573867798","0.7218681573867798"
"1.3186813186813187","2471","2471","2471","0.5620232820510864","0.5620232820510864","0.5620232820510864","0.34280797839164734","0.34280797839164734","0.34280797839164734","0.759996235370636","0.759996235370636","0.759996235370636","2471","2471","2471","0.5641372799873352","0.5641372799873352","0.5641372799873352","0.4347262978553772","0.4347262978553772","0.4347262978553772","0.6862868666648865","0.6862868666648865","0.6862868666648865","","","","","","","","","","","","","","","","","","","","","","","","","","","","","","","","","","","","","","","","","","","","","","","",""
"1.3225695637238062","","","","","","","","","","","","","","","","","","","","","","","","","","","","","","","","","","","","","","","","","","","","","","","","","541","541","541","0.6824154853820801","0.6824154853820801","0.6824154853820801","0.4542146623134613","0.4542146623134613","0.4542146623134613","0.8592467904090881","0.8592467904090881","0.8592467904090881","539","539","539","0.6824154853820801","0.6824154853820801","0.6824154853820801","0.6417118906974792","0.6417118906974792","0.6417118906974792","0.7205183506011963","0.7205183506011963","0.7205183506011963"
"1.325437693099897","","","","","","","","","","","","","","","","","","","","","","","","","708","708","708","0.6411879062652588","0.6411879062652588","0.6411879062652588","0.3288213014602661","0.3288213014602661","0.3288213014602661","0.8477180004119873","0.8477180004119873","0.8477180004119873","","","","","","","","","","","","","","","","","","","","","","","","","","","","","","","","","","","",""
"1.3254795931505086","","","","","","","","","","","","","","","","","","","","","","","","","","","","","","","","","","","","","708","708","708","0.6808106899261475","0.6808106899261475","0.6808106899261475","0.4265463650226593","0.4265463650226593","0.4265463650226593","0.8510035276412964","0.8510035276412964","0.8510035276412964","","","","","","","","","","","","","","","","","","","","","","","",""
"1.3397457918241154","","","","","","","","","","","","","","","","","","","","","","","","","","","","","","","","","","","","","","","","","","","","","","","","","548","548","548","0.6829434633255005","0.6829434633255005","0.6829434633255005","0.45792698860168457","0.45792698860168457","0.45792698860168457","0.8571958541870117","0.8571958541870117","0.8571958541870117","546","546","546","0.6829434633255005","0.6829434633255005","0.6829434633255005","0.6422442197799683","0.6422442197799683","0.6422442197799683","0.7213540077209473","0.7213540077209473","0.7213540077209473"
"1.3569220199244245","","","","","","","","","","","","","","","","","","","","","","","","","","","","","","","","","","","","","","","","","","","","","","","","","555","555","555","0.6833143830299377","0.6833143830299377","0.6833143830299377","0.4534725248813629","0.4534725248813629","0.4534725248813629","0.8594914078712463","0.8594914078712463","0.8594914078712463","553","553","553","0.6833143830299377","0.6833143830299377","0.6833143830299377","0.6423422694206238","0.6423422694206238","0.6423422694206238","0.721660315990448","0.721660315990448","0.721660315990448"
"1.3656024716786819","","","","","","","","","","","","","","","","","","","","","","","","","730","730","730","0.6578154563903809","0.6578154563903809","0.6578154563903809","0.35736924409866333","0.35736924409866333","0.35736924409866333","0.8563228845596313","0.8563228845596313","0.8563228845596313","","","","","","","","","","","","","","","","","","","","","","","","","","","","","","","","","","","",""
"1.3656495429380713","","","","","","","","","","","","","","","","","","","","","","","","","","","","","","","","","","","","","730","730","730","0.6859006881713867","0.6859006881713867","0.6859006881713867","0.4398251175880432","0.4398251175880432","0.4398251175880432","0.8469923138618469","0.8469923138618469","0.8469923138618469","","","","","","","","","","","","","","","","","","","","","","","",""
"1.3736263736263736","2574","2574","2574","0.5609188675880432","0.5609188675880432","0.5609188675880432","0.34232622385025024","0.34232622385025024","0.34232622385025024","0.7588040232658386","0.7588040232658386","0.7588040232658386","2574","2574","2574","0.563305675983429","0.563305675983429","0.563305675983429","0.4337519407272339","0.4337519407272339","0.4337519407272339","0.6858139634132385","0.6858139634132385","0.6858139634132385","","","","","","","","","","","","","","","","","","","","","","","","","","","","","","","","","","","","","","","","","","","","","","","",""
"1.3740982480247337","","","","","","","","","","","","","","","","","","","","","","","","","","","","","","","","","","","","","","","","","","","","","","","","","562","562","562","0.6868597865104675","0.6868597865104675","0.6868597865104675","0.47119656205177307","0.47119656205177307","0.47119656205177307","0.8553457260131836","0.8553457260131836","0.8553457260131836","560","560","560","0.6868597865104675","0.6868597865104675","0.6868597865104675","0.6475692987442017","0.6475692987442017","0.6475692987442017","0.723976194858551","0.723976194858551","0.723976194858551"
"1.391274476125043","","","","","","","","","","","","","","","","","","","","","","","","","","","","","","","","","","","","","","","","","","","","","","","","","569","569","569","0.6863300204277039","0.6863300204277039","0.6863300204277039","0.46171334385871887","0.46171334385871887","0.46171334385871887","0.8534960746765137","0.8534960746765137","0.8534960746765137","567","567","567","0.6863300204277039","0.6863300204277039","0.6863300204277039","0.6459316611289978","0.6459316611289978","0.6459316611289978","0.7235920429229736","0.7235920429229736","0.7235920429229736"
"1.4057672502574665","","","","","","","","","","","","","","","","","","","","","","","","","751","751","751","0.6804726123809814","0.6804726123809814","0.6804726123809814","0.3813057541847229","0.3813057541847229","0.3813057541847229","0.8640066385269165","0.8640066385269165","0.8640066385269165","","","","","","","","","","","","","","","","","","","","","","","","","","","","","","","","","","","",""
"1.4058194927256342","","","","","","","","","","","","","","","","","","","","","","","","","","","","","","","","","","","","","751","751","751","0.6854960322380066","0.6854960322380066","0.6854960322380066","0.4437602758407593","0.4437602758407593","0.4437602758407593","0.8451264500617981","0.8451264500617981","0.8451264500617981","","","","","","","","","","","","","","","","","","","","","","","",""
"1.408450704225352","","","","","","","","","","","","","","","","","","","","","","","","","","","","","","","","","","","","","","","","","","","","","","","","","576","576","576","0.6807880997657776","0.6807880997657776","0.6807880997657776","0.4608922302722931","0.4608922302722931","0.4608922302722931","0.8559439778327942","0.8559439778327942","0.8559439778327942","574","574","574","0.6807880997657776","0.6807880997657776","0.6807880997657776","0.6420861482620239","0.6420861482620239","0.6420861482620239","0.7179019451141357","0.7179019451141357","0.7179019451141357"
"1.4256269323256614","","","","","","","","","","","","","","","","","","","","","","","","","","","","","","","","","","","","","","","","","","","","","","","","","583","583","583","0.6873135566711426","0.6873135566711426","0.6873135566711426","0.4694419205188751","0.4694419205188751","0.4694419205188751","0.8536918759346008","0.8536918759346008","0.8536918759346008","581","581","581","0.6873135566711426","0.6873135566711426","0.6873135566711426","0.6482977867126465","0.6482977867126465","0.6482977867126465","0.724052369594574","0.724052369594574","0.724052369594574"
"1.4285714285714286","2677","2677","2677","0.562013566493988","0.562013566493988","0.562013566493988","0.3455899953842163","0.3455899953842163","0.3455899953842163","0.7580772042274475","0.7580772042274475","0.7580772042274475","2677","2677","2677","0.5644626021385193","0.5644626021385193","0.5644626021385193","0.435979962348938","0.435979962348938","0.435979962348938","0.6858778595924377","0.6858778595924377","0.6858778595924377","","","","","","","","","","","","","","","","","","","","","","","","","","","","","","","","","","","","","","","","","","","","","","","",""
"1.4428031604259703","","","","","","","","","","","","","","","","","","","","","","","","","","","","","","","","","","","","","","","","","","","","","","","","","590","590","590","0.6837124824523926","0.6837124824523926","0.6837124824523926","0.460470587015152","0.460470587015152","0.460470587015152","0.8553339838981628","0.8553339838981628","0.8553339838981628","588","588","588","0.6837124824523926","0.6837124824523926","0.6837124824523926","0.6450193524360657","0.6450193524360657","0.6450193524360657","0.7204797863960266","0.7204797863960266","0.7204797863960266"
"1.4459320288362512","","","","","","","","","","","","","","","","","","","","","","","","","773","773","773","0.6813881993293762","0.6813881993293762","0.6813881993293762","0.3752598762512207","0.3752598762512207","0.3752598762512207","0.8675781488418579","0.8675781488418579","0.8675781488418579","","","","","","","","","","","","","","","","","","","","","","","","","","","","","","","","","","","",""
"1.4459894425131967","","","","","","","","","","","","","","","","","","","","","","","","","","","","","","","","","","","","","773","773","773","0.6726927757263184","0.6726927757263184","0.6726927757263184","0.4212799072265625","0.4212799072265625","0.4212799072265625","0.8369142413139343","0.8369142413139343","0.8369142413139343","","","","","","","","","","","","","","","","","","","","","","","",""
"1.4599793885262797","","","","","","","","","","","","","","","","","","","","","","","","","","","","","","","","","","","","","","","","","","","","","","","","","597","597","597","0.6829693913459778","0.6829693913459778","0.6829693913459778","0.46671682596206665","0.46671682596206665","0.46671682596206665","0.8546793460845947","0.8546793460845947","0.8546793460845947","595","595","595","0.6829693913459778","0.6829693913459778","0.6829693913459778","0.6454527378082275","0.6454527378082275","0.6454527378082275","0.719521701335907","0.719521701335907","0.719521701335907"
"1.4771556166265887","","","","","","","","","","","","","","","","","","","","","","","","","","","","","","","","","","","","","","","","","","","","","","","","","604","604","604","0.6817116141319275","0.6817116141319275","0.6817116141319275","0.4626437723636627","0.4626437723636627","0.4626437723636627","0.856361985206604","0.856361985206604","0.856361985206604","602","602","602","0.6817116141319275","0.6817116141319275","0.6817116141319275","0.6429409384727478","0.6429409384727478","0.6429409384727478","0.7189921736717224","0.7189921736717224","0.7189921736717224"
"1.4835164835164836","2780","2780","2780","0.5620741844177246","0.5620741844177246","0.5620741844177246","0.34754571318626404","0.34754571318626404","0.34754571318626404","0.756327748298645","0.756327748298645","0.756327748298645","2780","2780","2780","0.5645016431808472","0.5645016431808472","0.5645016431808472","0.43670788407325745","0.43670788407325745","0.43670788407325745","0.685240626335144","0.685240626335144","0.685240626335144","","","","","","","","","","","","","","","","","","","","","","","","","","","","","","","","","","","","","","","","","","","","","","","",""
"1.486096807415036","","","","","","","","","","","","","","","","","","","","","","","","","794","794","794","0.683289110660553","0.683289110660553","0.683289110660553","0.37883126735687256","0.37883126735687256","0.37883126735687256","0.8693919777870178","0.8693919777870178","0.8693919777870178","","","","","","","","","","","","","","","","","","","","","","","","","","","","","","","","","","","",""
"1.4861593923007597","","","","","","","","","","","","","","","","","","","","","","","","","","","","","","","","","","","","","794","794","794","0.6803263425827026","0.6803263425827026","0.6803263425827026","0.447711706161499","0.447711706161499","0.447711706161499","0.8460642695426941","0.8460642695426941","0.8460642695426941","","","","","","","","","","","","","","","","","","","","","","","",""
"1.494331844726898","","","","","","","","","","","","","","","","","","","","","","","","","","","","","","","","","","","","","","","","","","","","","","","","","611","611","611","0.684227466583252","0.684227466583252","0.684227466583252","0.47478291392326355","0.47478291392326355","0.47478291392326355","0.8555007576942444","0.8555007576942444","0.8555007576942444","609","609","609","0.684227466583252","0.684227466583252","0.684227466583252","0.6474985480308533","0.6474985480308533","0.6474985480308533","0.719923734664917","0.719923734664917","0.719923734664917"
"1.511508072827207","","","","","","","","","","","","","","","","","","","","","","","","","","","","","","","","","","","","","","","","","","","","","","","","","618","618","618","0.6867679357528687","0.6867679357528687","0.6867679357528687","0.4764319658279419","0.4764319658279419","0.4764319658279419","0.8540014028549194","0.8540014028549194","0.8540014028549194","616","616","616","0.6867679357528687","0.6867679357528687","0.6867679357528687","0.6494866609573364","0.6494866609573364","0.6494866609573364","0.7227985858917236","0.7227985858917236","0.7227985858917236"
"1.526261585993821","","","","","","","","","","","","","","","","","","","","","","","","","816","816","816","0.6742534637451172","0.6742534637451172","0.6742534637451172","0.371481716632843","0.371481716632843","0.371481716632843","0.864289402961731","0.864289402961731","0.864289402961731","","","","","","","","","","","","","","","","","","","","","","","","","","","","","","","","","","","",""
"1.5263293420883224","","","","","","","","","","","","","","","","","","","","","","","","","","","","","","","","","","","","","816","816","816","0.6787011623382568","0.6787011623382568","0.6787011623382568","0.4439184367656708","0.4439184367656708","0.4439184367656708","0.8409204483032227","0.8409204483032227","0.8409204483032227","","","","","","","","","","","","","","","","","","","","","","","",""
"1.5286843009275164","","","","","","","","","","","","","","","","","","","","","","","","","","","","","","","","","","","","","","","","","","","","","","","","","625","625","625","0.6825570464134216","0.6825570464134216","0.6825570464134216","0.46959757804870605","0.46959757804870605","0.46959757804870605","0.8498333096504211","0.8498333096504211","0.8498333096504211","623","623","623","0.6825570464134216","0.6825570464134216","0.6825570464134216","0.6446633338928223","0.6446633338928223","0.6446633338928223","0.7186910510063171","0.7186910510063171","0.7186910510063171"
"1.5384615384615383","2883","2883","2883","0.5619849562644958","0.5619849562644958","0.5619849562644958","0.34718602895736694","0.34718602895736694","0.34718602895736694","0.756396472454071","0.756396472454071","0.756396472454071","2883","2883","2883","0.5639825463294983","0.5639825463294983","0.5639825463294983","0.4376900792121887","0.4376900792121887","0.4376900792121887","0.6834352612495422","0.6834352612495422","0.6834352612495422","","","","","","","","","","","","","","","","","","","","","","","","","","","","","","","","","","","","","","","","","","","","","","","",""
"1.5458605290278253","","","","","","","","","","","","","","","","","","","","","","","","","","","","","","","","","","","","","","","","","","","","","","","","","632","632","632","0.6849960684776306","0.6849960684776306","0.6849960684776306","0.47084179520606995","0.47084179520606995","0.47084179520606995","0.8486421704292297","0.8486421704292297","0.8486421704292297","630","630","630","0.6849960684776306","0.6849960684776306","0.6849960684776306","0.6458610892295837","0.6458610892295837","0.6458610892295837","0.7221245169639587","0.7221245169639587","0.7221245169639587"
"1.5630367571281347","","","","","","","","","","","","","","","","","","","","","","","","","","","","","","","","","","","","","","","","","","","","","","","","","639","639","639","0.6862708926200867","0.6862708926200867","0.6862708926200867","0.4626363217830658","0.4626363217830658","0.4626363217830658","0.85495525598526","0.85495525598526","0.85495525598526","637","637","637","0.6862708926200867","0.6862708926200867","0.6862708926200867","0.646660566329956","0.646660566329956","0.646660566329956","0.7234354019165039","0.7234354019165039","0.7234354019165039"
"1.5664263645726055","","","","","","","","","","","","","","","","","","","","","","","","","837","837","837","0.6998226046562195","0.6998226046562195","0.6998226046562195","0.4077577590942383","0.4077577590942383","0.4077577590942383","0.8754322528839111","0.8754322528839111","0.8754322528839111","","","","","","","","","","","","","","","","","","","","","","","","","","","","","","","","","","","",""
"1.566499291875885","","","","","","","","","","","","","","","","","","","","","","","","","","","","","","","","","","","","","837","837","837","0.6735389232635498","0.6735389232635498","0.6735389232635498","0.43214139342308044","0.43214139342308044","0.43214139342308044","0.8481487035751343","0.8481487035751343","0.8481487035751343","","","","","","","","","","","","","","","","","","","","","","","",""
"1.5802129852284437","","","","","","","","","","","","","","","","","","","","","","","","","","","","","","","","","","","","","","","","","","","","","","","","","646","646","646","0.6856319904327393","0.6856319904327393","0.6856319904327393","0.46459752321243286","0.46459752321243286","0.46459752321243286","0.8540621399879456","0.8540621399879456","0.8540621399879456","644","644","644","0.6856319904327393","0.6856319904327393","0.6856319904327393","0.6470402479171753","0.6470402479171753","0.6470402479171753","0.7219814658164978","0.7219814658164978","0.7219814658164978"
"1.5934065934065935","2986","2986","2986","0.5620043277740479","0.5620043277740479","0.5620043277740479","0.34898239374160767","0.34898239374160767","0.34898239374160767","0.7551363706588745","0.7551363706588745","0.7551363706588745","2986","2986","2986","0.5638269186019897","0.5638269186019897","0.5638269186019897","0.4379500448703766","0.4379500448703766","0.4379500448703766","0.6829455494880676","0.6829455494880676","0.6829455494880676","","","","","","","","","","","","","","","","","","","","","","","","","","","","","","","","","","","","","","","","","","","","","","","",""
"1.597389213328753","","","","","","","","","","","","","","","","","","","","","","","","","","","","","","","","","","","","","","","","","","","","","","","","","653","653","653","0.683652937412262","0.683652937412262","0.683652937412262","0.45987555384635925","0.45987555384635925","0.45987555384635925","0.8541060090065002","0.8541060090065002","0.8541060090065002","651","651","651","0.683652937412262","0.683652937412262","0.683652937412262","0.646115779876709","0.646115779876709","0.646115779876709","0.718844473361969","0.718844473361969","0.718844473361969"
"1.6065911431513902","","","","","","","","","","","","","","","","","","","","","","","","","859","859","859","0.6863978505134583","0.6863978505134583","0.6863978505134583","0.3933592438697815","0.3933592438697815","0.3933592438697815","0.8739240169525146","0.8739240169525146","0.8739240169525146","","","","","","","","","","","","","","","","","","","","","","","","","","","","","","","","","","","",""
"1.606669241663448","","","","","","","","","","","","","","","","","","","","","","","","","","","","","","","","","","","","","859","859","859","0.6710137128829956","0.6710137128829956","0.6710137128829956","0.4208132028579712","0.4208132028579712","0.4208132028579712","0.8502432107925415","0.8502432107925415","0.8502432107925415","","","","","","","","","","","","","","","","","","","","","","","",""
"1.6145654414290622","","","","","","","","","","","","","","","","","","","","","","","","","","","","","","","","","","","","","","","","","","","","","","","","","660","660","660","0.6838903427124023","0.6838903427124023","0.6838903427124023","0.4646361768245697","0.4646361768245697","0.4646361768245697","0.854613184928894","0.854613184928894","0.854613184928894","658","658","658","0.6838903427124023","0.6838903427124023","0.6838903427124023","0.6457895636558533","0.6457895636558533","0.6457895636558533","0.7200368642807007","0.7200368642807007","0.7200368642807007"
"1.6317416695293714","","","","","","","","","","","","","","","","","","","","","","","","","","","","","","","","","","","","","","","","","","","","","","","","","667","667","667","0.6843191385269165","0.6843191385269165","0.6843191385269165","0.4633340537548065","0.4633340537548065","0.4633340537548065","0.8551801443099976","0.8551801443099976","0.8551801443099976","665","665","665","0.6843191385269165","0.6843191385269165","0.6843191385269165","0.6464676260948181","0.6464676260948181","0.6464676260948181","0.7203514575958252","0.7203514575958252","0.7203514575958252"
"1.646755921730175","","","","","","","","","","","","","","","","","","","","","","","","","880","880","880","0.6833348870277405","0.6833348870277405","0.6833348870277405","0.38460952043533325","0.38460952043533325","0.38460952043533325","0.8711904287338257","0.8711904287338257","0.8711904287338257","","","","","","","","","","","","","","","","","","","","","","","","","","","","","","","","","","","",""
"1.6468391914510105","","","","","","","","","","","","","","","","","","","","","","","","","","","","","","","","","","","","","880","880","880","0.6742103099822998","0.6742103099822998","0.6742103099822998","0.43489959836006165","0.43489959836006165","0.43489959836006165","0.8408104181289673","0.8408104181289673","0.8408104181289673","","","","","","","","","","","","","","","","","","","","","","","",""
"1.6483516483516483","3089","3089","3089","0.5630855560302734","0.5630855560302734","0.5630855560302734","0.35102835297584534","0.35102835297584534","0.35102835297584534","0.7553355097770691","0.7553355097770691","0.7553355097770691","3089","3089","3089","0.5649771690368652","0.5649771690368652","0.5649771690368652","0.4406607449054718","0.4406607449054718","0.4406607449054718","0.6827107667922974","0.6827107667922974","0.6827107667922974","","","","","","","","","","","","","","","","","","","","","","","","","","","","","","","","","","","","","","","","","","","","","","","",""
"1.6489178976296806","","","","","","","","","","","","","","","","","","","","","","","","","","","","","","","","","","","","","","","","","","","","","","","","","674","674","674","0.6846319437026978","0.6846319437026978","0.6846319437026978","0.4685538411140442","0.4685538411140442","0.4685538411140442","0.8547059893608093","0.8547059893608093","0.8547059893608093","672","672","672","0.6846319437026978","0.6846319437026978","0.6846319437026978","0.6475586295127869","0.6475586295127869","0.6475586295127869","0.7200027108192444","0.7200027108192444","0.7200027108192444"
"1.6660941257299897","","","","","","","","","","","","","","","","","","","","","","","","","","","","","","","","","","","","","","","","","","","","","","","","","681","681","681","0.6844656467437744","0.6844656467437744","0.6844656467437744","0.4712272584438324","0.4712272584438324","0.4712272584438324","0.8535482883453369","0.8535482883453369","0.8535482883453369","679","679","679","0.6844656467437744","0.6844656467437744","0.6844656467437744","0.6469674706459045","0.6469674706459045","0.6469674706459045","0.7201419472694397","0.7201419472694397","0.7201419472694397"
"1.6832703538302989","","","","","","","","","","","","","","","","","","","","","","","","","","","","","","","","","","","","","","","","","","","","","","","","","688","688","688","0.6833589673042297","0.6833589673042297","0.6833589673042297","0.46671435236930847","0.46671435236930847","0.46671435236930847","0.8521285057067871","0.8521285057067871","0.8521285057067871","686","686","686","0.6833589673042297","0.6833589673042297","0.6833589673042297","0.646412193775177","0.646412193775177","0.646412193775177","0.7187092304229736","0.7187092304229736","0.7187092304229736"
"1.68692070030896","","","","","","","","","","","","","","","","","","","","","","","","","902","902","902","0.6863495111465454","0.6863495111465454","0.6863495111465454","0.3996567130088806","0.3996567130088806","0.3996567130088806","0.8690555095672607","0.8690555095672607","0.8690555095672607","","","","","","","","","","","","","","","","","","","","","","","","","","","","","","","","","","","",""
"1.6870091412385735","","","","","","","","","","","","","","","","","","","","","","","","","","","","","","","","","","","","","902","902","902","0.669650673866272","0.669650673866272","0.669650673866272","0.43791162967681885","0.43791162967681885","0.43791162967681885","0.839055061340332","0.839055061340332","0.839055061340332","","","","","","","","","","","","","","","","","","","","","","","",""
"1.700446581930608","","","","","","","","","","","","","","","","","","","","","","","","","","","","","","","","","","","","","","","","","","","","","","","","","695","695","695","0.6821866035461426","0.6821866035461426","0.6821866035461426","0.47157713770866394","0.47157713770866394","0.47157713770866394","0.8513433337211609","0.8513433337211609","0.8513433337211609","693","693","693","0.6821866035461426","0.6821866035461426","0.6821866035461426","0.6452754735946655","0.6452754735946655","0.6452754735946655","0.7175140380859375","0.7175140380859375","0.7175140380859375"
"1.7032967032967035","3192","3192","3192","0.5635281205177307","0.5635281205177307","0.5635281205177307","0.35346895456314087","0.35346895456314087","0.35346895456314087","0.7538649439811707","0.7538649439811707","0.7538649439811707","3192","3192","3192","0.5653449296951294","0.5653449296951294","0.5653449296951294","0.4408577084541321","0.4408577084541321","0.4408577084541321","0.6830080151557922","0.6830080151557922","0.6830080151557922","","","","","","","","","","","","","","","","","","","","","","","","","","","","","","","","","","","","","","","","","","","","","","","",""
"1.7176228100309172","","","","","","","","","","","","","","","","","","","","","","","","","","","","","","","","","","","","","","","","","","","","","","","","","702","702","702","0.6836352944374084","0.6836352944374084","0.6836352944374084","0.4764273762702942","0.4764273762702942","0.4764273762702942","0.8503451347351074","0.8503451347351074","0.8503451347351074","700","700","700","0.6836352944374084","0.6836352944374084","0.6836352944374084","0.647406816482544","0.647406816482544","0.647406816482544","0.7180594205856323","0.7180594205856323","0.7180594205856323"
"1.7270854788877446","","","","","","","","","","","","","","","","","","","","","","","","","923","923","923","0.6684143543243408","0.6684143543243408","0.6684143543243408","0.376506507396698","0.376506507396698","0.376506507396698","0.8591060042381287","0.8591060042381287","0.8591060042381287","","","","","","","","","","","","","","","","","","","","","","","","","","","","","","","","","","","",""
"1.7271790910261362","","","","","","","","","","","","","","","","","","","","","","","","","","","","","","","","","","","","","923","923","923","0.6755940914154053","0.6755940914154053","0.6755940914154053","0.4332601726055145","0.4332601726055145","0.4332601726055145","0.8449040651321411","0.8449040651321411","0.8449040651321411","","","","","","","","","","","","","","","","","","","","","","","",""
"1.7347990381312264","","","","","","","","","","","","","","","","","","","","","","","","","","","","","","","","","","","","","","","","","","","","","","","","","709","709","709","0.6864158511161804","0.6864158511161804","0.6864158511161804","0.48031583428382874","0.48031583428382874","0.48031583428382874","0.845421552658081","0.845421552658081","0.845421552658081","707","707","707","0.6864158511161804","0.6864158511161804","0.6864158511161804","0.6515693664550781","0.6515693664550781","0.6515693664550781","0.7191317677497864","0.7191317677497864","0.7191317677497864"
"1.7519752662315355","","","","","","","","","","","","","","","","","","","","","","","","","","","","","","","","","","","","","","","","","","","","","","","","","716","716","716","0.6850363612174988","0.6850363612174988","0.6850363612174988","0.48106300830841064","0.48106300830841064","0.48106300830841064","0.8452199697494507","0.8452199697494507","0.8452199697494507","714","714","714","0.6850363612174988","0.6850363612174988","0.6850363612174988","0.6503063440322876","0.6503063440322876","0.6503063440322876","0.7178348302841187","0.7178348302841187","0.7178348302841187"
"1.7582417582417582","3295","3295","3295","0.5653743147850037","0.5653743147850037","0.5653743147850037","0.3566862940788269","0.3566862940788269","0.3566862940788269","0.7540355324745178","0.7540355324745178","0.7540355324745178","3295","3295","3295","0.5669480562210083","0.5669480562210083","0.5669480562210083","0.44362494349479675","0.44362494349479675","0.44362494349479675","0.6836000084877014","0.6836000084877014","0.6836000084877014","","","","","","","","","","","","","","","","","","","","","","","","","","","","","","","","","","","","","","","","","","","","","","","",""
"1.7672502574665292","","","","","","","","","","","","","","","","","","","","","","","","","945","945","945","0.6728596687316895","0.6728596687316895","0.6728596687316895","0.3785693645477295","0.3785693645477295","0.3785693645477295","0.8608356714248657","0.8608356714248657","0.8608356714248657","","","","","","","","","","","","","","","","","","","","","","","","","","","","","","","","","","","",""
"1.767349040813699","","","","","","","","","","","","","","","","","","","","","","","","","","","","","","","","","","","","","945","945","945","0.6690518856048584","0.6690518856048584","0.6690518856048584","0.41281771659851074","0.41281771659851074","0.41281771659851074","0.842179536819458","0.842179536819458","0.842179536819458","","","","","","","","","","","","","","","","","","","","","","","",""
"1.7691514943318447","","","","","","","","","","","","","","","","","","","","","","","","","","","","","","","","","","","","","","","","","","","","","","","","","723","723","723","0.6850708723068237","0.6850708723068237","0.6850708723068237","0.47912076115608215","0.47912076115608215","0.47912076115608215","0.8435763716697693","0.8435763716697693","0.8435763716697693","721","721","721","0.6850708723068237","0.6850708723068237","0.6850708723068237","0.6495954990386963","0.6495954990386963","0.6495954990386963","0.7186505794525146","0.7186505794525146","0.7186505794525146"
"1.7863277224321539","","","","","","","","","","","","","","","","","","","","","","","","","","","","","","","","","","","","","","","","","","","","","","","","","730","730","730","0.6866563558578491","0.6866563558578491","0.6866563558578491","0.48079201579093933","0.48079201579093933","0.48079201579093933","0.8436119556427002","0.8436119556427002","0.8436119556427002","728","728","728","0.6866563558578491","0.6866563558578491","0.6866563558578491","0.6509441137313843","0.6509441137313843","0.6509441137313843","0.7204123139381409","0.7204123139381409","0.7204123139381409"
"1.803503950532463","","","","","","","","","","","","","","","","","","","","","","","","","","","","","","","","","","","","","","","","","","","","","","","","","737","737","737","0.6847841739654541","0.6847841739654541","0.6847841739654541","0.4803828001022339","0.4803828001022339","0.4803828001022339","0.8432532548904419","0.8432532548904419","0.8432532548904419","735","735","735","0.6847841739654541","0.6847841739654541","0.6847841739654541","0.6492263674736023","0.6492263674736023","0.6492263674736023","0.7187719941139221","0.7187719941139221","0.7187719941139221"
"1.807415036045314","","","","","","","","","","","","","","","","","","","","","","","","","966","966","966","0.6685694456100464","0.6685694456100464","0.6685694456100464","0.37347254157066345","0.37347254157066345","0.37347254157066345","0.8527103662490845","0.8527103662490845","0.8527103662490845","","","","","","","","","","","","","","","","","","","","","","","","","","","","","","","","","","","",""
"1.8075189906012619","","","","","","","","","","","","","","","","","","","","","","","","","","","","","","","","","","","","","966","966","966","0.6759121417999268","0.6759121417999268","0.6759121417999268","0.43585360050201416","0.43585360050201416","0.43585360050201416","0.8360306024551392","0.8360306024551392","0.8360306024551392","","","","","","","","","","","","","","","","","","","","","","","",""
"1.8131868131868132","3398","3398","3398","0.5656004548072815","0.5656004548072815","0.5656004548072815","0.35805633664131165","0.35805633664131165","0.35805633664131165","0.7531425356864929","0.7531425356864929","0.7531425356864929","3398","3398","3398","0.5674104690551758","0.5674104690551758","0.5674104690551758","0.445649117231369","0.445649117231369","0.445649117231369","0.6826319098472595","0.6826319098472595","0.6826319098472595","","","","","","","","","","","","","","","","","","","","","","","","","","","","","","","","","","","","","","","","","","","","","","","",""
"1.8206801786327722","","","","","","","","","","","","","","","","","","","","","","","","","","","","","","","","","","","","","","","","","","","","","","","","","744","744","744","0.6833391785621643","0.6833391785621643","0.6833391785621643","0.48141300678253174","0.48141300678253174","0.48141300678253174","0.8432726263999939","0.8432726263999939","0.8432726263999939","742","742","742","0.6833391785621643","0.6833391785621643","0.6833391785621643","0.6488059163093567","0.6488059163093567","0.6488059163093567","0.7163680195808411","0.7163680195808411","0.7163680195808411"
"1.8378564067330814","","","","","","","","","","","","","","","","","","","","","","","","","","","","","","","","","","","","","","","","","","","","","","","","","751","751","751","0.6841330528259277","0.6841330528259277","0.6841330528259277","0.4846864342689514","0.4846864342689514","0.4846864342689514","0.8413532376289368","0.8413532376289368","0.8413532376289368","749","749","749","0.6841330528259277","0.6841330528259277","0.6841330528259277","0.6503802537918091","0.6503802537918091","0.6503802537918091","0.716529905796051","0.716529905796051","0.716529905796051"
"1.847579814624099","","","","","","","","","","","","","","","","","","","","","","","","","988","988","988","0.6599850058555603","0.6599850058555603","0.6599850058555603","0.3611217141151428","0.3611217141151428","0.3611217141151428","0.8524476885795593","0.8524476885795593","0.8524476885795593","","","","","","","","","","","","","","","","","","","","","","","","","","","","","","","","","","","",""
"1.8476889403888244","","","","","","","","","","","","","","","","","","","","","","","","","","","","","","","","","","","","","988","988","988","0.6701414585113525","0.6701414585113525","0.6701414585113525","0.428041934967041","0.428041934967041","0.428041934967041","0.8410863876342773","0.8410863876342773","0.8410863876342773","","","","","","","","","","","","","","","","","","","","","","","",""
"1.8550326348333905","","","","","","","","","","","","","","","","","","","","","","","","","","","","","","","","","","","","","","","","","","","","","","","","","758","758","758","0.6856972575187683","0.6856972575187683","0.6856972575187683","0.4871582090854645","0.4871582090854645","0.4871582090854645","0.8405401706695557","0.8405401706695557","0.8405401706695557","756","756","756","0.6856972575187683","0.6856972575187683","0.6856972575187683","0.6522705554962158","0.6522705554962158","0.6522705554962158","0.7175470590591431","0.7175470590591431","0.7175470590591431"
"1.8681318681318682","3501","3501","3501","0.5649276971817017","0.5649276971817017","0.5649276971817017","0.3582684397697449","0.3582684397697449","0.3582684397697449","0.7520495057106018","0.7520495057106018","0.7520495057106018","3501","3501","3501","0.5661132335662842","0.5661132335662842","0.5661132335662842","0.4447280466556549","0.4447280466556549","0.4447280466556549","0.6811047792434692","0.6811047792434692","0.6811047792434692","","","","","","","","","","","","","","","","","","","","","","","","","","","","","","","","","","","","","","","","","","","","","","","",""
"1.8722088629336997","","","","","","","","","","","","","","","","","","","","","","","","","","","","","","","","","","","","","","","","","","","","","","","","","765","765","765","0.6843922734260559","0.6843922734260559","0.6843922734260559","0.4866216778755188","0.4866216778755188","0.4866216778755188","0.841096043586731","0.841096043586731","0.841096043586731","763","763","763","0.6843922734260559","0.6843922734260559","0.6843922734260559","0.6510135531425476","0.6510135531425476","0.6510135531425476","0.7163901925086975","0.7163901925086975","0.7163901925086975"
"1.8877445932028838","","","","","","","","","","","","","","","","","","","","","","","","","1009","1009","1009","0.6929328441619873","0.6929328441619873","0.6929328441619873","0.4183131456375122","0.4183131456375122","0.4183131456375122","0.8656535744667053","0.8656535744667053","0.8656535744667053","","","","","","","","","","","","","","","","","","","","","","","","","","","","","","","","","","","",""
"1.8878588901763873","","","","","","","","","","","","","","","","","","","","","","","","","","","","","","","","","","","","","1009","1009","1009","0.6539553999900818","0.6539553999900818","0.6539553999900818","0.4186364710330963","0.4186364710330963","0.4186364710330963","0.8335992693901062","0.8335992693901062","0.8335992693901062","","","","","","","","","","","","","","","","","","","","","","","",""
"1.889385091034009","","","","","","","","","","","","","","","","","","","","","","","","","","","","","","","","","","","","","","","","","","","","","","","","","772","772","772","0.6832380890846252","0.6832380890846252","0.6832380890846252","0.4884853959083557","0.4884853959083557","0.4884853959083557","0.8411290049552917","0.8411290049552917","0.8411290049552917","770","770","770","0.6832380890846252","0.6832380890846252","0.6832380890846252","0.6500835418701172","0.6500835418701172","0.6500835418701172","0.7151861190795898","0.7151861190795898","0.7151861190795898"
"1.906561319134318","","","","","","","","","","","","","","","","","","","","","","","","","","","","","","","","","","","","","","","","","","","","","","","","","779","779","779","0.6829922795295715","0.6829922795295715","0.6829922795295715","0.4880877733230591","0.4880877733230591","0.4880877733230591","0.8407445549964905","0.8407445549964905","0.8407445549964905","777","777","777","0.6829922795295715","0.6829922795295715","0.6829922795295715","0.6497384905815125","0.6497384905815125","0.6497384905815125","0.7150319218635559","0.7150319218635559","0.7150319218635559"
"1.9230769230769231","3604","3604","3604","0.5663563013076782","0.5663563013076782","0.5663563013076782","0.36160963773727417","0.36160963773727417","0.36160963773727417","0.7515695691108704","0.7515695691108704","0.7515695691108704","3604","3604","3604","0.5674102306365967","0.5674102306365967","0.5674102306365967","0.44684067368507385","0.44684067368507385","0.44684067368507385","0.6816202402114868","0.6816202402114868","0.6816202402114868","","","","","","","","","","","","","","","","","","","","","","","","","","","","","","","","","","","","","","","","","","","","","","","",""
"1.9237375472346274","","","","","","","","","","","","","","","","","","","","","","","","","","","","","","","","","","","","","","","","","","","","","","","","","786","786","786","0.6825000047683716","0.6825000047683716","0.6825000047683716","0.487914115190506","0.487914115190506","0.487914115190506","0.8414493799209595","0.8414493799209595","0.8414493799209595","784","784","784","0.6825000047683716","0.6825000047683716","0.6825000047683716","0.6490702629089355","0.6490702629089355","0.6490702629089355","0.714798092842102","0.714798092842102","0.714798092842102"
"1.9279093717816684","","","","","","","","","","","","","","","","","","","","","","","","","1031","1031","1031","0.6728062033653259","0.6728062033653259","0.6728062033653259","0.3962114155292511","0.3962114155292511","0.3962114155292511","0.8562724590301514","0.8562724590301514","0.8562724590301514","","","","","","","","","","","","","","","","","","","","","","","","","","","","","","","","","","","",""
"1.92802883996395","","","","","","","","","","","","","","","","","","","","","","","","","","","","","","","","","","","","","1031","1031","1031","0.6649495959281921","0.6649495959281921","0.6649495959281921","0.4327075481414795","0.4327075481414795","0.4327075481414795","0.8305997848510742","0.8305997848510742","0.8305997848510742","","","","","","","","","","","","","","","","","","","","","","","",""
"1.9409137753349364","","","","","","","","","","","","","","","","","","","","","","","","","","","","","","","","","","","","","","","","","","","","","","","","","793","793","793","0.6837827563285828","0.6837827563285828","0.6837827563285828","0.48936498165130615","0.48936498165130615","0.48936498165130615","0.8410003781318665","0.8410003781318665","0.8410003781318665","791","791","791","0.6837827563285828","0.6837827563285828","0.6837827563285828","0.6504092216491699","0.6504092216491699","0.6504092216491699","0.7159580588340759","0.7159580588340759","0.7159580588340759"
"1.9580900034352458","","","","","","","","","","","","","","","","","","","","","","","","","","","","","","","","","","","","","","","","","","","","","","","","","800","800","800","0.6842629313468933","0.6842629313468933","0.6842629313468933","0.4908488690853119","0.4908488690853119","0.4908488690853119","0.8402162194252014","0.8402162194252014","0.8402162194252014","798","798","798","0.6842629313468933","0.6842629313468933","0.6842629313468933","0.6510866284370422","0.6510866284370422","0.6510866284370422","0.7162203788757324","0.7162203788757324","0.7162203788757324"
"1.968074150360453","","","","","","","","","","","","","","","","","","","","","","","","","1052","1052","1052","0.6858810186386108","0.6858810186386108","0.6858810186386108","0.4072601795196533","0.4072601795196533","0.4072601795196533","0.8629580140113831","0.8629580140113831","0.8629580140113831","","","","","","","","","","","","","","","","","","","","","","","","","","","","","","","","","","","",""
"1.9681987897515127","","","","","","","","","","","","","","","","","","","","","","","","","","","","","","","","","","","","","1052","1052","1052","0.6699318885803223","0.6699318885803223","0.6699318885803223","0.43398353457450867","0.43398353457450867","0.43398353457450867","0.8365136981010437","0.8365136981010437","0.8365136981010437","","","","","","","","","","","","","","","","","","","","","","","",""
"1.9752662315355547","","","","","","","","","","","","","","","","","","","","","","","","","","","","","","","","","","","","","","","","","","","","","","","","","807","807","807","0.6843517422676086","0.6843517422676086","0.6843517422676086","0.49125561118125916","0.49125561118125916","0.49125561118125916","0.8399903774261475","0.8399903774261475","0.8399903774261475","805","805","805","0.6843517422676086","0.6843517422676086","0.6843517422676086","0.6512331962585449","0.6512331962585449","0.6512331962585449","0.71625155210495","0.71625155210495","0.71625155210495"
"1.978021978021978","3707","3707","3707","0.5645917057991028","0.5645917057991028","0.5645917057991028","0.36038705706596375","0.36038705706596375","0.36038705706596375","0.7496986389160156","0.7496986389160156","0.7496986389160156","3707","3707","3707","0.5658740401268005","0.5658740401268005","0.5658740401268005","0.445221483707428","0.445221483707428","0.445221483707428","0.6802905797958374","0.6802905797958374","0.6802905797958374","","","","","","","","","","","","","","","","","","","","","","","","","","","","","","","","","","","","","","","","","","","","","","","",""
"1.992442459635864","","","","","","","","","","","","","","","","","","","","","","","","","","","","","","","","","","","","","","","","","","","","","","","","","814","814","814","0.6845002770423889","0.6845002770423889","0.6845002770423889","0.49185383319854736","0.49185383319854736","0.49185383319854736","0.8397093415260315","0.8397093415260315","0.8397093415260315","812","812","812","0.6845002770423889","0.6845002770423889","0.6845002770423889","0.6515049338340759","0.6515049338340759","0.6515049338340759","0.7162836790084839","0.7162836790084839","0.7162836790084839"
